 Welcome to the cosmological hydrodynamical code
    ______       _________________
   / ___/ |     / /  _/ ___/_  __/
   \__ \| | /| / // // /_   / /   
  ___/ /| |/ |/ // // __/  / /    
 /____/ |__/|__/___/_/    /_/     
 SPH With Inter-dependent Fine-grained Tasking

 Version : 2025.10
 Revision: v2025.10-64-g7f28a1f1, Branch: master, Date: 2026-01-24 16:57:59 +0100
 Webpage : www.swiftsim.com

 Config. options: '--with-gravity=with-multi-softening'

 Compiler: GCC, Version: 13.3.0
 CFLAGS  : '-flto -O3 -fomit-frame-pointer -malign-double -fstrict-aliasing -ffast-math -funroll-loops -march=amdfam10 -mavx2 -pthread -Wall -Wextra -Wno-unused-parameter -Wshadow -Werror -Wno-alloc-size-larger-than -Wstrict-prototypes'

 HDF5 library version     : 1.10.10

[00000.0] main: CPU frequency used for tick conversion: 2504386422 Hz
[00000.0] main: Running on: N136
[00000.0] main: sizeof(part)          is  160 bytes.
[00000.0] main: sizeof(xpart)         is   96 bytes.
[00000.0] main: sizeof(sink)          is   96 bytes.
[00000.0] main: sizeof(spart)         is  128 bytes.
[00000.0] main: sizeof(bpart)         is  128 bytes.
[00000.0] main: sizeof(gpart)         is   96 bytes.
[00000.0] main: sizeof(gpart_foreign) is   40 bytes.
[00000.0] main: sizeof(multipole)     is  192 bytes.
[00000.0] main: sizeof(grav_tensor)   is  144 bytes.
[00000.0] main: sizeof(task)          is   96 bytes.
[00000.0] main: sizeof(cell)          is 1088 bytes.
[00000.0] main: Reading runtime parameters from file 'config.yml'
[00000.0] main: Internal unit system: U_M = 1.000000e+03 g.
[00000.0] main: Internal unit system: U_L = 1.000000e+02 cm.
[00000.0] main: Internal unit system: U_t = 1.000000e+00 s.
[00000.0] main: Internal unit system: U_I = 1.000000e+00 A.
[00000.0] main: Internal unit system: U_T = 1.000000e+00 K.
[00000.0] phys_const_print:    Gravitational constant = 6.674080e-08
[00000.0] phys_const_print:            Speed of light = 2.997925e+08
[00000.0] phys_const_print:           Planck constant = 6.626070e-34
[00000.0] phys_const_print:        Boltzmann constant = 1.380649e-23
[00000.0] phys_const_print:     Thomson cross-section = 6.652459e-29
[00000.0] phys_const_print:             Electron-Volt = 1.602177e-19
[00000.0] phys_const_print:       Vacuum permeability = 1.256637e-06
[00000.0] phys_const_print:               Proton mass = 1.672622e-27
[00000.0] phys_const_print:                      Year = 3.155693e+07
[00000.0] phys_const_print:                    Parsec = 3.085678e+16
[00000.0] phys_const_print:         Astronomical Unit = 1.495979e+11
[00000.0] phys_const_print:              Earth radius = 6.378100e+06
[00000.0] phys_const_print:                Solar mass = 1.988410e+30
[00000.0] phys_const_print:          Solar luminosity = 3.828000e+26
[00000.0] phys_const_print:    H_0 / h = 100 km/s/Mpc = 3.240779e-18
[00000.0] phys_const_print:                    T_CMB0 = 2.725500e+00
[00000.0] cooling_print_backend: Cooling function is 'No cooling'.
[00000.0] chemistry_print_backend: Chemistry function is 'No chemistry'.
[00000.0] main: Reading ICs from file 'IC.hdf5'
[00000.0] io_read_unit_system: Reading IC units from ICs.
[00000.0] read_ic_single: IC and internal units match. No conversion needed.
[00000.0] ic_info_read_hdf5: Metadata group ICs_parameters not found in ICs file
[00000.0] main: Reading initial conditions took 42.920 ms.
[00000.0] main: Read 0 gas particles, 0 sink particles, 0 star particles, 0 black hole particles, 1000 DM particles, 0 DM background particles, and 0 neutrino DM particles from the ICs.
[00000.1] main: space_init took 3.969 ms.
[00000.1] potential_print_backend: External potential is 'No external potential'.
[00000.1] forcing_terms_print: Forcing terms is 'No forcing terms'.
[00000.1] main: space dimensions are [ 14959787070000.000 14959787070000.000 14959787070000.000 ].
[00000.1] main: space isn't periodic.
[00000.1] main: highest-level cell dimensions are [ 12 12 12 ].
[00000.1] main: 0 parts in 1728 cells.
[00000.1] main: 1000 gparts in 1728 cells.
[00000.1] main: 0 sinks in 1728 cells.
[00000.1] main: 0 sparts in 1728 cells.
[00000.1] main: 0 bparts in 1728 cells.
[00000.1] main: maximum depth is 0.
[00000.1] engine_init: took 0.127 ms.
[00000.1] engine_config: Running simulation 'Untitled SWIFT simulation'.
[00000.1] engine_config: no processor affinity used
[00000.1] engine_policy: engine policies are [  'steal'  'keep'  'numa affinity'  'self gravity'  ]
[00000.1] gravity_props_print: Self-gravity scheme: With per-particle softening
[00000.1] gravity_props_print: Self-gravity scheme: FMM-MM with m-poles of order 4
[00000.1] gravity_props_print: Self-gravity time integration: eta=0.0250
[00000.1] gravity_props_print: Self-gravity opening angle scheme:  adaptive
[00000.1] gravity_props_print: Self-gravity opening angle:  epsilon_fmm=0.001000
[00000.1] gravity_props_print: Self-gravity softening functional form: Wendland-C2
[00000.1] gravity_props_print: Self-gravity DM comoving softening: epsilon=30000000.000000 (Plummer equivalent: 10000000.000000)
[00000.1] gravity_props_print: Self-gravity DM maximal physical softening:    epsilon=30000000.000000 (Plummer equivalent: 10000000.000000)
[00000.1] gravity_props_print: Self-gravity baryon comoving softening: epsilon=0.000000 (Plummer equivalent: 0.000000)
[00000.1] gravity_props_print: Self-gravity baryon maximal physical softening:    epsilon=0.000000 (Plummer equivalent: 0.000000)
[00000.1] gravity_props_print: Self-gravity neutrino DM comoving softening: epsilon=0.000000 (Plummer equivalent: 0.000000)
[00000.1] gravity_props_print: Self-gravity neutrino DM maximal physical softening:    epsilon=0.000000 (Plummer equivalent: 0.000000)
[00000.1] gravity_props_print: Self-gravity mesh side-length: N=0
[00000.1] gravity_props_print: Self-gravity mesh smoothing-scale: a_smooth=0.000000
[00000.1] gravity_props_print: Self-gravity distributed mesh enabled: 0
[00000.1] gravity_props_print: Self-gravity tree cut-off ratio: r_cut_max=0.000000
[00000.1] gravity_props_print: Self-gravity truncation cut-off ratio: r_cut_min=0.000000
[00000.1] gravity_props_print: Self-gravity mesh truncation function: Gadget-like (using erfc())
[00000.1] gravity_props_print: Self-gravity tree update frequency: f=0.010000
[00000.1] engine_config: Absolute minimal timestep size: 2.188250e-10
[00000.1] engine_config: Minimal timestep size (on time-line): 9.398460e-01
[00000.1] engine_config: Maximal timestep size (on time-line): 6.159375e+04
[00000.1] engine_config: Restarts will be dumped every 5.000000 hours
[00000.1] engine_config: Using 4 threads in the thread-pool
[00000.1] engine_config: took 5.300 ms.
[00000.1] main: Running on 0 gas particles, 0 sink particles, 0 stars particles 0 black hole particles, 0 neutrino particles, and 1000 DM particles (1000 gravity particles)
[00000.1] main: from t=0.000e+00 until t=3.154e+07 with 1 ranks, 4 threads / rank and 4 task queues / rank (dt_min=1.000e+00, dt_max=8.640e+04)...
[00000.1] engine_init_particles: Setting particles to a valid state...
[00000.1] engine_init_particles: Computing initial gas densities and approximate gravity.
[00000.1] engine_init_particles: Converting internal energy variable.
[00000.1] engine_init_particles: Running initial fake time-step.
#   Step           Time Scale-factor     Redshift      Time-step Time-bins      Updates    g-Updates    s-Updates sink-Updates    b-Updates  Wall-clock time [ms]  Props    Dead time [ms] 
       0   0.000000e+00    1.0000000    0.0000000   0.000000e+00    1   56            0         1000            0            0            0                33.174     25             1.584
       1   4.812012e+02    1.0000000    0.0000000   4.812012e+02   40   40            0          999            0            0            0                 3.027      1             0.401
       2   9.624023e+02    1.0000000    0.0000000   4.812012e+02   40   41            0          999            0            0            0                 2.713      1             0.337
       3   1.443604e+03    1.0000000    0.0000000   4.812012e+02   40   40            0          999            0            0            0                 2.665      1             0.397
       4   1.924805e+03    1.0000000    0.0000000   4.812012e+02   40   42            0          999            0            0            0                 3.253      1             0.392
       5   2.406006e+03    1.0000000    0.0000000   4.812012e+02   40   40            0          999            0            0            0                 3.075      1             0.461
       6   2.887207e+03    1.0000000    0.0000000   4.812012e+02   40   41            0          999            0            0            0                 2.674      1             0.300
       7   3.368408e+03    1.0000000    0.0000000   4.812012e+02   40   40            0          999            0            0            0                 3.092      1             0.313
       8   3.849609e+03    1.0000000    0.0000000   4.812012e+02   40   43            0          999            0            0            0                 3.127      1             0.413
       9   4.330811e+03    1.0000000    0.0000000   4.812012e+02   40   40            0          999            0            0            0                 3.133      1             0.362
      10   4.812012e+03    1.0000000    0.0000000   4.812012e+02   40   41            0          999            0            0            0                 2.970      1             0.413
      11   5.293213e+03    1.0000000    0.0000000   4.812012e+02   40   40            0          999            0            0            0                 2.698      1             0.437
      12   5.774414e+03    1.0000000    0.0000000   4.812012e+02   40   42            0          999            0            0            0                 2.789      1             0.364
      13   6.255615e+03    1.0000000    0.0000000   4.812012e+02   40   40            0          999            0            0            0                 2.664      1             0.393
      14   6.736816e+03    1.0000000    0.0000000   4.812012e+02   40   41            0          999            0            0            0                 2.718      1             0.383
      15   7.218018e+03    1.0000000    0.0000000   4.812012e+02   40   40            0          999            0            0            0                 2.709      1             0.449
      16   7.699219e+03    1.0000000    0.0000000   4.812012e+02   40   44            0          999            0            0            0                 2.533      1             0.313
      17   8.180420e+03    1.0000000    0.0000000   4.812012e+02   40   40            0          999            0            0            0                 2.989      1             0.407
      18   8.661621e+03    1.0000000    0.0000000   4.812012e+02   40   41            0          999            0            0            0                 2.710      1             0.429
      19   9.142822e+03    1.0000000    0.0000000   4.812012e+02   40   40            0          999            0            0            0                 2.630      1             0.486
      20   9.624023e+03    1.0000000    0.0000000   4.812012e+02   40   42            0          999            0            0            0                 2.747      1             0.377
      21   1.010522e+04    1.0000000    0.0000000   4.812012e+02   40   40            0          999            0            0            0                 2.962      1             0.458
      22   1.058643e+04    1.0000000    0.0000000   4.812012e+02   40   41            0          999            0            0            0                 3.679      1             0.673
      23   1.106763e+04    1.0000000    0.0000000   4.812012e+02   40   40            0          999            0            0            0                 2.889      1             0.311
      24   1.154883e+04    1.0000000    0.0000000   4.812012e+02   40   43            0          999            0            0            0                 2.680      1             0.324
      25   1.203003e+04    1.0000000    0.0000000   4.812012e+02   40   40            0          999            0            0            0                 3.309      1             0.451
      26   1.251123e+04    1.0000000    0.0000000   4.812012e+02   40   41            0          999            0            0            0                 3.168      1             0.385
      27   1.299243e+04    1.0000000    0.0000000   4.812012e+02   40   40            0          999            0            0            0                 3.029      1             0.309
      28   1.347363e+04    1.0000000    0.0000000   4.812012e+02   40   42            0          999            0            0            0                 3.271      1             0.410
      29   1.395483e+04    1.0000000    0.0000000   4.812012e+02   40   40            0          999            0            0            0                 3.033      1             0.386
      30   1.443604e+04    1.0000000    0.0000000   4.812012e+02   40   41            0          999            0            0            0                 3.020      1             0.390
      31   1.491724e+04    1.0000000    0.0000000   4.812012e+02   40   40            0          999            0            0            0                 2.808      1             0.474
      32   1.539844e+04    1.0000000    0.0000000   4.812012e+02   40   45            0          999            0            0            0                 2.692      1             0.295
      33   1.587964e+04    1.0000000    0.0000000   4.812012e+02   40   40            0          999            0            0            0                 2.765      1             0.409
      34   1.636084e+04    1.0000000    0.0000000   4.812012e+02   40   41            0          999            0            0            0                 2.860      1             0.475
      35   1.684204e+04    1.0000000    0.0000000   4.812012e+02   40   40            0          999            0            0            0                 2.691      1             0.366
      36   1.732324e+04    1.0000000    0.0000000   4.812012e+02   40   42            0          999            0            0            0                 2.793      1             0.370
      37   1.780444e+04    1.0000000    0.0000000   4.812012e+02   40   40            0          999            0            0            0                 2.609      1             0.311
      38   1.828564e+04    1.0000000    0.0000000   4.812012e+02   40   41            0          999            0            0            0                 2.381      1             0.331
      39   1.876685e+04    1.0000000    0.0000000   4.812012e+02   40   40            0          999            0            0            0                 2.868      1             0.354
      40   1.924805e+04    1.0000000    0.0000000   4.812012e+02   40   43            0          999            0            0            0                 3.128      1             0.405
      41   1.972925e+04    1.0000000    0.0000000   4.812012e+02   40   40            0          999            0            0            0                 3.325      1             0.542
      42   2.021045e+04    1.0000000    0.0000000   4.812012e+02   40   41            0          999            0            0            0                 2.540      1             0.445
      43   2.069165e+04    1.0000000    0.0000000   4.812012e+02   40   40            0          999            0            0            0                 2.699      1             0.354
      44   2.117285e+04    1.0000000    0.0000000   4.812012e+02   40   42            0          999            0            0            0                 3.121      1             0.307
      45   2.165405e+04    1.0000000    0.0000000   4.812012e+02   40   40            0          999            0            0            0                 2.452      1             0.334
      46   2.213525e+04    1.0000000    0.0000000   4.812012e+02   40   41            0          999            0            0            0                 2.929      1             0.334
      47   2.261646e+04    1.0000000    0.0000000   4.812012e+02   40   40            0          999            0            0            0                 2.625      1             0.341
      48   2.309766e+04    1.0000000    0.0000000   4.812012e+02   40   44            0          999            0            0            0                 2.974      1             0.405
      49   2.357886e+04    1.0000000    0.0000000   4.812012e+02   40   40            0          999            0            0            0                 3.245      1             0.460
      50   2.406006e+04    1.0000000    0.0000000   4.812012e+02   40   41            0          999            0            0            0                 2.901      1             0.390
      51   2.454126e+04    1.0000000    0.0000000   4.812012e+02   40   40            0          999            0            0            0                 3.517      1             0.700
      52   2.502246e+04    1.0000000    0.0000000   4.812012e+02   40   42            0          999            0            0            0                 3.092      1             0.315
      53   2.550366e+04    1.0000000    0.0000000   4.812012e+02   40   40            0          999            0            0            0                 3.044      1             0.480
      54   2.598486e+04    1.0000000    0.0000000   4.812012e+02   40   41            0          999            0            0            0                 3.083      1             0.448
      55   2.646606e+04    1.0000000    0.0000000   4.812012e+02   40   40            0          999            0            0            0                 2.847      1             0.365
      56   2.694727e+04    1.0000000    0.0000000   4.812012e+02   40   43            0          999            0            0            0                 2.944      1             0.349
      57   2.742847e+04    1.0000000    0.0000000   4.812012e+02   40   40            0          999            0            0            0                 3.000      1             0.513
      58   2.790967e+04    1.0000000    0.0000000   4.812012e+02   40   41            0          999            0            0            0                 2.803      1             0.275
      59   2.839087e+04    1.0000000    0.0000000   4.812012e+02   40   40            0          999            0            0            0                 3.002      1             0.314
      60   2.887207e+04    1.0000000    0.0000000   4.812012e+02   40   42            0          999            0            0            0                 2.960      1             0.429
      61   2.935327e+04    1.0000000    0.0000000   4.812012e+02   40   40            0          999            0            0            0                 2.830      1             0.478
      62   2.983447e+04    1.0000000    0.0000000   4.812012e+02   40   41            0          999            0            0            0                 2.874      1             0.390
      63   3.031567e+04    1.0000000    0.0000000   4.812012e+02   40   40            0          999            0            0            0                 3.339      1             0.433
      64   3.079688e+04    1.0000000    0.0000000   4.812012e+02   40   46            0          999            0            0            0                 2.952      1             0.235
      65   3.127808e+04    1.0000000    0.0000000   4.812012e+02   40   40            0          999            0            0            0                 3.413      1             0.517
      66   3.175928e+04    1.0000000    0.0000000   4.812012e+02   40   41            0          999            0            0            0                 3.564      1             0.438
      67   3.224048e+04    1.0000000    0.0000000   4.812012e+02   40   40            0          999            0            0            0                 3.348      1             0.436
      68   3.272168e+04    1.0000000    0.0000000   4.812012e+02   40   42            0          999            0            0            0                 2.762      1             0.319
      69   3.320288e+04    1.0000000    0.0000000   4.812012e+02   40   40            0          999            0            0            0                 3.292      1             0.488
      70   3.368408e+04    1.0000000    0.0000000   4.812012e+02   40   41            0          999            0            0            0                 2.774      1             0.436
      71   3.416528e+04    1.0000000    0.0000000   4.812012e+02   40   40            0          999            0            0            0                 3.492      1             0.574
      72   3.464648e+04    1.0000000    0.0000000   4.812012e+02   40   43            0          999            0            0            0                 2.830      1             0.332
      73   3.512769e+04    1.0000000    0.0000000   4.812012e+02   40   40            0          999            0            0            0                 2.758      1             0.369
      74   3.560889e+04    1.0000000    0.0000000   4.812012e+02   40   41            0          999            0            0            0                 3.468      1             0.500
      75   3.609009e+04    1.0000000    0.0000000   4.812012e+02   40   40            0          999            0            0            0                 2.539      1             0.390
      76   3.657129e+04    1.0000000    0.0000000   4.812012e+02   40   42            0          999            0            0            0                 3.181      1             0.430
      77   3.705249e+04    1.0000000    0.0000000   4.812012e+02   40   40            0          999            0            0            0                 2.485      1             0.401
      78   3.753369e+04    1.0000000    0.0000000   4.812012e+02   40   41            0          999            0            0            0                 2.505      1             0.385
      79   3.801489e+04    1.0000000    0.0000000   4.812012e+02   40   40            0          999            0            0            0                 3.289      1             0.423
      80   3.849609e+04    1.0000000    0.0000000   4.812012e+02   40   44            0          999            0            0            0                 3.137      1             0.341
      81   3.897729e+04    1.0000000    0.0000000   4.812012e+02   40   40            0          999            0            0            0                 3.368      1             0.384
      82   3.945850e+04    1.0000000    0.0000000   4.812012e+02   40   41            0          999            0            0            0                 2.820      1             0.348
      83   3.993970e+04    1.0000000    0.0000000   4.812012e+02   40   40            0          999            0            0            0                 2.665      1             0.416
      84   4.042090e+04    1.0000000    0.0000000   4.812012e+02   40   42            0          999            0            0            0                 2.724      1             0.461
      85   4.090210e+04    1.0000000    0.0000000   4.812012e+02   40   40            0          999            0            0            0                 2.479      1             0.319
      86   4.138330e+04    1.0000000    0.0000000   4.812012e+02   40   41            0          999            0            0            0                 3.083      1             0.374
      87   4.186450e+04    1.0000000    0.0000000   4.812012e+02   40   40            0          999            0            0            0                 2.634      1             0.418
      88   4.234570e+04    1.0000000    0.0000000   4.812012e+02   40   43            0          999            0            0            0                 3.267      1             0.394
      89   4.282690e+04    1.0000000    0.0000000   4.812012e+02   40   40            0          999            0            0            0                 2.758      1             0.266
      90   4.330811e+04    1.0000000    0.0000000   4.812012e+02   40   41            0          999            0            0            0                 2.198      1             0.329
      91   4.378931e+04    1.0000000    0.0000000   4.812012e+02   40   40            0          999            0            0            0                 2.399      1             0.421
      92   4.427051e+04    1.0000000    0.0000000   4.812012e+02   40   42            0          999            0            0            0                 3.074      1             0.404
      93   4.475171e+04    1.0000000    0.0000000   4.812012e+02   40   40            0          999            0            0            0                 2.626      1             0.316
      94   4.523291e+04    1.0000000    0.0000000   4.812012e+02   40   41            0          999            0            0            0                 2.445      1             0.395
      95   4.571411e+04    1.0000000    0.0000000   4.812012e+02   40   40            0          999            0            0            0                 2.820      1             0.253
      96   4.619531e+04    1.0000000    0.0000000   4.812012e+02   40   45            0          999            0            0            0                 3.011      1             0.256
      97   4.667651e+04    1.0000000    0.0000000   4.812012e+02   40   40            0          999            0            0            0                 3.083      1             0.379
      98   4.715771e+04    1.0000000    0.0000000   4.812012e+02   40   41            0          999            0            0            0                 3.157      1             0.467
      99   4.763892e+04    1.0000000    0.0000000   4.812012e+02   40   40            0          999            0            0            0                 3.282      1             0.457
     100   4.812012e+04    1.0000000    0.0000000   4.812012e+02   40   42            0          999            0            0            0                 4.293      1             0.425
     101   4.860132e+04    1.0000000    0.0000000   4.812012e+02   40   40            0          999            0            0            0                 2.910      1             0.376
     102   4.908252e+04    1.0000000    0.0000000   4.812012e+02   40   41            0          999            0            0            0                 2.966      1             0.415
     103   4.956372e+04    1.0000000    0.0000000   4.812012e+02   40   40            0          999            0            0            0                 2.774      1             0.371
     104   5.004492e+04    1.0000000    0.0000000   4.812012e+02   40   43            0          999            0            0            0                 2.802      1             0.348
     105   5.052612e+04    1.0000000    0.0000000   4.812012e+02   40   40            0          999            0            0            0                 2.877      1             0.475
     106   5.100732e+04    1.0000000    0.0000000   4.812012e+02   40   41            0          999            0            0            0                 2.875      1             0.334
     107   5.148853e+04    1.0000000    0.0000000   4.812012e+02   40   40            0          999            0            0            0                 3.050      1             0.306
     108   5.196973e+04    1.0000000    0.0000000   4.812012e+02   40   42            0          999            0            0            0                 3.000      1             0.470
     109   5.245093e+04    1.0000000    0.0000000   4.812012e+02   40   40            0          999            0            0            0                 2.943      1             0.350
     110   5.293213e+04    1.0000000    0.0000000   4.812012e+02   40   41            0          999            0            0            0                 3.282      1             0.319
     111   5.341333e+04    1.0000000    0.0000000   4.812012e+02   40   40            0          999            0            0            0                 3.035      1             0.414
     112   5.389453e+04    1.0000000    0.0000000   4.812012e+02   40   44            0          999            0            0            0                 2.919      1             0.346
     113   5.437573e+04    1.0000000    0.0000000   4.812012e+02   40   40            0          999            0            0            0                 2.823      1             0.244
     114   5.485693e+04    1.0000000    0.0000000   4.812012e+02   40   41            0          999            0            0            0                 3.063      1             0.340
     115   5.533813e+04    1.0000000    0.0000000   4.812012e+02   40   40            0          999            0            0            0                 2.913      1             0.418
     116   5.581934e+04    1.0000000    0.0000000   4.812012e+02   40   42            0          999            0            0            0                 2.949      1             0.374
     117   5.630054e+04    1.0000000    0.0000000   4.812012e+02   40   40            0          999            0            0            0                 2.918      1             0.291
     118   5.678174e+04    1.0000000    0.0000000   4.812012e+02   40   41            0          999            0            0            0                 3.055      1             0.394
     119   5.726294e+04    1.0000000    0.0000000   4.812012e+02   40   40            0          999            0            0            0                 2.964      1             0.392
     120   5.774414e+04    1.0000000    0.0000000   4.812012e+02   40   43            0          999            0            0            0                 2.897      1             0.355
     121   5.822534e+04    1.0000000    0.0000000   4.812012e+02   40   40            0          999            0            0            0                 2.735      1             0.255
     122   5.870654e+04    1.0000000    0.0000000   4.812012e+02   40   41            0          999            0            0            0                 2.675      1             0.293
     123   5.918774e+04    1.0000000    0.0000000   4.812012e+02   40   40            0          999            0            0            0                 2.861      1             0.362
     124   5.966895e+04    1.0000000    0.0000000   4.812012e+02   40   42            0          999            0            0            0                 2.589      1             0.350
     125   6.015015e+04    1.0000000    0.0000000   4.812012e+02   40   40            0          999            0            0            0                 2.801      1             0.249
     126   6.063135e+04    1.0000000    0.0000000   4.812012e+02   40   41            0          999            0            0            0                 2.784      1             0.357
     127   6.111255e+04    1.0000000    0.0000000   4.812012e+02   40   40            0          999            0            0            0                 3.277      1             0.397
     128   6.159375e+04    1.0000000    0.0000000   4.812012e+02   40   47            0         1000            0            0            0                 2.683      1             0.229
     129   6.207495e+04    1.0000000    0.0000000   4.812012e+02   40   40            0          999            0            0            0                 2.786      1             0.410
     130   6.255615e+04    1.0000000    0.0000000   4.812012e+02   40   41            0          999            0            0            0                 2.406      1             0.272
     131   6.303735e+04    1.0000000    0.0000000   4.812012e+02   40   40            0          999            0            0            0                 2.492      1             0.369
     132   6.351855e+04    1.0000000    0.0000000   4.812012e+02   40   42            0          999            0            0            0                 3.243      1             0.499
     133   6.399976e+04    1.0000000    0.0000000   4.812012e+02   40   40            0          999            0            0            0                 2.666      1             0.412
     134   6.448096e+04    1.0000000    0.0000000   4.812012e+02   40   41            0          999            0            0            0                 2.919      1             0.443
     135   6.496216e+04    1.0000000    0.0000000   4.812012e+02   40   40            0          999            0            0            0                 2.588      1             0.240
     136   6.544336e+04    1.0000000    0.0000000   4.812012e+02   40   43            0          999            0            0            0                 2.751      1             0.390
     137   6.592456e+04    1.0000000    0.0000000   4.812012e+02   40   40            0          999            0            0            0                 2.561      1             0.362
     138   6.640576e+04    1.0000000    0.0000000   4.812012e+02   40   41            0          999            0            0            0                 2.802      1             0.400
     139   6.688696e+04    1.0000000    0.0000000   4.812012e+02   40   40            0          999            0            0            0                 2.904      1             0.385
     140   6.736816e+04    1.0000000    0.0000000   4.812012e+02   40   42            0          999            0            0            0                 2.505      1             0.343
     141   6.784937e+04    1.0000000    0.0000000   4.812012e+02   40   40            0          999            0            0            0                 2.294      1             0.325
     142   6.833057e+04    1.0000000    0.0000000   4.812012e+02   40   41            0          999            0            0            0                 2.322      1             0.356
     143   6.881177e+04    1.0000000    0.0000000   4.812012e+02   40   40            0          999            0            0            0                 2.478      1             0.340
     144   6.929297e+04    1.0000000    0.0000000   4.812012e+02   40   44            0          999            0            0            0                 2.741      1             0.388
     145   6.977417e+04    1.0000000    0.0000000   4.812012e+02   40   40            0          999            0            0            0                 2.760      1             0.370
     146   7.025537e+04    1.0000000    0.0000000   4.812012e+02   40   41            0          999            0            0            0                 2.782      1             0.448
     147   7.073657e+04    1.0000000    0.0000000   4.812012e+02   40   40            0          999            0            0            0                 3.099      1             0.399
     148   7.121777e+04    1.0000000    0.0000000   4.812012e+02   40   42            0          999            0            0            0                 3.139      1             0.409
     149   7.169897e+04    1.0000000    0.0000000   4.812012e+02   40   40            0          999            0            0            0                 2.785      1             0.344
     150   7.218018e+04    1.0000000    0.0000000   4.812012e+02   40   41            0          999            0            0            0                 2.791      1             0.247
     151   7.266138e+04    1.0000000    0.0000000   4.812012e+02   40   40            0          999            0            0            0                 3.058      1             0.391
     152   7.314258e+04    1.0000000    0.0000000   4.812012e+02   40   43            0          999            0            0            0                 2.929      1             0.403
     153   7.362378e+04    1.0000000    0.0000000   4.812012e+02   40   40            0          999            0            0            0                 3.189      1             0.361
     154   7.410498e+04    1.0000000    0.0000000   4.812012e+02   40   41            0          999            0            0            0                 3.391      1             0.345
     155   7.458618e+04    1.0000000    0.0000000   4.812012e+02   40   40            0          999            0            0            0                 3.015      1             0.498
     156   7.506738e+04    1.0000000    0.0000000   4.812012e+02   40   42            0          999            0            0            0                 2.949      1             0.294
     157   7.554858e+04    1.0000000    0.0000000   4.812012e+02   40   40            0          999            0            0            0                 2.691      1             0.329
     158   7.602979e+04    1.0000000    0.0000000   4.812012e+02   40   41            0          999            0            0            0                 2.692      1             0.325
     159   7.651099e+04    1.0000000    0.0000000   4.812012e+02   40   40            0          999            0            0            0                 2.798      1             0.348
     160   7.699219e+04    1.0000000    0.0000000   4.812012e+02   40   45            0          999            0            0            0                 2.715      1             0.340
     161   7.747339e+04    1.0000000    0.0000000   4.812012e+02   40   40            0          999            0            0            0                 2.581      1             0.478
     162   7.795459e+04    1.0000000    0.0000000   4.812012e+02   40   41            0          999            0            0            0                 2.940      1             0.385
     163   7.843579e+04    1.0000000    0.0000000   4.812012e+02   40   40            0          999            0            0            0                 2.996      1             0.346
     164   7.891699e+04    1.0000000    0.0000000   4.812012e+02   40   42            0          999            0            0            0                 2.904      1             0.385
     165   7.939819e+04    1.0000000    0.0000000   4.812012e+02   40   40            0          999            0            0            0                 3.257      1             0.448
     166   7.987939e+04    1.0000000    0.0000000   4.812012e+02   40   41            0          999            0            0            0                 2.733      1             0.300
     167   8.036060e+04    1.0000000    0.0000000   4.812012e+02   40   40            0          999            0            0            0                 2.857      1             0.589
     168   8.084180e+04    1.0000000    0.0000000   4.812012e+02   40   43            0          999            0            0            0                 3.129      1             0.513
     169   8.132300e+04    1.0000000    0.0000000   4.812012e+02   40   40            0          999            0            0            0                 2.689      1             0.393
     170   8.180420e+04    1.0000000    0.0000000   4.812012e+02   40   41            0          999            0            0            0                 3.127      1             0.481
     171   8.228540e+04    1.0000000    0.0000000   4.812012e+02   40   40            0          999            0            0            0                 2.827      1             0.357
     172   8.276660e+04    1.0000000    0.0000000   4.812012e+02   40   42            0          999            0            0            0                 3.223      1             0.402
     173   8.324780e+04    1.0000000    0.0000000   4.812012e+02   40   40            0          999            0            0            0                 2.763      1             0.182
     174   8.372900e+04    1.0000000    0.0000000   4.812012e+02   40   41            0          999            0            0            0                 2.965      1             0.398
     175   8.421021e+04    1.0000000    0.0000000   4.812012e+02   40   40            0          999            0            0            0                 2.940      1             0.408
     176   8.469141e+04    1.0000000    0.0000000   4.812012e+02   40   44            0          999            0            0            0                 3.603      1             0.326
     177   8.517261e+04    1.0000000    0.0000000   4.812012e+02   40   40            0          999            0            0            0                 3.216      1             0.378
     178   8.565381e+04    1.0000000    0.0000000   4.812012e+02   40   41            0          999            0            0            0                 2.655      1             0.371
     179   8.613501e+04    1.0000000    0.0000000   4.812012e+02   40   40            0          999            0            0            0                95.453     25             0.400
     180   8.661621e+04    1.0000000    0.0000000   4.812012e+02   40   42            0          999            0            0            0                 3.289      1             0.416
     181   8.709741e+04    1.0000000    0.0000000   4.812012e+02   40   40            0          999            0            0            0                 3.132      1             0.394
     182   8.757861e+04    1.0000000    0.0000000   4.812012e+02   40   41            0          999            0            0            0                 3.093      1             0.490
     183   8.805981e+04    1.0000000    0.0000000   4.812012e+02   40   40            0          999            0            0            0                 2.710      1             0.331
     184   8.854102e+04    1.0000000    0.0000000   4.812012e+02   40   43            0          999            0            0            0                 2.561      1             0.361
     185   8.902222e+04    1.0000000    0.0000000   4.812012e+02   40   40            0          999            0            0            0                 2.833      1             0.402
     186   8.950342e+04    1.0000000    0.0000000   4.812012e+02   40   41            0          999            0            0            0                 2.745      1             0.433
     187   8.998462e+04    1.0000000    0.0000000   4.812012e+02   40   40            0          999            0            0            0                 2.940      1             0.387
     188   9.046582e+04    1.0000000    0.0000000   4.812012e+02   40   42            0          999            0            0            0                 2.657      1             0.403
     189   9.094702e+04    1.0000000    0.0000000   4.812012e+02   40   40            0          999            0            0            0                 2.676      1             0.325
     190   9.142822e+04    1.0000000    0.0000000   4.812012e+02   40   41            0          999            0            0            0                 3.026      1             0.404
     191   9.190942e+04    1.0000000    0.0000000   4.812012e+02   40   40            0          999            0            0            0                 2.380      1             0.276
     192   9.239062e+04    1.0000000    0.0000000   4.812012e+02   40   46            0          999            0            0            0                 2.727      1             0.277
     193   9.287183e+04    1.0000000    0.0000000   4.812012e+02   40   40            0          999            0            0            0                 3.080      1             0.374
     194   9.335303e+04    1.0000000    0.0000000   4.812012e+02   40   41            0          999            0            0            0                 2.801      1             0.350
     195   9.383423e+04    1.0000000    0.0000000   4.812012e+02   40   40            0          999            0            0            0                 2.856      1             0.434
     196   9.431543e+04    1.0000000    0.0000000   4.812012e+02   40   42            0          999            0            0            0                 2.504      1             0.319
     197   9.479663e+04    1.0000000    0.0000000   4.812012e+02   40   40            0          999            0            0            0                 2.965      1             0.398
     198   9.527783e+04    1.0000000    0.0000000   4.812012e+02   40   41            0          999            0            0            0                 4.019      1             0.559
     199   9.575903e+04    1.0000000    0.0000000   4.812012e+02   40   40            0          999            0            0            0                 2.995      1             0.432
     200   9.624023e+04    1.0000000    0.0000000   4.812012e+02   40   43            0          999            0            0            0                 4.029      1             0.371
     201   9.672144e+04    1.0000000    0.0000000   4.812012e+02   40   40            0          999            0            0            0                 2.900      1             0.337
     202   9.720264e+04    1.0000000    0.0000000   4.812012e+02   40   41            0          999            0            0            0                 3.312      1             0.445
     203   9.768384e+04    1.0000000    0.0000000   4.812012e+02   40   40            0          999            0            0            0                 2.889      1             0.383
     204   9.816504e+04    1.0000000    0.0000000   4.812012e+02   40   42            0          999            0            0            0                 2.765      1             0.392
     205   9.864624e+04    1.0000000    0.0000000   4.812012e+02   40   40            0          999            0            0            0                 2.733      1             0.303
     206   9.912744e+04    1.0000000    0.0000000   4.812012e+02   40   41            0          999            0            0            0                 2.601      1             0.471
     207   9.960864e+04    1.0000000    0.0000000   4.812012e+02   40   40            0          999            0            0            0                 2.785      1             0.434
     208   1.000898e+05    1.0000000    0.0000000   4.812012e+02   40   44            0          999            0            0            0                 3.285      1             0.454
     209   1.005710e+05    1.0000000    0.0000000   4.812012e+02   40   40            0          999            0            0            0                 2.828      1             0.450
     210   1.010522e+05    1.0000000    0.0000000   4.812012e+02   40   41            0          999            0            0            0                 3.100      1             0.353
     211   1.015334e+05    1.0000000    0.0000000   4.812012e+02   40   40            0          999            0            0            0                 2.747      1             0.350
     212   1.020146e+05    1.0000000    0.0000000   4.812012e+02   40   42            0          999            0            0            0                 3.115      1             0.372
     213   1.024958e+05    1.0000000    0.0000000   4.812012e+02   40   40            0          999            0            0            0                 2.862      1             0.438
     214   1.029771e+05    1.0000000    0.0000000   4.812012e+02   40   41            0          999            0            0            0                 2.723      1             0.387
     215   1.034583e+05    1.0000000    0.0000000   4.812012e+02   40   40            0          999            0            0            0                 2.836      1             0.451
     216   1.039395e+05    1.0000000    0.0000000   4.812012e+02   40   43            0          999            0            0            0                 2.636      1             0.377
     217   1.044207e+05    1.0000000    0.0000000   4.812012e+02   40   40            0          999            0            0            0                 2.343      1             0.368
     218   1.049019e+05    1.0000000    0.0000000   4.812012e+02   40   41            0          999            0            0            0                 2.641      1             0.378
     219   1.053831e+05    1.0000000    0.0000000   4.812012e+02   40   40            0          999            0            0            0                 2.592      1             0.389
     220   1.058643e+05    1.0000000    0.0000000   4.812012e+02   40   42            0          999            0            0            0                 2.995      1             0.391
     221   1.063455e+05    1.0000000    0.0000000   4.812012e+02   40   40            0          999            0            0            0                 2.563      1             0.412
     222   1.068267e+05    1.0000000    0.0000000   4.812012e+02   40   41            0          999            0            0            0                 2.764      1             0.365
     223   1.073079e+05    1.0000000    0.0000000   4.812012e+02   40   40            0          999            0            0            0                 2.557      1             0.237
     224   1.077891e+05    1.0000000    0.0000000   4.812012e+02   40   45            0          999            0            0            0                 2.730      1             0.509
     225   1.082703e+05    1.0000000    0.0000000   4.812012e+02   40   40            0          999            0            0            0                 2.682      1             0.455
     226   1.087515e+05    1.0000000    0.0000000   4.812012e+02   40   41            0          999            0            0            0                 2.401      1             0.243
     227   1.092327e+05    1.0000000    0.0000000   4.812012e+02   40   40            0          999            0            0            0                 2.674      1             0.406
     228   1.097139e+05    1.0000000    0.0000000   4.812012e+02   40   42            0          999            0            0            0                 2.370      1             0.379
     229   1.101951e+05    1.0000000    0.0000000   4.812012e+02   40   40            0          999            0            0            0                 2.412      1             0.328
     230   1.106763e+05    1.0000000    0.0000000   4.812012e+02   40   41            0          999            0            0            0                 2.454      1             0.336
     231   1.111575e+05    1.0000000    0.0000000   4.812012e+02   40   40            0          999            0            0            0                 2.462      1             0.451
     232   1.116387e+05    1.0000000    0.0000000   4.812012e+02   40   43            0          999            0            0            0                 2.318      1             0.292
     233   1.121199e+05    1.0000000    0.0000000   4.812012e+02   40   40            0          999            0            0            0                 2.257      1             0.367
     234   1.126011e+05    1.0000000    0.0000000   4.812012e+02   40   41            0          999            0            0            0                 2.393      1             0.455
     235   1.130823e+05    1.0000000    0.0000000   4.812012e+02   40   40            0          999            0            0            0                 2.423      1             0.341
     236   1.135635e+05    1.0000000    0.0000000   4.812012e+02   40   42            0          999            0            0            0                 2.548      1             0.467
     237   1.140447e+05    1.0000000    0.0000000   4.812012e+02   40   40            0          999            0            0            0                 2.296      1             0.405
     238   1.145259e+05    1.0000000    0.0000000   4.812012e+02   40   41            0          999            0            0            0                 2.446      1             0.408
     239   1.150071e+05    1.0000000    0.0000000   4.812012e+02   40   40            0          999            0            0            0                 2.656      1             0.452
     240   1.154883e+05    1.0000000    0.0000000   4.812012e+02   40   44            0          999            0            0            0                 2.628      1             0.277
     241   1.159695e+05    1.0000000    0.0000000   4.812012e+02   40   40            0          999            0            0            0                 3.259      1             0.298
     242   1.164507e+05    1.0000000    0.0000000   4.812012e+02   40   41            0          999            0            0            0                 3.281      1             0.375
     243   1.169319e+05    1.0000000    0.0000000   4.812012e+02   40   40            0          999            0            0            0                 2.884      1             0.417
     244   1.174131e+05    1.0000000    0.0000000   4.812012e+02   40   42            0          999            0            0            0                 2.891      1             0.387
     245   1.178943e+05    1.0000000    0.0000000   4.812012e+02   40   40            0          999            0            0            0                 2.577      1             0.257
     246   1.183755e+05    1.0000000    0.0000000   4.812012e+02   40   41            0          999            0            0            0                 2.832      1             0.448
     247   1.188567e+05    1.0000000    0.0000000   4.812012e+02   40   40            0          999            0            0            0                 2.592      1             0.457
     248   1.193379e+05    1.0000000    0.0000000   4.812012e+02   40   43            0          999            0            0            0                 3.495      1             0.448
     249   1.198191e+05    1.0000000    0.0000000   4.812012e+02   40   40            0          999            0            0            0                 3.192      1             0.702
     250   1.203003e+05    1.0000000    0.0000000   4.812012e+02   40   41            0          999            0            0            0                 2.907      1             0.294
     251   1.207815e+05    1.0000000    0.0000000   4.812012e+02   40   40            0          999            0            0            0                 2.903      1             0.335
     252   1.212627e+05    1.0000000    0.0000000   4.812012e+02   40   42            0          999            0            0            0                 3.283      1             0.632
     253   1.217439e+05    1.0000000    0.0000000   4.812012e+02   40   40            0          999            0            0            0                 3.149      1             0.477
     254   1.222251e+05    1.0000000    0.0000000   4.812012e+02   40   41            0          999            0            0            0                 2.731      1             0.414
     255   1.227063e+05    1.0000000    0.0000000   4.812012e+02   40   40            0          999            0            0            0                 2.979      1             0.453
     256   1.231875e+05    1.0000000    0.0000000   4.812012e+02   40   48            0         1000            0            0            0                 2.906      1             0.397
     257   1.236687e+05    1.0000000    0.0000000   4.812012e+02   40   40            0          999            0            0            0                 3.158      1             0.511
     258   1.241499e+05    1.0000000    0.0000000   4.812012e+02   40   41            0          999            0            0            0                 2.651      1             0.439
     259   1.246311e+05    1.0000000    0.0000000   4.812012e+02   40   40            0          999            0            0            0                 2.892      1             0.406
     260   1.251123e+05    1.0000000    0.0000000   4.812012e+02   40   42            0          999            0            0            0                 2.623      1             0.326
     261   1.255935e+05    1.0000000    0.0000000   4.812012e+02   40   40            0          999            0            0            0                 3.206      1             0.365
     262   1.260747e+05    1.0000000    0.0000000   4.812012e+02   40   41            0          999            0            0            0                 2.756      1             0.475
     263   1.265559e+05    1.0000000    0.0000000   4.812012e+02   40   40            0          999            0            0            0                 3.851      1             0.529
     264   1.270371e+05    1.0000000    0.0000000   4.812012e+02   40   43            0          999            0            0            0                 3.260      1             0.486
     265   1.275183e+05    1.0000000    0.0000000   4.812012e+02   40   40            0          999            0            0            0                 3.011      1             0.417
     266   1.279995e+05    1.0000000    0.0000000   4.812012e+02   40   41            0          999            0            0            0                 3.061      1             0.442
     267   1.284807e+05    1.0000000    0.0000000   4.812012e+02   40   40            0          999            0            0            0                 2.687      1             0.468
     268   1.289619e+05    1.0000000    0.0000000   4.812012e+02   40   42            0          999            0            0            0                 2.832      1             0.377
     269   1.294431e+05    1.0000000    0.0000000   4.812012e+02   40   40            0          999            0            0            0                 2.723      1             0.383
     270   1.299243e+05    1.0000000    0.0000000   4.812012e+02   40   41            0          999            0            0            0                 2.787      1             0.440
     271   1.304055e+05    1.0000000    0.0000000   4.812012e+02   40   40            0          999            0            0            0                 2.950      1             0.295
     272   1.308867e+05    1.0000000    0.0000000   4.812012e+02   40   44            0          999            0            0            0                 3.014      1             0.500
     273   1.313679e+05    1.0000000    0.0000000   4.812012e+02   40   40            0          999            0            0            0                 3.062      1             0.317
     274   1.318491e+05    1.0000000    0.0000000   4.812012e+02   40   41            0          999            0            0            0                 2.817      1             0.327
     275   1.323303e+05    1.0000000    0.0000000   4.812012e+02   40   40            0          999            0            0            0                 3.231      1             0.370
     276   1.328115e+05    1.0000000    0.0000000   4.812012e+02   40   42            0          999            0            0            0                 2.906      1             0.412
     277   1.332927e+05    1.0000000    0.0000000   4.812012e+02   40   40            0          999            0            0            0                 3.306      1             0.364
     278   1.337739e+05    1.0000000    0.0000000   4.812012e+02   40   41            0          999            0            0            0                 2.440      1             0.328
     279   1.342551e+05    1.0000000    0.0000000   4.812012e+02   40   40            0          999            0            0            0                 2.461      1             0.280
     280   1.347363e+05    1.0000000    0.0000000   4.812012e+02   40   43            0          999            0            0            0                 2.565      1             0.448
     281   1.352175e+05    1.0000000    0.0000000   4.812012e+02   40   40            0          999            0            0            0                 2.331      1             0.292
     282   1.356987e+05    1.0000000    0.0000000   4.812012e+02   40   41            0          999            0            0            0                 2.288      1             0.319
     283   1.361799e+05    1.0000000    0.0000000   4.812012e+02   40   40            0          999            0            0            0                 2.514      1             0.283
     284   1.366611e+05    1.0000000    0.0000000   4.812012e+02   40   42            0          999            0            0            0                 2.644      1             0.398
     285   1.371423e+05    1.0000000    0.0000000   4.812012e+02   40   40            0          999            0            0            0                 3.261      1             0.432
     286   1.376235e+05    1.0000000    0.0000000   4.812012e+02   40   41            0          999            0            0            0                 2.773      1             0.363
     287   1.381047e+05    1.0000000    0.0000000   4.812012e+02   40   40            0          999            0            0            0                 2.279      1             0.295
     288   1.385859e+05    1.0000000    0.0000000   4.812012e+02   40   45            0          999            0            0            0                 2.524      1             0.315
     289   1.390671e+05    1.0000000    0.0000000   4.812012e+02   40   40            0          999            0            0            0                 2.488      1             0.385
     290   1.395483e+05    1.0000000    0.0000000   4.812012e+02   40   41            0          999            0            0            0                 2.643      1             0.394
     291   1.400295e+05    1.0000000    0.0000000   4.812012e+02   40   40            0          999            0            0            0                 2.519      1             0.249
     292   1.405107e+05    1.0000000    0.0000000   4.812012e+02   40   42            0          999            0            0            0                 2.487      1             0.360
     293   1.409919e+05    1.0000000    0.0000000   4.812012e+02   40   40            0          999            0            0            0                 2.549      1             0.336
     294   1.414731e+05    1.0000000    0.0000000   4.812012e+02   40   41            0          999            0            0            0                 2.684      1             0.310
     295   1.419543e+05    1.0000000    0.0000000   4.812012e+02   40   40            0          999            0            0            0                 2.709      1             0.315
     296   1.424355e+05    1.0000000    0.0000000   4.812012e+02   40   43            0          999            0            0            0                 3.031      1             0.433
     297   1.429167e+05    1.0000000    0.0000000   4.812012e+02   40   40            0          999            0            0            0                 2.513      1             0.356
     298   1.433979e+05    1.0000000    0.0000000   4.812012e+02   40   41            0          999            0            0            0                 3.150      1             0.408
     299   1.438792e+05    1.0000000    0.0000000   4.812012e+02   40   40            0          999            0            0            0                 2.798      1             0.449
     300   1.443604e+05    1.0000000    0.0000000   4.812012e+02   40   42            0          999            0            0            0                 3.949      1             0.442
     301   1.448416e+05    1.0000000    0.0000000   4.812012e+02   40   40            0          999            0            0            0                 3.286      1             0.504
     302   1.453228e+05    1.0000000    0.0000000   4.812012e+02   40   41            0          999            0            0            0                 2.707      1             0.335
     303   1.458040e+05    1.0000000    0.0000000   4.812012e+02   40   40            0          999            0            0            0                 2.756      1             0.489
     304   1.462852e+05    1.0000000    0.0000000   4.812012e+02   40   44            0          999            0            0            0                 2.653      1             0.422
     305   1.467664e+05    1.0000000    0.0000000   4.812012e+02   40   40            0          999            0            0            0                 2.517      1             0.357
     306   1.472476e+05    1.0000000    0.0000000   4.812012e+02   40   41            0          999            0            0            0                 2.861      1             0.405
     307   1.477288e+05    1.0000000    0.0000000   4.812012e+02   40   40            0          999            0            0            0                 3.122      1             0.350
     308   1.482100e+05    1.0000000    0.0000000   4.812012e+02   40   42            0          999            0            0            0                 2.967      1             0.432
     309   1.486912e+05    1.0000000    0.0000000   4.812012e+02   40   40            0          999            0            0            0                 2.721      1             0.447
     310   1.491724e+05    1.0000000    0.0000000   4.812012e+02   40   41            0          999            0            0            0                 2.418      1             0.285
     311   1.496536e+05    1.0000000    0.0000000   4.812012e+02   40   40            0          999            0            0            0                 2.908      1             0.577
     312   1.501348e+05    1.0000000    0.0000000   4.812012e+02   40   43            0          999            0            0            0                 2.878      1             0.278
     313   1.506160e+05    1.0000000    0.0000000   4.812012e+02   40   40            0          999            0            0            0                 3.073      1             0.502
     314   1.510972e+05    1.0000000    0.0000000   4.812012e+02   40   41            0          999            0            0            0                 2.662      1             0.329
     315   1.515784e+05    1.0000000    0.0000000   4.812012e+02   40   40            0          999            0            0            0                 2.694      1             0.395
     316   1.520596e+05    1.0000000    0.0000000   4.812012e+02   40   42            0          999            0            0            0                 2.793      1             0.406
     317   1.525408e+05    1.0000000    0.0000000   4.812012e+02   40   40            0          999            0            0            0                 3.091      1             0.589
     318   1.530220e+05    1.0000000    0.0000000   4.812012e+02   40   41            0          999            0            0            0                 2.575      1             0.396
     319   1.535032e+05    1.0000000    0.0000000   4.812012e+02   40   40            0          999            0            0            0                 3.166      1             0.416
     320   1.539844e+05    1.0000000    0.0000000   4.812012e+02   40   46            0          999            0            0            0                 3.258      1             0.419
     321   1.544656e+05    1.0000000    0.0000000   4.812012e+02   40   40            0          999            0            0            0                 2.545      1             0.451
     322   1.549468e+05    1.0000000    0.0000000   4.812012e+02   40   41            0          999            0            0            0                 2.415      1             0.338
     323   1.554280e+05    1.0000000    0.0000000   4.812012e+02   40   40            0          999            0            0            0                 3.022      1             0.428
     324   1.559092e+05    1.0000000    0.0000000   4.812012e+02   40   42            0          999            0            0            0                 2.866      1             0.464
     325   1.563904e+05    1.0000000    0.0000000   4.812012e+02   40   40            0          999            0            0            0                 2.817      1             0.542
     326   1.568716e+05    1.0000000    0.0000000   4.812012e+02   40   41            0          999            0            0            0                 3.060      1             0.547
     327   1.573528e+05    1.0000000    0.0000000   4.812012e+02   40   40            0          999            0            0            0                 2.926      1             0.450
     328   1.578340e+05    1.0000000    0.0000000   4.812012e+02   40   43            0          999            0            0            0                 2.980      1             0.433
     329   1.583152e+05    1.0000000    0.0000000   4.812012e+02   40   40            0          999            0            0            0                 3.359      1             0.356
     330   1.587964e+05    1.0000000    0.0000000   4.812012e+02   40   41            0          999            0            0            0                 2.928      1             0.486
     331   1.592776e+05    1.0000000    0.0000000   4.812012e+02   40   40            0          999            0            0            0                 2.709      1             0.290
     332   1.597588e+05    1.0000000    0.0000000   4.812012e+02   40   42            0          999            0            0            0                 2.496      1             0.420
     333   1.602400e+05    1.0000000    0.0000000   4.812012e+02   40   40            0          999            0            0            0                 3.025      1             0.256
     334   1.607212e+05    1.0000000    0.0000000   4.812012e+02   40   41            0          999            0            0            0                 2.419      1             0.368
     335   1.612024e+05    1.0000000    0.0000000   4.812012e+02   40   40            0          999            0            0            0                 2.430      1             0.359
     336   1.616836e+05    1.0000000    0.0000000   4.812012e+02   40   44            0          999            0            0            0                 2.649      1             0.377
     337   1.621648e+05    1.0000000    0.0000000   4.812012e+02   40   40            0          999            0            0            0                 2.592      1             0.352
     338   1.626460e+05    1.0000000    0.0000000   4.812012e+02   40   41            0          999            0            0            0                 2.991      1             0.428
     339   1.631272e+05    1.0000000    0.0000000   4.812012e+02   40   40            0          999            0            0            0                 2.973      1             0.317
     340   1.636084e+05    1.0000000    0.0000000   4.812012e+02   40   42            0          999            0            0            0                 2.915      1             0.436
     341   1.640896e+05    1.0000000    0.0000000   4.812012e+02   40   40            0          999            0            0            0                 2.862      1             0.296
     342   1.645708e+05    1.0000000    0.0000000   4.812012e+02   40   41            0          999            0            0            0                 2.881      1             0.409
     343   1.650520e+05    1.0000000    0.0000000   4.812012e+02   40   40            0          999            0            0            0                 2.540      1             0.274
     344   1.655332e+05    1.0000000    0.0000000   4.812012e+02   40   43            0          999            0            0            0                 2.714      1             0.365
     345   1.660144e+05    1.0000000    0.0000000   4.812012e+02   40   40            0          999            0            0            0                 2.971      1             0.410
     346   1.664956e+05    1.0000000    0.0000000   4.812012e+02   40   41            0          999            0            0            0                 3.279      1             0.403
     347   1.669768e+05    1.0000000    0.0000000   4.812012e+02   40   40            0          999            0            0            0                 3.187      1             0.399
     348   1.674580e+05    1.0000000    0.0000000   4.812012e+02   40   42            0          999            0            0            0                 3.488      1             0.428
     349   1.679392e+05    1.0000000    0.0000000   4.812012e+02   40   40            0          999            0            0            0                 3.184      1             0.331
     350   1.684204e+05    1.0000000    0.0000000   4.812012e+02   40   41            0          999            0            0            0                 2.875      1             0.361
     351   1.689016e+05    1.0000000    0.0000000   4.812012e+02   40   40            0          999            0            0            0                 3.646      1             0.409
     352   1.693828e+05    1.0000000    0.0000000   4.812012e+02   40   45            0          999            0            0            0                 3.763      1             0.522
     353   1.698640e+05    1.0000000    0.0000000   4.812012e+02   40   40            0          999            0            0            0                 3.650      1             0.535
     354   1.703452e+05    1.0000000    0.0000000   4.812012e+02   40   41            0          999            0            0            0                 3.193      1             0.297
     355   1.708264e+05    1.0000000    0.0000000   4.812012e+02   40   40            0          999            0            0            0                 2.958      1             0.408
     356   1.713076e+05    1.0000000    0.0000000   4.812012e+02   40   42            0          999            0            0            0                 2.570      1             0.337
     357   1.717888e+05    1.0000000    0.0000000   4.812012e+02   40   40            0          999            0            0            0                 2.871      1             0.280
     358   1.722700e+05    1.0000000    0.0000000   4.812012e+02   40   41            0          999            0            0            0                 2.890      1             0.299
     359   1.727512e+05    1.0000000    0.0000000   4.812012e+02   40   40            0          999            0            0            0               101.900     25             0.496
     360   1.732324e+05    1.0000000    0.0000000   4.812012e+02   40   43            0          999            0            0            0                 3.003      1             0.264
     361   1.737136e+05    1.0000000    0.0000000   4.812012e+02   40   40            0          999            0            0            0                 3.195      1             0.492
     362   1.741948e+05    1.0000000    0.0000000   4.812012e+02   40   41            0          999            0            0            0                 3.253      1             0.315
     363   1.746760e+05    1.0000000    0.0000000   4.812012e+02   40   40            0          999            0            0            0                 3.302      1             0.521
     364   1.751572e+05    1.0000000    0.0000000   4.812012e+02   40   42            0          999            0            0            0                 3.492      1             0.502
     365   1.756384e+05    1.0000000    0.0000000   4.812012e+02   40   40            0          999            0            0            0                 3.333      1             0.452
     366   1.761196e+05    1.0000000    0.0000000   4.812012e+02   40   41            0          999            0            0            0                 3.139      1             0.441
     367   1.766008e+05    1.0000000    0.0000000   4.812012e+02   40   40            0          999            0            0            0                 3.216      1             0.529
     368   1.770820e+05    1.0000000    0.0000000   4.812012e+02   40   44            0          999            0            0            0                 3.339      1             0.388
     369   1.775632e+05    1.0000000    0.0000000   4.812012e+02   40   40            0          999            0            0            0                 3.212      1             0.409
     370   1.780444e+05    1.0000000    0.0000000   4.812012e+02   40   41            0          999            0            0            0                 3.339      1             0.492
     371   1.785256e+05    1.0000000    0.0000000   4.812012e+02   40   40            0          999            0            0            0                 3.380      1             0.369
     372   1.790068e+05    1.0000000    0.0000000   4.812012e+02   40   42            0          999            0            0            0                 3.504      1             0.408
     373   1.794880e+05    1.0000000    0.0000000   4.812012e+02   40   40            0          999            0            0            0                 3.955      1             0.559
     374   1.799692e+05    1.0000000    0.0000000   4.812012e+02   40   41            0          999            0            0            0                 3.835      1             0.391
     375   1.804504e+05    1.0000000    0.0000000   4.812012e+02   40   40            0          999            0            0            0                 2.785      1             0.229
     376   1.809316e+05    1.0000000    0.0000000   4.812012e+02   40   43            0          999            0            0            0                 3.126      1             0.525
     377   1.814128e+05    1.0000000    0.0000000   4.812012e+02   40   40            0          999            0            0            0                 3.540      1             0.541
     378   1.818940e+05    1.0000000    0.0000000   4.812012e+02   40   41            0          999            0            0            0                 3.298      1             0.439
     379   1.823752e+05    1.0000000    0.0000000   4.812012e+02   40   40            0          999            0            0            0                 3.338      1             0.397
     380   1.828564e+05    1.0000000    0.0000000   4.812012e+02   40   42            0          999            0            0            0                 3.000      1             0.452
     381   1.833376e+05    1.0000000    0.0000000   4.812012e+02   40   40            0          999            0            0            0                 2.927      1             0.327
     382   1.838188e+05    1.0000000    0.0000000   4.812012e+02   40   41            0          999            0            0            0                 2.924      1             0.363
     383   1.843000e+05    1.0000000    0.0000000   4.812012e+02   40   40            0          999            0            0            0                 3.588      1             0.445
     384   1.847812e+05    1.0000000    0.0000000   4.812012e+02   40   47            0         1000            0            0            0                 3.377      1             0.305
     385   1.852625e+05    1.0000000    0.0000000   4.812012e+02   40   40            0          999            0            0            0                 2.615      1             0.402
     386   1.857437e+05    1.0000000    0.0000000   4.812012e+02   40   41            0          999            0            0            0                 2.649      1             0.390
     387   1.862249e+05    1.0000000    0.0000000   4.812012e+02   40   40            0          999            0            0            0                 3.538      1             0.453
     388   1.867061e+05    1.0000000    0.0000000   4.812012e+02   40   42            0          999            0            0            0                 3.270      1             0.497
     389   1.871873e+05    1.0000000    0.0000000   4.812012e+02   40   40            0          999            0            0            0                 3.126      1             0.412
     390   1.876685e+05    1.0000000    0.0000000   4.812012e+02   40   41            0          999            0            0            0                 2.566      1             0.340
     391   1.881497e+05    1.0000000    0.0000000   4.812012e+02   40   40            0          999            0            0            0                 2.711      1             0.426
     392   1.886309e+05    1.0000000    0.0000000   4.812012e+02   40   43            0          999            0            0            0                 2.527      1             0.348
     393   1.891121e+05    1.0000000    0.0000000   4.812012e+02   40   40            0          999            0            0            0                 2.573      1             0.315
     394   1.895933e+05    1.0000000    0.0000000   4.812012e+02   40   41            0          999            0            0            0                 2.579      1             0.293
     395   1.900745e+05    1.0000000    0.0000000   4.812012e+02   40   40            0          999            0            0            0                 2.950      1             0.388
     396   1.905557e+05    1.0000000    0.0000000   4.812012e+02   40   42            0          999            0            0            0                 2.392      1             0.432
     397   1.910369e+05    1.0000000    0.0000000   4.812012e+02   40   40            0          999            0            0            0                 2.607      1             0.442
     398   1.915181e+05    1.0000000    0.0000000   4.812012e+02   40   41            0          999            0            0            0                 2.801      1             0.461
     399   1.919993e+05    1.0000000    0.0000000   4.812012e+02   40   40            0          999            0            0            0                 2.966      1             0.333
     400   1.924805e+05    1.0000000    0.0000000   4.812012e+02   40   44            0          999            0            0            0                 3.911      1             0.254
     401   1.929617e+05    1.0000000    0.0000000   4.812012e+02   40   40            0          999            0            0            0                 2.919      1             0.433
     402   1.934429e+05    1.0000000    0.0000000   4.812012e+02   40   41            0          999            0            0            0                 2.710      1             0.412
     403   1.939241e+05    1.0000000    0.0000000   4.812012e+02   40   40            0          999            0            0            0                 2.939      1             0.426
     404   1.944053e+05    1.0000000    0.0000000   4.812012e+02   40   42            0          999            0            0            0                 3.089      1             0.380
     405   1.948865e+05    1.0000000    0.0000000   4.812012e+02   40   40            0          999            0            0            0                 2.488      1             0.320
     406   1.953677e+05    1.0000000    0.0000000   4.812012e+02   40   41            0          999            0            0            0                 3.156      1             0.491
     407   1.958489e+05    1.0000000    0.0000000   4.812012e+02   40   40            0          999            0            0            0                 3.282      1             0.324
     408   1.963301e+05    1.0000000    0.0000000   4.812012e+02   40   43            0          999            0            0            0                 3.033      1             0.382
     409   1.968113e+05    1.0000000    0.0000000   4.812012e+02   40   40            0          999            0            0            0                 3.055      1             0.355
     410   1.972925e+05    1.0000000    0.0000000   4.812012e+02   40   41            0          999            0            0            0                 3.387      1             0.392
     411   1.977737e+05    1.0000000    0.0000000   4.812012e+02   40   40            0          999            0            0            0                 3.085      1             0.352
     412   1.982549e+05    1.0000000    0.0000000   4.812012e+02   40   42            0          999            0            0            0                 2.522      1             0.388
     413   1.987361e+05    1.0000000    0.0000000   4.812012e+02   40   40            0          999            0            0            0                 2.654      1             0.288
     414   1.992173e+05    1.0000000    0.0000000   4.812012e+02   40   41            0          999            0            0            0                 2.796      1             0.323
     415   1.996985e+05    1.0000000    0.0000000   4.812012e+02   40   40            0          999            0            0            0                 2.614      1             0.347
     416   2.001797e+05    1.0000000    0.0000000   4.812012e+02   40   45            0          999            0            0            0                 2.714      1             0.330
     417   2.006609e+05    1.0000000    0.0000000   4.812012e+02   40   40            0          999            0            0            0                 3.151      1             0.447
     418   2.011421e+05    1.0000000    0.0000000   4.812012e+02   40   41            0          999            0            0            0                 2.941      1             0.375
     419   2.016233e+05    1.0000000    0.0000000   4.812012e+02   40   40            0          999            0            0            0                 3.296      1             0.420
     420   2.021045e+05    1.0000000    0.0000000   4.812012e+02   40   42            0          999            0            0            0                 3.117      1             0.444
     421   2.025857e+05    1.0000000    0.0000000   4.812012e+02   40   40            0          999            0            0            0                 3.027      1             0.340
     422   2.030669e+05    1.0000000    0.0000000   4.812012e+02   40   41            0          999            0            0            0                 2.992      1             0.419
     423   2.035481e+05    1.0000000    0.0000000   4.812012e+02   40   40            0          999            0            0            0                 2.793      1             0.435
     424   2.040293e+05    1.0000000    0.0000000   4.812012e+02   40   43            0          999            0            0            0                 2.959      1             0.311
     425   2.045105e+05    1.0000000    0.0000000   4.812012e+02   40   40            0          999            0            0            0                 2.854      1             0.454
     426   2.049917e+05    1.0000000    0.0000000   4.812012e+02   40   41            0          999            0            0            0                 2.412      1             0.289
     427   2.054729e+05    1.0000000    0.0000000   4.812012e+02   40   40            0          999            0            0            0                 2.397      1             0.267
     428   2.059541e+05    1.0000000    0.0000000   4.812012e+02   40   42            0          999            0            0            0                 2.500      1             0.279
     429   2.064353e+05    1.0000000    0.0000000   4.812012e+02   40   40            0          999            0            0            0                 2.930      1             0.409
     430   2.069165e+05    1.0000000    0.0000000   4.812012e+02   40   41            0          999            0            0            0                 2.729      1             0.415
     431   2.073977e+05    1.0000000    0.0000000   4.812012e+02   40   40            0          999            0            0            0                 2.994      1             0.463
     432   2.078789e+05    1.0000000    0.0000000   4.812012e+02   40   44            0          999            0            0            0                 2.802      1             0.341
     433   2.083601e+05    1.0000000    0.0000000   4.812012e+02   40   40            0          999            0            0            0                 2.812      1             0.373
     434   2.088413e+05    1.0000000    0.0000000   4.812012e+02   40   41            0          999            0            0            0                 3.016      1             0.413
     435   2.093225e+05    1.0000000    0.0000000   4.812012e+02   40   40            0          999            0            0            0                 3.209      1             0.396
     436   2.098037e+05    1.0000000    0.0000000   4.812012e+02   40   42            0          999            0            0            0                 3.178      1             0.375
     437   2.102849e+05    1.0000000    0.0000000   4.812012e+02   40   40            0          999            0            0            0                 2.649      1             0.321
     438   2.107661e+05    1.0000000    0.0000000   4.812012e+02   40   41            0          999            0            0            0                 2.909      1             0.519
     439   2.112473e+05    1.0000000    0.0000000   4.812012e+02   40   40            0          999            0            0            0                 3.548      1             0.475
     440   2.117285e+05    1.0000000    0.0000000   4.812012e+02   40   43            0          999            0            0            0                 2.787      1             0.305
     441   2.122097e+05    1.0000000    0.0000000   4.812012e+02   40   40            0          999            0            0            0                 2.708      1             0.309
     442   2.126909e+05    1.0000000    0.0000000   4.812012e+02   40   41            0          999            0            0            0                 2.813      1             0.398
     443   2.131721e+05    1.0000000    0.0000000   4.812012e+02   40   40            0          999            0            0            0                 2.815      1             0.382
     444   2.136533e+05    1.0000000    0.0000000   4.812012e+02   40   42            0          999            0            0            0                 2.964      1             0.301
     445   2.141345e+05    1.0000000    0.0000000   4.812012e+02   40   40            0          999            0            0            0                 2.702      1             0.417
     446   2.146157e+05    1.0000000    0.0000000   4.812012e+02   40   41            0          999            0            0            0                 2.794      1             0.349
     447   2.150969e+05    1.0000000    0.0000000   4.812012e+02   40   40            0          999            0            0            0                 3.095      1             0.454
     448   2.155781e+05    1.0000000    0.0000000   4.812012e+02   40   46            0          999            0            0            0                 3.111      1             0.405
     449   2.160593e+05    1.0000000    0.0000000   4.812012e+02   40   40            0          999            0            0            0                 2.821      1             0.357
     450   2.165405e+05    1.0000000    0.0000000   4.812012e+02   40   41            0          999            0            0            0                 2.853      1             0.403
     451   2.170217e+05    1.0000000    0.0000000   4.812012e+02   40   40            0          999            0            0            0                 2.946      1             0.429
     452   2.175029e+05    1.0000000    0.0000000   4.812012e+02   40   42            0          999            0            0            0                 2.626      1             0.323
     453   2.179841e+05    1.0000000    0.0000000   4.812012e+02   40   40            0          999            0            0            0                 2.711      1             0.377
     454   2.184653e+05    1.0000000    0.0000000   4.812012e+02   40   41            0          999            0            0            0                 2.785      1             0.301
     455   2.189465e+05    1.0000000    0.0000000   4.812012e+02   40   40            0          999            0            0            0                 2.566      1             0.345
     456   2.194277e+05    1.0000000    0.0000000   4.812012e+02   40   43            0          999            0            0            0                 2.611      1             0.424
     457   2.199089e+05    1.0000000    0.0000000   4.812012e+02   40   40            0          999            0            0            0                 2.603      1             0.378
     458   2.203901e+05    1.0000000    0.0000000   4.812012e+02   40   41            0          999            0            0            0                 2.609      1             0.506
     459   2.208713e+05    1.0000000    0.0000000   4.812012e+02   40   40            0          999            0            0            0                 2.698      1             0.315
     460   2.213525e+05    1.0000000    0.0000000   4.812012e+02   40   42            0          999            0            0            0                 3.274      1             0.438
     461   2.218337e+05    1.0000000    0.0000000   4.812012e+02   40   40            0          999            0            0            0                 2.881      1             0.392
     462   2.223149e+05    1.0000000    0.0000000   4.812012e+02   40   41            0          999            0            0            0                 2.649      1             0.446
     463   2.227961e+05    1.0000000    0.0000000   4.812012e+02   40   40            0          999            0            0            0                 2.479      1             0.316
     464   2.232773e+05    1.0000000    0.0000000   4.812012e+02   40   44            0          999            0            0            0                 2.751      1             0.333
     465   2.237585e+05    1.0000000    0.0000000   4.812012e+02   40   40            0          999            0            0            0                 2.896      1             0.477
     466   2.242397e+05    1.0000000    0.0000000   4.812012e+02   40   41            0          999            0            0            0                 2.765      1             0.272
     467   2.247209e+05    1.0000000    0.0000000   4.812012e+02   40   40            0          999            0            0            0                 2.826      1             0.444
     468   2.252021e+05    1.0000000    0.0000000   4.812012e+02   40   42            0          999            0            0            0                 2.473      1             0.235
     469   2.256833e+05    1.0000000    0.0000000   4.812012e+02   40   40            0          999            0            0            0                 3.029      1             0.606
     470   2.261646e+05    1.0000000    0.0000000   4.812012e+02   40   41            0          999            0            0            0                 5.144      1             0.697
     471   2.266458e+05    1.0000000    0.0000000   4.812012e+02   40   40            0          999            0            0            0                 2.970      1             0.412
     472   2.271270e+05    1.0000000    0.0000000   4.812012e+02   40   43            0          999            0            0            0                 3.064      1             0.395
     473   2.276082e+05    1.0000000    0.0000000   4.812012e+02   40   40            0          999            0            0            0                 2.744      1             0.478
     474   2.280894e+05    1.0000000    0.0000000   4.812012e+02   40   41            0          999            0            0            0                 3.339      1             0.594
     475   2.285706e+05    1.0000000    0.0000000   4.812012e+02   40   40            0          999            0            0            0                 2.985      1             0.413
     476   2.290518e+05    1.0000000    0.0000000   4.812012e+02   40   42            0          999            0            0            0                 2.894      1             0.541
     477   2.295330e+05    1.0000000    0.0000000   4.812012e+02   40   40            0          999            0            0            0                 2.851      1             0.405
     478   2.300142e+05    1.0000000    0.0000000   4.812012e+02   40   41            0          999            0            0            0                 2.813      1             0.369
     479   2.304954e+05    1.0000000    0.0000000   4.812012e+02   40   40            0          999            0            0            0                 3.095      1             0.587
     480   2.309766e+05    1.0000000    0.0000000   4.812012e+02   40   45            0          999            0            0            0                 2.935      1             0.452
     481   2.314578e+05    1.0000000    0.0000000   4.812012e+02   40   40            0          999            0            0            0                 2.775      1             0.375
     482   2.319390e+05    1.0000000    0.0000000   4.812012e+02   40   41            0          999            0            0            0                 3.457      1             0.309
     483   2.324202e+05    1.0000000    0.0000000   4.812012e+02   40   40            0          999            0            0            0                 2.844      1             0.277
     484   2.329014e+05    1.0000000    0.0000000   4.812012e+02   40   42            0          999            0            0            0                 2.690      1             0.353
     485   2.333826e+05    1.0000000    0.0000000   4.812012e+02   40   40            0          999            0            0            0                 3.122      1             0.367
     486   2.338638e+05    1.0000000    0.0000000   4.812012e+02   40   41            0          999            0            0            0                 2.717      1             0.332
     487   2.343450e+05    1.0000000    0.0000000   4.812012e+02   40   40            0          999            0            0            0                 2.336      1             0.236
     488   2.348262e+05    1.0000000    0.0000000   4.812012e+02   40   43            0          999            0            0            0                 2.654      1             0.499
     489   2.353074e+05    1.0000000    0.0000000   4.812012e+02   40   40            0          999            0            0            0                 2.851      1             0.427
     490   2.357886e+05    1.0000000    0.0000000   4.812012e+02   40   41            0          999            0            0            0                 2.909      1             0.344
     491   2.362698e+05    1.0000000    0.0000000   4.812012e+02   40   40            0          999            0            0            0                 2.716      1             0.399
     492   2.367510e+05    1.0000000    0.0000000   4.812012e+02   40   42            0          999            0            0            0                 2.644      1             0.217
     493   2.372322e+05    1.0000000    0.0000000   4.812012e+02   40   40            0          999            0            0            0                 3.348      1             0.471
     494   2.377134e+05    1.0000000    0.0000000   4.812012e+02   40   41            0          999            0            0            0                 2.896      1             0.483
     495   2.381946e+05    1.0000000    0.0000000   4.812012e+02   40   40            0          999            0            0            0                 2.920      1             0.410
     496   2.386758e+05    1.0000000    0.0000000   4.812012e+02   40   44            0          999            0            0            0                 3.113      1             0.443
     497   2.391570e+05    1.0000000    0.0000000   4.812012e+02   40   40            0          999            0            0            0                 2.745      1             0.292
     498   2.396382e+05    1.0000000    0.0000000   4.812012e+02   40   41            0          999            0            0            0                 2.697      1             0.361
     499   2.401194e+05    1.0000000    0.0000000   4.812012e+02   40   40            0          999            0            0            0                 3.099      1             0.310
     500   2.406006e+05    1.0000000    0.0000000   4.812012e+02   40   42            0          999            0            0            0                 3.921      1             0.392
     501   2.410818e+05    1.0000000    0.0000000   4.812012e+02   40   40            0          999            0            0            0                 3.035      1             0.503
     502   2.415630e+05    1.0000000    0.0000000   4.812012e+02   40   41            0          999            0            0            0                 2.783      1             0.261
     503   2.420442e+05    1.0000000    0.0000000   4.812012e+02   40   40            0          999            0            0            0                 2.812      1             0.381
     504   2.425254e+05    1.0000000    0.0000000   4.812012e+02   40   43            0          999            0            0            0                 3.125      1             0.344
     505   2.430066e+05    1.0000000    0.0000000   4.812012e+02   40   40            0          999            0            0            0                 2.847      1             0.449
     506   2.434878e+05    1.0000000    0.0000000   4.812012e+02   40   41            0          999            0            0            0                 2.950      1             0.357
     507   2.439690e+05    1.0000000    0.0000000   4.812012e+02   40   40            0          999            0            0            0                 2.902      1             0.348
     508   2.444502e+05    1.0000000    0.0000000   4.812012e+02   40   42            0          999            0            0            0                 2.987      1             0.345
     509   2.449314e+05    1.0000000    0.0000000   4.812012e+02   40   40            0          999            0            0            0                 2.623      1             0.389
     510   2.454126e+05    1.0000000    0.0000000   4.812012e+02   40   41            0          999            0            0            0                 2.781      1             0.393
     511   2.458938e+05    1.0000000    0.0000000   4.812012e+02   40   40            0          999            0            0            0                 2.882      1             0.345
     512   2.463750e+05    1.0000000    0.0000000   4.812012e+02   40   49            0         1000            0            0            0                 2.764      1             0.357
     513   2.468562e+05    1.0000000    0.0000000   4.812012e+02   40   40            0          999            0            0            0                 2.765      1             0.382
     514   2.473374e+05    1.0000000    0.0000000   4.812012e+02   40   41            0          999            0            0            0                 3.052      1             0.379
     515   2.478186e+05    1.0000000    0.0000000   4.812012e+02   40   40            0          999            0            0            0                 2.592      1             0.288
     516   2.482998e+05    1.0000000    0.0000000   4.812012e+02   40   42            0          999            0            0            0                 2.571      1             0.333
     517   2.487810e+05    1.0000000    0.0000000   4.812012e+02   40   40            0          999            0            0            0                 2.936      1             0.384
     518   2.492622e+05    1.0000000    0.0000000   4.812012e+02   40   41            0          999            0            0            0                 2.922      1             0.296
     519   2.497434e+05    1.0000000    0.0000000   4.812012e+02   40   40            0          999            0            0            0                 2.991      1             0.447
     520   2.502246e+05    1.0000000    0.0000000   4.812012e+02   40   43            0          999            0            0            0                 3.048      1             0.412
     521   2.507058e+05    1.0000000    0.0000000   4.812012e+02   40   40            0          999            0            0            0                 2.994      1             0.410
     522   2.511870e+05    1.0000000    0.0000000   4.812012e+02   40   41            0          999            0            0            0                 2.839      1             0.458
     523   2.516682e+05    1.0000000    0.0000000   4.812012e+02   40   40            0          999            0            0            0                 2.841      1             0.273
     524   2.521494e+05    1.0000000    0.0000000   4.812012e+02   40   42            0          999            0            0            0                 2.462      1             0.343
     525   2.526306e+05    1.0000000    0.0000000   4.812012e+02   40   40            0          999            0            0            0                 2.913      1             0.429
     526   2.531118e+05    1.0000000    0.0000000   4.812012e+02   40   41            0          999            0            0            0                 3.325      1             0.396
     527   2.535930e+05    1.0000000    0.0000000   4.812012e+02   40   40            0          999            0            0            0                 2.790      1             0.454
     528   2.540742e+05    1.0000000    0.0000000   4.812012e+02   40   44            0          999            0            0            0                 2.902      1             0.366
     529   2.545554e+05    1.0000000    0.0000000   4.812012e+02   40   40            0          999            0            0            0                 2.750      1             0.361
     530   2.550366e+05    1.0000000    0.0000000   4.812012e+02   40   41            0          999            0            0            0                 2.772      1             0.283
     531   2.555178e+05    1.0000000    0.0000000   4.812012e+02   40   40            0          999            0            0            0                 2.465      1             0.336
     532   2.559990e+05    1.0000000    0.0000000   4.812012e+02   40   42            0          999            0            0            0                 2.690      1             0.442
     533   2.564802e+05    1.0000000    0.0000000   4.812012e+02   40   40            0          999            0            0            0                 2.549      1             0.301
     534   2.569614e+05    1.0000000    0.0000000   4.812012e+02   40   41            0          999            0            0            0                 2.261      1             0.256
     535   2.574426e+05    1.0000000    0.0000000   4.812012e+02   40   40            0          999            0            0            0                 2.404      1             0.271
     536   2.579238e+05    1.0000000    0.0000000   4.812012e+02   40   43            0          999            0            0            0                 2.998      1             0.367
     537   2.584050e+05    1.0000000    0.0000000   4.812012e+02   40   40            0          999            0            0            0                 2.970      1             0.299
     538   2.588862e+05    1.0000000    0.0000000   4.812012e+02   40   41            0          999            0            0            0                 3.134      1             0.330
     539   2.591268e+05    1.0000000    0.0000000   2.406006e+02   39   39            0            1            0            0            0               101.213     25             0.313
     540   2.593674e+05    1.0000000    0.0000000   2.406006e+02   39   40            0          999            0            0            0                 1.743      0             0.466
     541   2.596080e+05    1.0000000    0.0000000   2.406006e+02   39   39            0            4            0            0            0                 3.462      1             0.309
     542   2.598486e+05    1.0000000    0.0000000   2.406006e+02   39   42            0          999            0            0            0                 1.762      0             0.443
     543   2.600892e+05    1.0000000    0.0000000   2.406006e+02   39   39            0            5            0            0            0                 2.970      1             0.164
     544   2.603298e+05    1.0000000    0.0000000   2.406006e+02   39   40            0          999            0            0            0                 1.686      0             0.426
     545   2.605704e+05    1.0000000    0.0000000   2.406006e+02   39   39            0            6            0            0            0                 2.473      1             0.276
     546   2.608110e+05    1.0000000    0.0000000   2.406006e+02   39   41            0          999            0            0            0                 1.710      0             0.430
     547   2.610516e+05    1.0000000    0.0000000   2.406006e+02   39   39            0            6            0            0            0                 3.105      1             0.285
     548   2.612922e+05    1.0000000    0.0000000   2.406006e+02   39   40            0          999            0            0            0                 2.434      0             0.415
     549   2.615328e+05    1.0000000    0.0000000   2.406006e+02   39   39            0            6            0            0            0                 4.306      1             0.291
     550   2.617734e+05    1.0000000    0.0000000   2.406006e+02   39   45            0          999            0            0            0                 1.970      0             0.578
     551   2.620140e+05    1.0000000    0.0000000   2.406006e+02   39   39            0            6            0            0            0                 2.953      1             0.214
     552   2.622546e+05    1.0000000    0.0000000   2.406006e+02   39   40            0          999            0            0            0                 1.679      0             0.374
     553   2.624952e+05    1.0000000    0.0000000   2.406006e+02   39   39            0            8            0            0            0                 2.603      1             0.148
     554   2.627358e+05    1.0000000    0.0000000   2.406006e+02   39   41            0          999            0            0            0                 1.880      0             0.420
     555   2.629764e+05    1.0000000    0.0000000   2.406006e+02   39   39            0            8            0            0            0                 2.601      1             0.282
     556   2.632170e+05    1.0000000    0.0000000   2.406006e+02   39   40            0          999            0            0            0                 1.681      0             0.388
     557   2.634576e+05    1.0000000    0.0000000   2.406006e+02   39   39            0            9            0            0            0                 3.242      1             0.808
     558   2.636982e+05    1.0000000    0.0000000   2.406006e+02   39   42            0          999            0            0            0                 2.116      0             0.941
     559   2.639388e+05    1.0000000    0.0000000   2.406006e+02   39   39            0            9            0            0            0                 3.609      1             0.511
     560   2.641794e+05    1.0000000    0.0000000   2.406006e+02   39   40            0          999            0            0            0                 1.791      0             0.472
     561   2.644200e+05    1.0000000    0.0000000   2.406006e+02   39   39            0           10            0            0            0                 3.178      1             0.249
     562   2.646606e+05    1.0000000    0.0000000   2.406006e+02   39   41            0          999            0            0            0                 3.418      1             0.407
     563   2.649012e+05    1.0000000    0.0000000   2.406006e+02   39   39            0           13            0            0            0                 3.283      1             0.298
     564   2.651418e+05    1.0000000    0.0000000   2.406006e+02   39   40            0          999            0            0            0                 3.993      1             0.629
     565   2.653824e+05    1.0000000    0.0000000   2.406006e+02   39   39            0           14            0            0            0                 3.377      1             0.302
     566   2.656230e+05    1.0000000    0.0000000   2.406006e+02   39   43            0          999            0            0            0                 4.571      1             0.573
     567   2.658636e+05    1.0000000    0.0000000   2.406006e+02   39   39            0           15            0            0            0                 5.266      1             0.213
     568   2.661042e+05    1.0000000    0.0000000   2.406006e+02   39   40            0          999            0            0            0                 4.219      1             0.381
     569   2.663448e+05    1.0000000    0.0000000   2.406006e+02   39   39            0           17            0            0            0                 2.253      1             0.297
     570   2.665854e+05    1.0000000    0.0000000   2.406006e+02   39   41            0          999            0            0            0                 4.396      1             0.570
     571   2.668260e+05    1.0000000    0.0000000   2.406006e+02   39   39            0           19            0            0            0                 1.976      1             0.206
     572   2.670667e+05    1.0000000    0.0000000   2.406006e+02   39   40            0          999            0            0            0                 2.610      1             0.435
     573   2.673073e+05    1.0000000    0.0000000   2.406006e+02   39   39            0           20            0            0            0                 2.459      1             0.347
     574   2.675479e+05    1.0000000    0.0000000   2.406006e+02   39   42            0          999            0            0            0                 2.545      1             0.439
     575   2.677885e+05    1.0000000    0.0000000   2.406006e+02   39   39            0           21            0            0            0                 3.166      1             0.462
     576   2.680291e+05    1.0000000    0.0000000   2.406006e+02   39   40            0          999            0            0            0                 3.015      1             0.431
     577   2.682697e+05    1.0000000    0.0000000   2.406006e+02   39   39            0           23            0            0            0                 2.340      1             0.314
     578   2.685103e+05    1.0000000    0.0000000   2.406006e+02   39   41            0          999            0            0            0                 3.546      1             0.428
     579   2.687509e+05    1.0000000    0.0000000   2.406006e+02   39   39            0           23            0            0            0                 2.787      1             0.322
     580   2.689915e+05    1.0000000    0.0000000   2.406006e+02   39   40            0          999            0            0            0                 3.056      1             0.345
     581   2.692321e+05    1.0000000    0.0000000   2.406006e+02   39   39            0           23            0            0            0                 2.278      1             0.319
     582   2.694727e+05    1.0000000    0.0000000   2.406006e+02   39   44            0          999            0            0            0                 3.001      1             0.539
     583   2.697133e+05    1.0000000    0.0000000   2.406006e+02   39   39            0           23            0            0            0                 2.331      1             0.198
     584   2.699539e+05    1.0000000    0.0000000   2.406006e+02   39   40            0          999            0            0            0                 3.611      1             0.549
     585   2.701945e+05    1.0000000    0.0000000   2.406006e+02   39   39            0           25            0            0            0                 2.116      1             0.308
     586   2.704351e+05    1.0000000    0.0000000   2.406006e+02   39   41            0          999            0            0            0                 2.946      1             0.347
     587   2.706757e+05    1.0000000    0.0000000   2.406006e+02   39   39            0           26            0            0            0                 2.552      1             0.250
     588   2.709163e+05    1.0000000    0.0000000   2.406006e+02   39   40            0          999            0            0            0                 3.168      1             0.236
     589   2.711569e+05    1.0000000    0.0000000   2.406006e+02   39   39            0           26            0            0            0                 2.479      1             0.228
     590   2.713975e+05    1.0000000    0.0000000   2.406006e+02   39   42            0          999            0            0            0                 3.015      1             0.301
     591   2.716381e+05    1.0000000    0.0000000   2.406006e+02   39   39            0           26            0            0            0                 2.197      1             0.155
     592   2.718787e+05    1.0000000    0.0000000   2.406006e+02   39   40            0          999            0            0            0                 4.111      1             0.472
     593   2.721193e+05    1.0000000    0.0000000   2.406006e+02   39   39            0           26            0            0            0                 3.341      1             0.700
     594   2.723599e+05    1.0000000    0.0000000   2.406006e+02   39   41            0          999            0            0            0                 3.536      1             0.506
     595   2.726005e+05    1.0000000    0.0000000   2.406006e+02   39   39            0           27            0            0            0                 2.420      1             0.269
     596   2.728411e+05    1.0000000    0.0000000   2.406006e+02   39   40            0          999            0            0            0                 3.124      1             0.429
     597   2.730817e+05    1.0000000    0.0000000   2.406006e+02   39   39            0           29            0            0            0                 1.941      1             0.174
     598   2.733223e+05    1.0000000    0.0000000   2.406006e+02   39   43            0          999            0            0            0                 2.583      1             0.287
     599   2.735629e+05    1.0000000    0.0000000   2.406006e+02   39   39            0           30            0            0            0                 1.759      1             0.276
     600   2.738035e+05    1.0000000    0.0000000   2.406006e+02   39   40            0          999            0            0            0                 5.230      1             0.683
     601   2.740441e+05    1.0000000    0.0000000   2.406006e+02   39   39            0           31            0            0            0                 2.144      1             0.198
     602   2.742847e+05    1.0000000    0.0000000   2.406006e+02   39   41            0          999            0            0            0                 2.895      1             0.458
     603   2.745253e+05    1.0000000    0.0000000   2.406006e+02   39   39            0           31            0            0            0                 2.230      1             0.359
     604   2.747659e+05    1.0000000    0.0000000   2.406006e+02   39   40            0          999            0            0            0                 3.029      1             0.336
     605   2.750065e+05    1.0000000    0.0000000   2.406006e+02   39   39            0           34            0            0            0                 2.409      1             0.177
     606   2.752471e+05    1.0000000    0.0000000   2.406006e+02   39   42            0          999            0            0            0                 3.159      1             0.407
     607   2.754877e+05    1.0000000    0.0000000   2.406006e+02   39   39            0           35            0            0            0                 2.583      1             0.299
     608   2.757283e+05    1.0000000    0.0000000   2.406006e+02   39   40            0          999            0            0            0                 2.680      1             0.376
     609   2.759689e+05    1.0000000    0.0000000   2.406006e+02   39   39            0           36            0            0            0                 1.882      1             0.277
     610   2.762095e+05    1.0000000    0.0000000   2.406006e+02   39   41            0          999            0            0            0                 2.874      1             0.423
     611   2.764501e+05    1.0000000    0.0000000   2.406006e+02   39   39            0           39            0            0            0                 2.683      1             0.547
     612   2.766907e+05    1.0000000    0.0000000   2.406006e+02   39   40            0          999            0            0            0                 2.530      1             0.363
     613   2.769313e+05    1.0000000    0.0000000   2.406006e+02   39   39            0           41            0            0            0                 1.778      1             0.172
     614   2.771719e+05    1.0000000    0.0000000   2.406006e+02   39   46            0          999            0            0            0                 3.266      1             0.378
     615   2.774125e+05    1.0000000    0.0000000   2.406006e+02   39   39            0           43            0            0            0                 2.108      1             0.289
     616   2.776531e+05    1.0000000    0.0000000   2.406006e+02   39   40            0          999            0            0            0                 2.638      1             0.307
     617   2.778937e+05    1.0000000    0.0000000   2.406006e+02   39   39            0           43            0            0            0                 1.981      1             0.195
     618   2.781343e+05    1.0000000    0.0000000   2.406006e+02   39   41            0          999            0            0            0                 2.788      1             0.399
     619   2.783749e+05    1.0000000    0.0000000   2.406006e+02   39   39            0           44            0            0            0                 1.683      1             0.238
     620   2.786155e+05    1.0000000    0.0000000   2.406006e+02   39   40            0          999            0            0            0                 2.340      1             0.304
     621   2.788561e+05    1.0000000    0.0000000   2.406006e+02   39   39            0           46            0            0            0                 1.810      1             0.313
     622   2.790967e+05    1.0000000    0.0000000   2.406006e+02   39   42            0          999            0            0            0                 2.563      1             0.373
     623   2.793373e+05    1.0000000    0.0000000   2.406006e+02   39   39            0           47            0            0            0                 1.924      1             0.207
     624   2.795779e+05    1.0000000    0.0000000   2.406006e+02   39   40            0          999            0            0            0                 2.407      1             0.396
     625   2.798185e+05    1.0000000    0.0000000   2.406006e+02   39   39            0           47            0            0            0                 1.851      1             0.172
     626   2.800591e+05    1.0000000    0.0000000   2.406006e+02   39   41            0          999            0            0            0                 2.589      1             0.279
     627   2.802997e+05    1.0000000    0.0000000   2.406006e+02   39   39            0           47            0            0            0                 1.665      1             0.258
     628   2.805403e+05    1.0000000    0.0000000   2.406006e+02   39   40            0          999            0            0            0                 2.320      1             0.299
     629   2.807809e+05    1.0000000    0.0000000   2.406006e+02   39   39            0           49            0            0            0                 1.421      1             0.156
     630   2.810215e+05    1.0000000    0.0000000   2.406006e+02   39   43            0          999            0            0            0                 2.348      1             0.361
     631   2.812621e+05    1.0000000    0.0000000   2.406006e+02   39   39            0           49            0            0            0                 1.664      1             0.207
     632   2.815027e+05    1.0000000    0.0000000   2.406006e+02   39   40            0          999            0            0            0                 2.323      1             0.418
     633   2.817433e+05    1.0000000    0.0000000   2.406006e+02   39   39            0           50            0            0            0                 1.623      1             0.133
     634   2.819839e+05    1.0000000    0.0000000   2.406006e+02   39   41            0          999            0            0            0                 2.336      1             0.213
     635   2.822245e+05    1.0000000    0.0000000   2.406006e+02   39   39            0           50            0            0            0                 1.657      1             0.242
     636   2.824651e+05    1.0000000    0.0000000   2.406006e+02   39   40            0          999            0            0            0                 2.856      1             0.274
     637   2.827057e+05    1.0000000    0.0000000   2.406006e+02   39   39            0           50            0            0            0                 1.898      1             0.300
     638   2.829463e+05    1.0000000    0.0000000   2.406006e+02   39   42            0          999            0            0            0                 2.628      1             0.361
     639   2.831869e+05    1.0000000    0.0000000   2.406006e+02   39   39            0           51            0            0            0                 1.911      1             0.351
     640   2.834275e+05    1.0000000    0.0000000   2.406006e+02   39   40            0          999            0            0            0                 2.308      1             0.268
     641   2.836681e+05    1.0000000    0.0000000   2.406006e+02   39   39            0           54            0            0            0                 1.568      1             0.147
     642   2.839087e+05    1.0000000    0.0000000   2.406006e+02   39   41            0          999            0            0            0                 2.393      1             0.299
     643   2.841493e+05    1.0000000    0.0000000   2.406006e+02   39   39            0           55            0            0            0                 1.848      1             0.287
     644   2.843899e+05    1.0000000    0.0000000   2.406006e+02   39   40            0          999            0            0            0                 2.654      1             0.457
     645   2.846305e+05    1.0000000    0.0000000   2.406006e+02   39   39            0           56            0            0            0                 1.684      1             0.225
     646   2.848711e+05    1.0000000    0.0000000   2.406006e+02   39   44            0          999            0            0            0                 2.595      1             0.372
     647   2.851117e+05    1.0000000    0.0000000   2.406006e+02   39   39            0           57            0            0            0                 1.757      1             0.171
     648   2.853523e+05    1.0000000    0.0000000   2.406006e+02   39   40            0          999            0            0            0                 2.243      1             0.350
     649   2.855929e+05    1.0000000    0.0000000   2.406006e+02   39   39            0           57            0            0            0                 1.668      1             0.197
     650   2.858335e+05    1.0000000    0.0000000   2.406006e+02   39   41            0          999            0            0            0                 2.159      1             0.196
     651   2.860741e+05    1.0000000    0.0000000   2.406006e+02   39   39            0           59            0            0            0                 1.649      1             0.218
     652   2.863147e+05    1.0000000    0.0000000   2.406006e+02   39   40            0          999            0            0            0                 2.456      1             0.273
     653   2.865553e+05    1.0000000    0.0000000   2.406006e+02   39   39            0           59            0            0            0                 1.681      1             0.265
     654   2.867959e+05    1.0000000    0.0000000   2.406006e+02   39   42            0          999            0            0            0                 3.394      1             0.530
     655   2.870365e+05    1.0000000    0.0000000   2.406006e+02   39   39            0           60            0            0            0                 2.075      1             0.247
     656   2.872771e+05    1.0000000    0.0000000   2.406006e+02   39   40            0          999            0            0            0                 2.491      1             0.332
     657   2.875177e+05    1.0000000    0.0000000   2.406006e+02   39   39            0           61            0            0            0                 1.764      1             0.266
     658   2.877583e+05    1.0000000    0.0000000   2.406006e+02   39   41            0          999            0            0            0                 2.764      1             0.283
     659   2.879989e+05    1.0000000    0.0000000   2.406006e+02   39   39            0           62            0            0            0                 2.553      1             0.324
     660   2.882395e+05    1.0000000    0.0000000   2.406006e+02   39   40            0          999            0            0            0                 3.132      1             0.402
     661   2.884801e+05    1.0000000    0.0000000   2.406006e+02   39   39            0           64            0            0            0                 1.841      1             0.276
     662   2.887207e+05    1.0000000    0.0000000   2.406006e+02   39   43            0          999            0            0            0                 2.369      1             0.280
     663   2.889613e+05    1.0000000    0.0000000   2.406006e+02   39   39            0           65            0            0            0                 1.714      1             0.155
     664   2.892019e+05    1.0000000    0.0000000   2.406006e+02   39   40            0          999            0            0            0                 2.823      1             0.311
     665   2.894425e+05    1.0000000    0.0000000   2.406006e+02   39   39            0           67            0            0            0                 1.835      1             0.170
     666   2.896831e+05    1.0000000    0.0000000   2.406006e+02   39   41            0          999            0            0            0                 2.793      1             0.458
     667   2.899237e+05    1.0000000    0.0000000   2.406006e+02   39   39            0           68            0            0            0                 1.850      1             0.253
     668   2.901643e+05    1.0000000    0.0000000   2.406006e+02   39   40            0          999            0            0            0                 2.577      1             0.296
     669   2.904049e+05    1.0000000    0.0000000   2.406006e+02   39   39            0           72            0            0            0                 1.780      1             0.247
     670   2.906455e+05    1.0000000    0.0000000   2.406006e+02   39   42            0          999            0            0            0                 2.293      1             0.284
     671   2.908861e+05    1.0000000    0.0000000   2.406006e+02   39   39            0           73            0            0            0                 1.715      1             0.157
     672   2.911267e+05    1.0000000    0.0000000   2.406006e+02   39   40            0          999            0            0            0                 2.382      1             0.328
     673   2.913673e+05    1.0000000    0.0000000   2.406006e+02   39   39            0           73            0            0            0                 1.666      1             0.201
     674   2.916079e+05    1.0000000    0.0000000   2.406006e+02   39   41            0          999            0            0            0                 2.226      1             0.248
     675   2.918485e+05    1.0000000    0.0000000   2.406006e+02   39   39            0           76            0            0            0                 1.739      1             0.244
     676   2.920891e+05    1.0000000    0.0000000   2.406006e+02   39   40            0          999            0            0            0                 2.500      1             0.407
     677   2.923297e+05    1.0000000    0.0000000   2.406006e+02   39   39            0           77            0            0            0                 1.654      1             0.168
     678   2.925703e+05    1.0000000    0.0000000   2.406006e+02   39   45            0          999            0            0            0                 2.449      1             0.362
     679   2.928109e+05    1.0000000    0.0000000   2.406006e+02   39   39            0           81            0            0            0                 1.803      1             0.280
     680   2.930515e+05    1.0000000    0.0000000   2.406006e+02   39   40            0          999            0            0            0                 3.099      1             0.434
     681   2.932921e+05    1.0000000    0.0000000   2.406006e+02   39   39            0           83            0            0            0                 2.254      1             0.320
     682   2.935327e+05    1.0000000    0.0000000   2.406006e+02   39   41            0          999            0            0            0                 2.676      1             0.293
     683   2.937733e+05    1.0000000    0.0000000   2.406006e+02   39   39            0           83            0            0            0                 2.077      1             0.196
     684   2.940139e+05    1.0000000    0.0000000   2.406006e+02   39   40            0          999            0            0            0                 2.919      1             0.319
     685   2.942545e+05    1.0000000    0.0000000   2.406006e+02   39   39            0           83            0            0            0                 2.142      1             0.292
     686   2.944951e+05    1.0000000    0.0000000   2.406006e+02   39   42            0          999            0            0            0                 2.567      1             0.321
     687   2.947357e+05    1.0000000    0.0000000   2.406006e+02   39   39            0           84            0            0            0                 2.002      1             0.222
     688   2.949763e+05    1.0000000    0.0000000   2.406006e+02   39   40            0          999            0            0            0                 2.871      1             0.293
     689   2.952169e+05    1.0000000    0.0000000   2.406006e+02   39   39            0           85            0            0            0                 2.039      1             0.221
     690   2.954575e+05    1.0000000    0.0000000   2.406006e+02   39   41            0          999            0            0            0                 2.750      1             0.329
     691   2.956981e+05    1.0000000    0.0000000   2.406006e+02   39   39            0           86            0            0            0                 1.756      1             0.195
     692   2.959387e+05    1.0000000    0.0000000   2.406006e+02   39   40            0          999            0            0            0                 2.193      1             0.263
     693   2.961793e+05    1.0000000    0.0000000   2.406006e+02   39   39            0           87            0            0            0                 1.677      1             0.171
     694   2.964199e+05    1.0000000    0.0000000   2.406006e+02   39   43            0          999            0            0            0                 2.508      1             0.194
     695   2.966605e+05    1.0000000    0.0000000   2.406006e+02   39   39            0           88            0            0            0                 1.818      1             0.228
     696   2.969011e+05    1.0000000    0.0000000   2.406006e+02   39   40            0          999            0            0            0                 2.306      1             0.242
     697   2.971417e+05    1.0000000    0.0000000   2.406006e+02   39   39            0           88            0            0            0                 1.694      1             0.228
     698   2.973823e+05    1.0000000    0.0000000   2.406006e+02   39   41            0          999            0            0            0                 2.294      1             0.225
     699   2.976229e+05    1.0000000    0.0000000   2.406006e+02   39   39            0           90            0            0            0                 1.705      1             0.252
     700   2.978635e+05    1.0000000    0.0000000   2.406006e+02   39   40            0          999            0            0            0                 3.442      1             0.272
     701   2.981041e+05    1.0000000    0.0000000   2.406006e+02   39   39            0           90            0            0            0                 2.402      1             0.214
     702   2.983447e+05    1.0000000    0.0000000   2.406006e+02   39   42            0          999            0            0            0                 2.309      1             0.309
     703   2.985853e+05    1.0000000    0.0000000   2.406006e+02   39   39            0           91            0            0            0                 1.854      1             0.214
     704   2.988259e+05    1.0000000    0.0000000   2.406006e+02   39   40            0          999            0            0            0                 2.445      1             0.282
     705   2.990665e+05    1.0000000    0.0000000   2.406006e+02   39   39            0           91            0            0            0                 1.996      1             0.258
     706   2.993071e+05    1.0000000    0.0000000   2.406006e+02   39   41            0          999            0            0            0                 2.225      1             0.328
     707   2.995477e+05    1.0000000    0.0000000   2.406006e+02   39   39            0           92            0            0            0                 1.979      1             0.270
     708   2.997883e+05    1.0000000    0.0000000   2.406006e+02   39   40            0          999            0            0            0                 2.748      1             0.505
     709   3.000289e+05    1.0000000    0.0000000   2.406006e+02   39   39            0           92            0            0            0                 2.136      1             0.348
     710   3.002695e+05    1.0000000    0.0000000   2.406006e+02   39   44            0          999            0            0            0                 2.804      1             0.328
     711   3.005101e+05    1.0000000    0.0000000   2.406006e+02   39   39            0           94            0            0            0                 2.132      1             0.303
     712   3.007507e+05    1.0000000    0.0000000   2.406006e+02   39   40            0          999            0            0            0                 2.615      1             0.292
     713   3.009913e+05    1.0000000    0.0000000   2.406006e+02   39   39            0           95            0            0            0                 1.789      1             0.178
     714   3.012319e+05    1.0000000    0.0000000   2.406006e+02   39   41            0          999            0            0            0                 2.498      1             0.354
     715   3.014725e+05    1.0000000    0.0000000   2.406006e+02   39   39            0           96            0            0            0                 1.902      1             0.186
     716   3.017131e+05    1.0000000    0.0000000   2.406006e+02   39   40            0          999            0            0            0                 2.353      1             0.371
     717   3.019537e+05    1.0000000    0.0000000   2.406006e+02   39   39            0           97            0            0            0                 1.696      1             0.267
     718   3.021943e+05    1.0000000    0.0000000   2.406006e+02   39   42            0          999            0            0            0                 2.410      1             0.344
     719   3.024349e+05    1.0000000    0.0000000   2.406006e+02   39   39            0           98            0            0            0                 1.676      1             0.228
     720   3.026755e+05    1.0000000    0.0000000   2.406006e+02   39   40            0          999            0            0            0                 2.548      1             0.372
     721   3.029161e+05    1.0000000    0.0000000   2.406006e+02   39   39            0          100            0            0            0                 1.756      1             0.296
     722   3.031567e+05    1.0000000    0.0000000   2.406006e+02   39   41            0          999            0            0            0                 2.178      1             0.218
     723   3.033973e+05    1.0000000    0.0000000   2.406006e+02   39   39            0          101            0            0            0                 2.094      1             0.304
     724   3.036379e+05    1.0000000    0.0000000   2.406006e+02   39   40            0          999            0            0            0                 2.479      1             0.395
     725   3.038785e+05    1.0000000    0.0000000   2.406006e+02   39   39            0          101            0            0            0                 1.605      1             0.240
     726   3.041191e+05    1.0000000    0.0000000   2.406006e+02   39   43            0          999            0            0            0                 2.192      1             0.219
     727   3.043597e+05    1.0000000    0.0000000   2.406006e+02   39   39            0          102            0            0            0                 1.750      1             0.219
     728   3.046003e+05    1.0000000    0.0000000   2.406006e+02   39   40            0          999            0            0            0                 2.353      1             0.379
     729   3.048409e+05    1.0000000    0.0000000   2.406006e+02   39   39            0          103            0            0            0                 1.825      1             0.274
     730   3.050815e+05    1.0000000    0.0000000   2.406006e+02   39   41            0          999            0            0            0                 2.429      1             0.243
     731   3.053221e+05    1.0000000    0.0000000   2.406006e+02   39   39            0          103            0            0            0                 1.792      1             0.221
     732   3.055627e+05    1.0000000    0.0000000   2.406006e+02   39   40            0          999            0            0            0                 2.434      1             0.246
     733   3.058033e+05    1.0000000    0.0000000   2.406006e+02   39   39            0          103            0            0            0                 1.779      1             0.219
     734   3.060439e+05    1.0000000    0.0000000   2.406006e+02   39   42            0          999            0            0            0                 2.358      1             0.313
     735   3.062845e+05    1.0000000    0.0000000   2.406006e+02   39   39            0          103            0            0            0                 1.753      1             0.225
     736   3.065251e+05    1.0000000    0.0000000   2.406006e+02   39   40            0          999            0            0            0                 2.571      1             0.263
     737   3.067657e+05    1.0000000    0.0000000   2.406006e+02   39   39            0          104            0            0            0                 1.916      1             0.221
     738   3.070063e+05    1.0000000    0.0000000   2.406006e+02   39   41            0          999            0            0            0                 2.369      1             0.320
     739   3.072469e+05    1.0000000    0.0000000   2.406006e+02   39   39            0          105            0            0            0                 1.726      1             0.230
     740   3.074875e+05    1.0000000    0.0000000   2.406006e+02   39   40            0          999            0            0            0                 2.181      1             0.264
     741   3.077281e+05    1.0000000    0.0000000   2.406006e+02   39   39            0          106            0            0            0                 1.693      1             0.197
     742   3.079688e+05    1.0000000    0.0000000   2.406006e+02   39   47            0         1000            0            0            0                 2.219      1             0.211
     743   3.082094e+05    1.0000000    0.0000000   2.406006e+02   39   39            0          106            0            0            0                 1.680      1             0.199
     744   3.084500e+05    1.0000000    0.0000000   2.406006e+02   39   40            0          999            0            0            0                 2.437      1             0.332
     745   3.086906e+05    1.0000000    0.0000000   2.406006e+02   39   39            0          107            0            0            0                 2.248      1             0.284
     746   3.089312e+05    1.0000000    0.0000000   2.406006e+02   39   41            0          999            0            0            0                 2.889      1             0.496
     747   3.091718e+05    1.0000000    0.0000000   2.406006e+02   39   39            0          107            0            0            0                 1.782      1             0.242
     748   3.094124e+05    1.0000000    0.0000000   2.406006e+02   39   40            0          999            0            0            0                 2.265      1             0.365
     749   3.096530e+05    1.0000000    0.0000000   2.406006e+02   39   39            0          107            0            0            0                 1.681      1             0.197
     750   3.098936e+05    1.0000000    0.0000000   2.406006e+02   39   42            0          999            0            0            0                 2.569      1             0.398
     751   3.101342e+05    1.0000000    0.0000000   2.406006e+02   39   39            0          109            0            0            0                 1.896      1             0.228
     752   3.103748e+05    1.0000000    0.0000000   2.406006e+02   39   40            0          999            0            0            0                 2.393      1             0.377
     753   3.106154e+05    1.0000000    0.0000000   2.406006e+02   39   39            0          109            0            0            0                 1.708      1             0.234
     754   3.108560e+05    1.0000000    0.0000000   2.406006e+02   39   41            0          999            0            0            0                 2.370      1             0.325
     755   3.110966e+05    1.0000000    0.0000000   2.406006e+02   39   39            0          110            0            0            0                 1.749      1             0.265
     756   3.113372e+05    1.0000000    0.0000000   2.406006e+02   39   40            0          999            0            0            0                 2.437      1             0.291
     757   3.115778e+05    1.0000000    0.0000000   2.406006e+02   39   39            0          111            0            0            0                 1.852      1             0.239
     758   3.118184e+05    1.0000000    0.0000000   2.406006e+02   39   43            0          999            0            0            0                 2.805      1             0.393
     759   3.120590e+05    1.0000000    0.0000000   2.406006e+02   39   39            0          111            0            0            0                 2.038      1             0.341
     760   3.122996e+05    1.0000000    0.0000000   2.406006e+02   39   40            0          999            0            0            0                 2.502      1             0.372
     761   3.125402e+05    1.0000000    0.0000000   2.406006e+02   39   39            0          111            0            0            0                 1.927      1             0.273
     762   3.127808e+05    1.0000000    0.0000000   2.406006e+02   39   41            0          999            0            0            0                 2.148      1             0.221
     763   3.130214e+05    1.0000000    0.0000000   2.406006e+02   39   39            0          111            0            0            0                 1.682      1             0.222
     764   3.132620e+05    1.0000000    0.0000000   2.406006e+02   39   40            0          999            0            0            0                 2.277      1             0.227
     765   3.135026e+05    1.0000000    0.0000000   2.406006e+02   39   39            0          111            0            0            0                 1.790      1             0.216
     766   3.137432e+05    1.0000000    0.0000000   2.406006e+02   39   42            0          999            0            0            0                 2.718      1             0.397
     767   3.139838e+05    1.0000000    0.0000000   2.406006e+02   39   39            0          111            0            0            0                 2.091      1             0.259
     768   3.142244e+05    1.0000000    0.0000000   2.406006e+02   39   40            0          999            0            0            0                 2.519      1             0.402
     769   3.144650e+05    1.0000000    0.0000000   2.406006e+02   39   39            0          113            0            0            0                 1.790      1             0.235
     770   3.147056e+05    1.0000000    0.0000000   2.406006e+02   39   41            0          999            0            0            0                 2.657      1             0.330
     771   3.149462e+05    1.0000000    0.0000000   2.406006e+02   39   39            0          113            0            0            0                 1.733      1             0.236
     772   3.151868e+05    1.0000000    0.0000000   2.406006e+02   39   40            0          999            0            0            0                 2.456      1             0.228
     773   3.154274e+05    1.0000000    0.0000000   2.406006e+02   39   39            0          113            0            0            0                 1.720      1             0.213
     774   3.156680e+05    1.0000000    0.0000000   2.406006e+02   39   44            0          999            0            0            0                 2.549      1             0.309
     775   3.159086e+05    1.0000000    0.0000000   2.406006e+02   39   39            0          114            0            0            0                 1.777      1             0.256
     776   3.161492e+05    1.0000000    0.0000000   2.406006e+02   39   40            0          999            0            0            0                 2.380      1             0.377
     777   3.163898e+05    1.0000000    0.0000000   2.406006e+02   39   39            0          115            0            0            0                 1.573      1             0.185
     778   3.166304e+05    1.0000000    0.0000000   2.406006e+02   39   41            0          999            0            0            0                 2.459      1             0.445
     779   3.168710e+05    1.0000000    0.0000000   2.406006e+02   39   39            0          116            0            0            0                 1.656      1             0.208
     780   3.171116e+05    1.0000000    0.0000000   2.406006e+02   39   40            0          999            0            0            0                 2.409      1             0.369
     781   3.173522e+05    1.0000000    0.0000000   2.406006e+02   39   39            0          116            0            0            0                 1.711      1             0.258
     782   3.175928e+05    1.0000000    0.0000000   2.406006e+02   39   42            0          999            0            0            0                 2.241      1             0.310
     783   3.178334e+05    1.0000000    0.0000000   2.406006e+02   39   39            0          116            0            0            0                 1.819      1             0.267
     784   3.180740e+05    1.0000000    0.0000000   2.406006e+02   39   40            0          999            0            0            0                 2.405      1             0.362
     785   3.183146e+05    1.0000000    0.0000000   2.406006e+02   39   39            0          116            0            0            0                 1.808      1             0.294
     786   3.185552e+05    1.0000000    0.0000000   2.406006e+02   39   41            0          999            0            0            0                 2.417      1             0.254
     787   3.187958e+05    1.0000000    0.0000000   2.406006e+02   39   39            0          116            0            0            0                 2.143      1             0.287
     788   3.190364e+05    1.0000000    0.0000000   2.406006e+02   39   40            0          999            0            0            0                 2.554      1             0.330
     789   3.192770e+05    1.0000000    0.0000000   2.406006e+02   39   39            0          116            0            0            0                 2.611      1             0.255
     790   3.195176e+05    1.0000000    0.0000000   2.406006e+02   39   43            0          999            0            0            0                 2.503      1             0.443
     791   3.197582e+05    1.0000000    0.0000000   2.406006e+02   39   39            0          117            0            0            0                 1.947      1             0.189
     792   3.199988e+05    1.0000000    0.0000000   2.406006e+02   39   40            0          999            0            0            0                 2.604      1             0.373
     793   3.202394e+05    1.0000000    0.0000000   2.406006e+02   39   39            0          119            0            0            0                 1.970      1             0.289
     794   3.204800e+05    1.0000000    0.0000000   2.406006e+02   39   41            0          999            0            0            0                 2.424      1             0.337
     795   3.207206e+05    1.0000000    0.0000000   2.406006e+02   39   39            0          120            0            0            0                 1.870      1             0.313
     796   3.209612e+05    1.0000000    0.0000000   2.406006e+02   39   40            0          999            0            0            0                 2.570      1             0.428
     797   3.212018e+05    1.0000000    0.0000000   2.406006e+02   39   39            0          121            0            0            0                 1.832      1             0.235
     798   3.214424e+05    1.0000000    0.0000000   2.406006e+02   39   42            0          999            0            0            0                 2.705      1             0.527
     799   3.216830e+05    1.0000000    0.0000000   2.406006e+02   39   39            0          121            0            0            0                 2.127      1             0.319
     800   3.219236e+05    1.0000000    0.0000000   2.406006e+02   39   40            0          999            0            0            0                 5.257      1             0.422
     801   3.221642e+05    1.0000000    0.0000000   2.406006e+02   39   39            0          121            0            0            0                 2.072      1             0.306
     802   3.224048e+05    1.0000000    0.0000000   2.406006e+02   39   41            0          999            0            0            0                 2.515      1             0.326
     803   3.226454e+05    1.0000000    0.0000000   2.406006e+02   39   39            0          121            0            0            0                 2.117      1             0.180
     804   3.228860e+05    1.0000000    0.0000000   2.406006e+02   39   40            0          999            0            0            0                 2.689      1             0.369
     805   3.231266e+05    1.0000000    0.0000000   2.406006e+02   39   39            0          121            0            0            0                 2.054      1             0.195
     806   3.233672e+05    1.0000000    0.0000000   2.406006e+02   39   45            0          999            0            0            0                 2.510      1             0.305
     807   3.236078e+05    1.0000000    0.0000000   2.406006e+02   39   39            0          122            0            0            0                 1.743      1             0.200
     808   3.238484e+05    1.0000000    0.0000000   2.406006e+02   39   40            0          999            0            0            0                 2.206      1             0.242
     809   3.240890e+05    1.0000000    0.0000000   2.406006e+02   39   39            0          122            0            0            0                 1.699      1             0.206
     810   3.243296e+05    1.0000000    0.0000000   2.406006e+02   39   41            0          999            0            0            0                 2.299      1             0.320
     811   3.245702e+05    1.0000000    0.0000000   2.406006e+02   39   39            0          123            0            0            0                 2.148      1             0.276
     812   3.248108e+05    1.0000000    0.0000000   2.406006e+02   39   40            0          999            0            0            0                 2.306      1             0.335
     813   3.250514e+05    1.0000000    0.0000000   2.406006e+02   39   39            0          123            0            0            0                 1.927      1             0.173
     814   3.252920e+05    1.0000000    0.0000000   2.406006e+02   39   42            0          999            0            0            0                 2.290      1             0.333
     815   3.255326e+05    1.0000000    0.0000000   2.406006e+02   39   39            0          123            0            0            0                 1.761      1             0.212
     816   3.257732e+05    1.0000000    0.0000000   2.406006e+02   39   40            0          999            0            0            0                 2.166      1             0.194
     817   3.260138e+05    1.0000000    0.0000000   2.406006e+02   39   39            0          125            0            0            0                 1.733      1             0.146
     818   3.262544e+05    1.0000000    0.0000000   2.406006e+02   39   41            0          999            0            0            0                 2.289      1             0.270
     819   3.264950e+05    1.0000000    0.0000000   2.406006e+02   39   39            0          126            0            0            0                 1.944      1             0.213
     820   3.267356e+05    1.0000000    0.0000000   2.406006e+02   39   40            0          999            0            0            0                 2.830      1             0.470
     821   3.269762e+05    1.0000000    0.0000000   2.406006e+02   39   39            0          126            0            0            0                 2.184      1             0.401
     822   3.272168e+05    1.0000000    0.0000000   2.406006e+02   39   43            0          999            0            0            0                 3.142      1             0.402
     823   3.274574e+05    1.0000000    0.0000000   2.406006e+02   39   39            0          128            0            0            0                 2.476      1             0.225
     824   3.276980e+05    1.0000000    0.0000000   2.406006e+02   39   40            0          999            0            0            0                 2.890      1             0.423
     825   3.279386e+05    1.0000000    0.0000000   2.406006e+02   39   39            0          129            0            0            0                 2.517      1             0.420
     826   3.281792e+05    1.0000000    0.0000000   2.406006e+02   39   41            0          999            0            0            0                 3.347      1             0.461
     827   3.284198e+05    1.0000000    0.0000000   2.406006e+02   39   39            0          132            0            0            0                 2.198      1             0.280
     828   3.286604e+05    1.0000000    0.0000000   2.406006e+02   39   40            0          999            0            0            0                 3.140      1             0.439
     829   3.289010e+05    1.0000000    0.0000000   2.406006e+02   39   39            0          134            0            0            0                 2.327      1             0.404
     830   3.291416e+05    1.0000000    0.0000000   2.406006e+02   39   42            0          999            0            0            0                 2.517      1             0.230
     831   3.293822e+05    1.0000000    0.0000000   2.406006e+02   39   39            0          135            0            0            0                 1.781      1             0.277
     832   3.296228e+05    1.0000000    0.0000000   2.406006e+02   39   40            0          999            0            0            0                 2.345      1             0.250
     833   3.298634e+05    1.0000000    0.0000000   2.406006e+02   39   39            0          135            0            0            0                 2.024      1             0.163
     834   3.301040e+05    1.0000000    0.0000000   2.406006e+02   39   41            0          999            0            0            0                 2.267      1             0.227
     835   3.303446e+05    1.0000000    0.0000000   2.406006e+02   39   39            0          136            0            0            0                 1.582      1             0.207
     836   3.305852e+05    1.0000000    0.0000000   2.406006e+02   39   40            0          999            0            0            0                 2.294      1             0.346
     837   3.308258e+05    1.0000000    0.0000000   2.406006e+02   39   39            0          136            0            0            0                 1.802      1             0.222
     838   3.310664e+05    1.0000000    0.0000000   2.406006e+02   39   44            0          999            0            0            0                 2.434      1             0.331
     839   3.313070e+05    1.0000000    0.0000000   2.406006e+02   39   39            0          137            0            0            0                 2.096      1             0.157
     840   3.315476e+05    1.0000000    0.0000000   2.406006e+02   39   40            0          999            0            0            0                 2.326      1             0.341
     841   3.317882e+05    1.0000000    0.0000000   2.406006e+02   39   39            0          139            0            0            0                 1.755      1             0.178
     842   3.320288e+05    1.0000000    0.0000000   2.406006e+02   39   41            0          999            0            0            0                 2.276      1             0.480
     843   3.322694e+05    1.0000000    0.0000000   2.406006e+02   39   39            0          139            0            0            0                 1.660      1             0.228
     844   3.325100e+05    1.0000000    0.0000000   2.406006e+02   39   40            0          999            0            0            0                 2.763      1             0.393
     845   3.327506e+05    1.0000000    0.0000000   2.406006e+02   39   39            0          140            0            0            0                 1.469      1             0.201
     846   3.329912e+05    1.0000000    0.0000000   2.406006e+02   39   42            0          999            0            0            0                 2.247      1             0.216
     847   3.332318e+05    1.0000000    0.0000000   2.406006e+02   39   39            0          141            0            0            0                 1.803      1             0.312
     848   3.334724e+05    1.0000000    0.0000000   2.406006e+02   39   40            0          999            0            0            0                 2.232      1             0.256
     849   3.337130e+05    1.0000000    0.0000000   2.406006e+02   39   39            0          141            0            0            0                 1.383      1             0.195
     850   3.339536e+05    1.0000000    0.0000000   2.406006e+02   39   41            0          999            0            0            0                 2.092      1             0.319
     851   3.341942e+05    1.0000000    0.0000000   2.406006e+02   39   39            0          142            0            0            0                 1.759      1             0.277
     852   3.344348e+05    1.0000000    0.0000000   2.406006e+02   39   40            0          999            0            0            0                 2.045      1             0.184
     853   3.346754e+05    1.0000000    0.0000000   2.406006e+02   39   39            0          143            0            0            0                 1.541      1             0.211
     854   3.349160e+05    1.0000000    0.0000000   2.406006e+02   39   43            0          999            0            0            0                 2.089      1             0.257
     855   3.351566e+05    1.0000000    0.0000000   2.406006e+02   39   39            0          145            0            0            0                 2.194      1             0.239
     856   3.353972e+05    1.0000000    0.0000000   2.406006e+02   39   40            0          999            0            0            0                 2.384      1             0.313
     857   3.356378e+05    1.0000000    0.0000000   2.406006e+02   39   39            0          145            0            0            0                 1.571      1             0.192
     858   3.358784e+05    1.0000000    0.0000000   2.406006e+02   39   41            0          999            0            0            0                 2.203      1             0.294
     859   3.361190e+05    1.0000000    0.0000000   2.406006e+02   39   39            0          146            0            0            0                 1.471      1             0.164
     860   3.363596e+05    1.0000000    0.0000000   2.406006e+02   39   40            0          999            0            0            0                 2.054      1             0.317
     861   3.366002e+05    1.0000000    0.0000000   2.406006e+02   39   39            0          146            0            0            0                 1.591      1             0.199
     862   3.368408e+05    1.0000000    0.0000000   2.406006e+02   39   42            0          999            0            0            0                 2.192      1             0.301
     863   3.370814e+05    1.0000000    0.0000000   2.406006e+02   39   39            0          147            0            0            0                 1.654      1             0.133
     864   3.373220e+05    1.0000000    0.0000000   2.406006e+02   39   40            0          999            0            0            0                 2.028      1             0.249
     865   3.375626e+05    1.0000000    0.0000000   2.406006e+02   39   39            0          149            0            0            0                 1.471      1             0.153
     866   3.378032e+05    1.0000000    0.0000000   2.406006e+02   39   41            0          999            0            0            0                 2.046      1             0.250
     867   3.380438e+05    1.0000000    0.0000000   2.406006e+02   39   39            0          150            0            0            0                 1.562      1             0.219
     868   3.382844e+05    1.0000000    0.0000000   2.406006e+02   39   40            0          999            0            0            0                 2.121      1             0.211
     869   3.385250e+05    1.0000000    0.0000000   2.406006e+02   39   39            0          150            0            0            0                 1.878      1             0.234
     870   3.387656e+05    1.0000000    0.0000000   2.406006e+02   39   46            0          999            0            0            0                 2.336      1             0.436
     871   3.390062e+05    1.0000000    0.0000000   2.406006e+02   39   39            0          150            0            0            0                 1.423      1             0.158
     872   3.392468e+05    1.0000000    0.0000000   2.406006e+02   39   40            0          999            0            0            0                 2.108      1             0.366
     873   3.394874e+05    1.0000000    0.0000000   2.406006e+02   39   39            0          150            0            0            0                 1.788      1             0.343
     874   3.397280e+05    1.0000000    0.0000000   2.406006e+02   39   41            0          999            0            0            0                 2.549      1             0.326
     875   3.399686e+05    1.0000000    0.0000000   2.406006e+02   39   39            0          150            0            0            0                 1.691      1             0.244
     876   3.402092e+05    1.0000000    0.0000000   2.406006e+02   39   40            0          999            0            0            0                 2.197      1             0.277
     877   3.404498e+05    1.0000000    0.0000000   2.406006e+02   39   39            0          151            0            0            0                 2.829      1             0.464
     878   3.406904e+05    1.0000000    0.0000000   2.406006e+02   39   42            0          999            0            0            0                 2.690      1             0.356
     879   3.409310e+05    1.0000000    0.0000000   2.406006e+02   39   39            0          151            0            0            0                 1.672      1             0.181
     880   3.411716e+05    1.0000000    0.0000000   2.406006e+02   39   40            0          999            0            0            0                 2.390      1             0.383
     881   3.414122e+05    1.0000000    0.0000000   2.406006e+02   39   39            0          151            0            0            0                 1.723      1             0.264
     882   3.416528e+05    1.0000000    0.0000000   2.406006e+02   39   41            0          999            0            0            0                 2.116      1             0.337
     883   3.418934e+05    1.0000000    0.0000000   2.406006e+02   39   39            0          151            0            0            0                 1.601      1             0.221
     884   3.421340e+05    1.0000000    0.0000000   2.406006e+02   39   40            0          999            0            0            0                 2.012      1             0.210
     885   3.423746e+05    1.0000000    0.0000000   2.406006e+02   39   39            0          152            0            0            0                 1.660      1             0.260
     886   3.426152e+05    1.0000000    0.0000000   2.406006e+02   39   43            0          999            0            0            0                 2.071      1             0.212
     887   3.428558e+05    1.0000000    0.0000000   2.406006e+02   39   39            0          154            0            0            0                 1.767      1             0.323
     888   3.430964e+05    1.0000000    0.0000000   2.406006e+02   39   40            0          999            0            0            0                 2.313      1             0.305
     889   3.433370e+05    1.0000000    0.0000000   2.406006e+02   39   39            0          156            0            0            0                 1.517      1             0.199
     890   3.435776e+05    1.0000000    0.0000000   2.406006e+02   39   41            0          999            0            0            0                 2.060      1             0.314
     891   3.438182e+05    1.0000000    0.0000000   2.406006e+02   39   39            0          156            0            0            0                 1.523      1             0.225
     892   3.440588e+05    1.0000000    0.0000000   2.406006e+02   39   40            0          999            0            0            0                 1.949      1             0.216
     893   3.442994e+05    1.0000000    0.0000000   2.406006e+02   39   39            0          156            0            0            0                 1.842      1             0.257
     894   3.445400e+05    1.0000000    0.0000000   2.406006e+02   39   42            0          999            0            0            0                 2.150      1             0.255
     895   3.447806e+05    1.0000000    0.0000000   2.406006e+02   39   39            0          156            0            0            0                 1.563      1             0.236
     896   3.450212e+05    1.0000000    0.0000000   2.406006e+02   39   40            0          999            0            0            0                 2.134      1             0.414
     897   3.452618e+05    1.0000000    0.0000000   2.406006e+02   39   39            0          158            0            0            0                 1.467      1             0.202
     898   3.455024e+05    1.0000000    0.0000000   2.406006e+02   39   41            0          999            0            0            0                89.590     25             0.242
     899   3.457430e+05    1.0000000    0.0000000   2.406006e+02   39   39            0          158            0            0            0                 2.370      1             0.319
     900   3.459836e+05    1.0000000    0.0000000   2.406006e+02   39   40            0          999            0            0            0                 3.764      1             0.237
     901   3.462242e+05    1.0000000    0.0000000   2.406006e+02   39   39            0          160            0            0            0                 1.878      1             0.287
     902   3.464648e+05    1.0000000    0.0000000   2.406006e+02   39   44            0          999            0            0            0                 2.223      1             0.343
     903   3.467054e+05    1.0000000    0.0000000   2.406006e+02   39   39            0          160            0            0            0                 1.474      1             0.184
     904   3.469460e+05    1.0000000    0.0000000   2.406006e+02   39   40            0          999            0            0            0                 2.136      1             0.171
     905   3.471866e+05    1.0000000    0.0000000   2.406006e+02   39   39            0          162            0            0            0                 1.680      1             0.186
     906   3.474272e+05    1.0000000    0.0000000   2.406006e+02   39   41            0          999            0            0            0                 2.346      1             0.381
     907   3.476678e+05    1.0000000    0.0000000   2.406006e+02   39   39            0          164            0            0            0                 1.898      1             0.311
     908   3.479084e+05    1.0000000    0.0000000   2.406006e+02   39   40            0          999            0            0            0                 2.444      1             0.387
     909   3.481490e+05    1.0000000    0.0000000   2.406006e+02   39   39            0          165            0            0            0                 1.855      1             0.327
     910   3.483896e+05    1.0000000    0.0000000   2.406006e+02   39   42            0          999            0            0            0                 2.351      1             0.366
     911   3.486302e+05    1.0000000    0.0000000   2.406006e+02   39   39            0          167            0            0            0                 2.050      1             0.223
     912   3.488708e+05    1.0000000    0.0000000   2.406006e+02   39   40            0          999            0            0            0                 2.213      1             0.455
     913   3.491115e+05    1.0000000    0.0000000   2.406006e+02   39   39            0          167            0            0            0                 1.911      1             0.215
     914   3.493521e+05    1.0000000    0.0000000   2.406006e+02   39   41            0          999            0            0            0                 2.280      1             0.391
     915   3.495927e+05    1.0000000    0.0000000   2.406006e+02   39   39            0          168            0            0            0                 2.147      1             0.324
     916   3.498333e+05    1.0000000    0.0000000   2.406006e+02   39   40            0          999            0            0            0                 2.528      1             0.429
     917   3.500739e+05    1.0000000    0.0000000   2.406006e+02   39   39            0          168            0            0            0                 2.556      1             0.256
     918   3.503145e+05    1.0000000    0.0000000   2.406006e+02   39   43            0          999            0            0            0                 3.121      1             0.423
     919   3.505551e+05    1.0000000    0.0000000   2.406006e+02   39   39            0          169            0            0            0                 2.239      1             0.225
     920   3.507957e+05    1.0000000    0.0000000   2.406006e+02   39   40            0          999            0            0            0                 2.940      1             0.385
     921   3.510363e+05    1.0000000    0.0000000   2.406006e+02   39   39            0          170            0            0            0                 2.538      1             0.339
     922   3.512769e+05    1.0000000    0.0000000   2.406006e+02   39   41            0          999            0            0            0                 2.669      1             0.308
     923   3.515175e+05    1.0000000    0.0000000   2.406006e+02   39   39            0          170            0            0            0                 2.000      1             0.328
     924   3.517581e+05    1.0000000    0.0000000   2.406006e+02   39   40            0          999            0            0            0                 2.590      1             0.304
     925   3.519987e+05    1.0000000    0.0000000   2.406006e+02   39   39            0          172            0            0            0                 2.014      1             0.235
     926   3.522393e+05    1.0000000    0.0000000   2.406006e+02   39   42            0          999            0            0            0                 3.104      1             0.387
     927   3.524799e+05    1.0000000    0.0000000   2.406006e+02   39   39            0          173            0            0            0                 2.338      1             0.238
     928   3.527205e+05    1.0000000    0.0000000   2.406006e+02   39   40            0          999            0            0            0                 2.518      1             0.372
     929   3.529611e+05    1.0000000    0.0000000   2.406006e+02   39   39            0          174            0            0            0                 2.376      1             0.441
     930   3.532017e+05    1.0000000    0.0000000   2.406006e+02   39   41            0          999            0            0            0                 2.402      1             0.333
     931   3.534423e+05    1.0000000    0.0000000   2.406006e+02   39   39            0          174            0            0            0                 1.811      1             0.330
     932   3.536829e+05    1.0000000    0.0000000   2.406006e+02   39   40            0          999            0            0            0                 2.253      1             0.328
     933   3.539235e+05    1.0000000    0.0000000   2.406006e+02   39   39            0          174            0            0            0                 1.789      1             0.205
     934   3.541641e+05    1.0000000    0.0000000   2.406006e+02   39   45            0          999            0            0            0                 2.411      1             0.360
     935   3.544047e+05    1.0000000    0.0000000   2.406006e+02   39   39            0          174            0            0            0                 1.959      1             0.276
     936   3.546453e+05    1.0000000    0.0000000   2.406006e+02   39   40            0          999            0            0            0                 2.431      1             0.209
     937   3.548859e+05    1.0000000    0.0000000   2.406006e+02   39   39            0          174            0            0            0                 1.726      1             0.172
     938   3.551265e+05    1.0000000    0.0000000   2.406006e+02   39   41            0          999            0            0            0                 2.448      1             0.360
     939   3.553671e+05    1.0000000    0.0000000   2.406006e+02   39   39            0          175            0            0            0                 1.678      1             0.213
     940   3.556077e+05    1.0000000    0.0000000   2.406006e+02   39   40            0          999            0            0            0                 2.741      1             0.353
     941   3.558483e+05    1.0000000    0.0000000   2.406006e+02   39   39            0          175            0            0            0                 2.455      1             0.297
     942   3.560889e+05    1.0000000    0.0000000   2.406006e+02   39   42            0          999            0            0            0                 3.461      1             0.354
     943   3.563295e+05    1.0000000    0.0000000   2.406006e+02   39   39            0          175            0            0            0                 2.041      1             0.259
     944   3.565701e+05    1.0000000    0.0000000   2.406006e+02   39   40            0          999            0            0            0                 2.684      1             0.247
     945   3.568107e+05    1.0000000    0.0000000   2.406006e+02   39   39            0          175            0            0            0                 1.856      1             0.258
     946   3.570513e+05    1.0000000    0.0000000   2.406006e+02   39   41            0          999            0            0            0                 2.483      1             0.382
     947   3.572919e+05    1.0000000    0.0000000   2.406006e+02   39   39            0          176            0            0            0                 1.818      1             0.258
     948   3.575325e+05    1.0000000    0.0000000   2.406006e+02   39   40            0          999            0            0            0                 2.334      1             0.311
     949   3.577731e+05    1.0000000    0.0000000   2.406006e+02   39   39            0          177            0            0            0                 1.937      1             0.294
     950   3.580137e+05    1.0000000    0.0000000   2.406006e+02   39   43            0          999            0            0            0                 2.600      1             0.348
     951   3.582543e+05    1.0000000    0.0000000   2.406006e+02   39   39            0          178            0            0            0                 2.149      1             0.248
     952   3.584949e+05    1.0000000    0.0000000   2.406006e+02   39   40            0          999            0            0            0                 2.757      1             0.472
     953   3.587355e+05    1.0000000    0.0000000   2.406006e+02   39   39            0          178            0            0            0                 1.777      1             0.268
     954   3.589761e+05    1.0000000    0.0000000   2.406006e+02   39   41            0          999            0            0            0                 2.500      1             0.252
     955   3.592167e+05    1.0000000    0.0000000   2.406006e+02   39   39            0          178            0            0            0                 1.727      1             0.209
     956   3.594573e+05    1.0000000    0.0000000   2.406006e+02   39   40            0          999            0            0            0                 2.848      1             0.542
     957   3.596979e+05    1.0000000    0.0000000   2.406006e+02   39   39            0          178            0            0            0                 1.936      1             0.241
     958   3.599385e+05    1.0000000    0.0000000   2.406006e+02   39   42            0          999            0            0            0                 2.433      1             0.448
     959   3.601791e+05    1.0000000    0.0000000   2.406006e+02   39   39            0          181            0            0            0                 1.944      1             0.288
     960   3.604197e+05    1.0000000    0.0000000   2.406006e+02   39   40            0          999            0            0            0                 2.382      1             0.317
     961   3.606603e+05    1.0000000    0.0000000   2.406006e+02   39   39            0          182            0            0            0                 1.792      1             0.326
     962   3.609009e+05    1.0000000    0.0000000   2.406006e+02   39   41            0          999            0            0            0                 2.897      1             0.382
     963   3.611415e+05    1.0000000    0.0000000   2.406006e+02   39   39            0          182            0            0            0                 2.455      1             0.303
     964   3.613821e+05    1.0000000    0.0000000   2.406006e+02   39   40            0          999            0            0            0                 3.179      1             0.315
     965   3.616227e+05    1.0000000    0.0000000   2.406006e+02   39   39            0          183            0            0            0                 2.235      1             0.202
     966   3.618633e+05    1.0000000    0.0000000   2.406006e+02   39   44            0          999            0            0            0                 2.595      1             0.400
     967   3.621039e+05    1.0000000    0.0000000   2.406006e+02   39   39            0          184            0            0            0                 1.989      1             0.270
     968   3.623445e+05    1.0000000    0.0000000   2.406006e+02   39   40            0          999            0            0            0                 2.669      1             0.452
     969   3.625851e+05    1.0000000    0.0000000   2.406006e+02   39   39            0          184            0            0            0                 2.168      1             0.166
     970   3.628257e+05    1.0000000    0.0000000   2.406006e+02   39   41            0          999            0            0            0                 2.685      1             0.469
     971   3.630663e+05    1.0000000    0.0000000   2.406006e+02   39   39            0          184            0            0            0                 2.109      1             0.320
     972   3.633069e+05    1.0000000    0.0000000   2.406006e+02   39   40            0          999            0            0            0                 2.898      1             0.301
     973   3.635475e+05    1.0000000    0.0000000   2.406006e+02   39   39            0          184            0            0            0                 1.854      1             0.204
     974   3.637881e+05    1.0000000    0.0000000   2.406006e+02   39   42            0          999            0            0            0                 2.751      1             0.294
     975   3.640287e+05    1.0000000    0.0000000   2.406006e+02   39   39            0          186            0            0            0                 2.243      1             0.414
     976   3.642693e+05    1.0000000    0.0000000   2.406006e+02   39   40            0          999            0            0            0                 3.460      1             0.490
     977   3.645099e+05    1.0000000    0.0000000   2.406006e+02   39   39            0          187            0            0            0                 2.440      1             0.380
     978   3.647505e+05    1.0000000    0.0000000   2.406006e+02   39   41            0          999            0            0            0                 3.079      1             0.416
     979   3.649911e+05    1.0000000    0.0000000   2.406006e+02   39   39            0          189            0            0            0                 2.583      1             0.349
     980   3.652317e+05    1.0000000    0.0000000   2.406006e+02   39   40            0          999            0            0            0                 2.690      1             0.512
     981   3.654723e+05    1.0000000    0.0000000   2.406006e+02   39   39            0          190            0            0            0                 2.440      1             0.335
     982   3.657129e+05    1.0000000    0.0000000   2.406006e+02   39   43            0          999            0            0            0                 2.789      1             0.432
     983   3.659535e+05    1.0000000    0.0000000   2.406006e+02   39   39            0          192            0            0            0                 2.707      1             0.389
     984   3.661941e+05    1.0000000    0.0000000   2.406006e+02   39   40            0          999            0            0            0                 2.986      1             0.355
     985   3.664347e+05    1.0000000    0.0000000   2.406006e+02   39   39            0          194            0            0            0                 1.978      1             0.295
     986   3.666753e+05    1.0000000    0.0000000   2.406006e+02   39   41            0          999            0            0            0                 3.782      1             0.474
     987   3.669159e+05    1.0000000    0.0000000   2.406006e+02   39   39            0          196            0            0            0                 2.234      1             0.384
     988   3.671565e+05    1.0000000    0.0000000   2.406006e+02   39   40            0          999            0            0            0                 2.562      1             0.445
     989   3.673971e+05    1.0000000    0.0000000   2.406006e+02   39   39            0          198            0            0            0                 1.793      1             0.230
     990   3.676377e+05    1.0000000    0.0000000   2.406006e+02   39   42            0          999            0            0            0                 2.506      1             0.367
     991   3.678783e+05    1.0000000    0.0000000   2.406006e+02   39   39            0          200            0            0            0                 1.891      1             0.214
     992   3.681189e+05    1.0000000    0.0000000   2.406006e+02   39   40            0          999            0            0            0                 2.316      1             0.229
     993   3.683595e+05    1.0000000    0.0000000   2.406006e+02   39   39            0          201            0            0            0                 1.956      1             0.233
     994   3.686001e+05    1.0000000    0.0000000   2.406006e+02   39   41            0          999            0            0            0                 2.594      1             0.345
     995   3.688407e+05    1.0000000    0.0000000   2.406006e+02   39   39            0          201            0            0            0                 1.949      1             0.304
     996   3.690813e+05    1.0000000    0.0000000   2.406006e+02   39   40            0          999            0            0            0                 2.696      1             0.259
     997   3.693219e+05    1.0000000    0.0000000   2.406006e+02   39   39            0          201            0            0            0                 1.838      1             0.248
     998   3.695625e+05    1.0000000    0.0000000   2.406006e+02   39   48            0         1000            0            0            0                 2.396      1             0.354
     999   3.698031e+05    1.0000000    0.0000000   2.406006e+02   39   39            0          202            0            0            0                 2.439      1             0.330
    1000   3.700437e+05    1.0000000    0.0000000   2.406006e+02   39   40            0          999            0            0            0                 4.116      1             0.523
    1001   3.702843e+05    1.0000000    0.0000000   2.406006e+02   39   39            0          205            0            0            0                 2.351      1             0.386
    1002   3.705249e+05    1.0000000    0.0000000   2.406006e+02   39   41            0          999            0            0            0                 2.847      1             0.480
    1003   3.707655e+05    1.0000000    0.0000000   2.406006e+02   39   39            0          205            0            0            0                 2.631      1             0.332
    1004   3.710061e+05    1.0000000    0.0000000   2.406006e+02   39   40            0          999            0            0            0                 2.993      1             0.357
    1005   3.712467e+05    1.0000000    0.0000000   2.406006e+02   39   39            0          205            0            0            0                 2.071      1             0.232
    1006   3.714873e+05    1.0000000    0.0000000   2.406006e+02   39   42            0          999            0            0            0                 2.739      1             0.396
    1007   3.717279e+05    1.0000000    0.0000000   2.406006e+02   39   39            0          206            0            0            0                 2.455      1             0.219
    1008   3.719685e+05    1.0000000    0.0000000   2.406006e+02   39   40            0          999            0            0            0                 3.079      1             0.261
    1009   3.722091e+05    1.0000000    0.0000000   2.406006e+02   39   39            0          207            0            0            0                 2.148      1             0.259
    1010   3.724497e+05    1.0000000    0.0000000   2.406006e+02   39   41            0          999            0            0            0                 2.973      1             0.354
    1011   3.726903e+05    1.0000000    0.0000000   2.406006e+02   39   39            0          208            0            0            0                 2.336      1             0.291
    1012   3.729309e+05    1.0000000    0.0000000   2.406006e+02   39   40            0          999            0            0            0                 2.697      1             0.287
    1013   3.731715e+05    1.0000000    0.0000000   2.406006e+02   39   39            0          208            0            0            0                 2.073      1             0.290
    1014   3.734121e+05    1.0000000    0.0000000   2.406006e+02   39   43            0          999            0            0            0                 2.461      1             0.374
    1015   3.736527e+05    1.0000000    0.0000000   2.406006e+02   39   39            0          208            0            0            0                 1.800      1             0.197
    1016   3.738933e+05    1.0000000    0.0000000   2.406006e+02   39   40            0          999            0            0            0                 2.188      1             0.273
    1017   3.741339e+05    1.0000000    0.0000000   2.406006e+02   39   39            0          210            0            0            0                 2.018      1             0.286
    1018   3.743745e+05    1.0000000    0.0000000   2.406006e+02   39   41            0          999            0            0            0                 2.324      1             0.247
    1019   3.746151e+05    1.0000000    0.0000000   2.406006e+02   39   39            0          210            0            0            0                 1.838      1             0.252
    1020   3.748557e+05    1.0000000    0.0000000   2.406006e+02   39   40            0          999            0            0            0                 2.128      1             0.305
    1021   3.750963e+05    1.0000000    0.0000000   2.406006e+02   39   39            0          210            0            0            0                 1.741      1             0.263
    1022   3.753369e+05    1.0000000    0.0000000   2.406006e+02   39   42            0          999            0            0            0                 2.056      1             0.204
    1023   3.755775e+05    1.0000000    0.0000000   2.406006e+02   39   39            0          211            0            0            0                 1.668      1             0.196
    1024   3.758181e+05    1.0000000    0.0000000   2.406006e+02   39   40            0          999            0            0            0                 2.163      1             0.354
    1025   3.760587e+05    1.0000000    0.0000000   2.406006e+02   39   39            0          211            0            0            0                 2.000      1             0.237
    1026   3.762993e+05    1.0000000    0.0000000   2.406006e+02   39   41            0          999            0            0            0                 2.323      1             0.292
    1027   3.765399e+05    1.0000000    0.0000000   2.406006e+02   39   39            0          211            0            0            0                 1.940      1             0.206
    1028   3.767805e+05    1.0000000    0.0000000   2.406006e+02   39   40            0          999            0            0            0                 2.175      1             0.274
    1029   3.770211e+05    1.0000000    0.0000000   2.406006e+02   39   39            0          211            0            0            0                 1.746      1             0.262
    1030   3.772617e+05    1.0000000    0.0000000   2.406006e+02   39   44            0          999            0            0            0                 2.869      1             0.416
    1031   3.775023e+05    1.0000000    0.0000000   2.406006e+02   39   39            0          211            0            0            0                 1.810      1             0.235
    1032   3.777429e+05    1.0000000    0.0000000   2.406006e+02   39   40            0          999            0            0            0                 2.700      1             0.412
    1033   3.779835e+05    1.0000000    0.0000000   2.406006e+02   39   39            0          211            0            0            0                 1.877      1             0.282
    1034   3.782241e+05    1.0000000    0.0000000   2.406006e+02   39   41            0          999            0            0            0                 1.993      1             0.285
    1035   3.784647e+05    1.0000000    0.0000000   2.406006e+02   39   39            0          212            0            0            0                 1.500      1             0.192
    1036   3.787053e+05    1.0000000    0.0000000   2.406006e+02   39   40            0          999            0            0            0                 2.196      1             0.263
    1037   3.789459e+05    1.0000000    0.0000000   2.406006e+02   39   39            0          213            0            0            0                 1.439      1             0.173
    1038   3.791865e+05    1.0000000    0.0000000   2.406006e+02   39   42            0          999            0            0            0                 2.035      1             0.257
    1039   3.794271e+05    1.0000000    0.0000000   2.406006e+02   39   39            0          215            0            0            0                 1.677      1             0.253
    1040   3.796677e+05    1.0000000    0.0000000   2.406006e+02   39   40            0          999            0            0            0                 2.429      1             0.375
    1041   3.799083e+05    1.0000000    0.0000000   2.406006e+02   39   39            0          216            0            0            0                 1.464      1             0.183
    1042   3.801489e+05    1.0000000    0.0000000   2.406006e+02   39   41            0          999            0            0            0                 1.971      1             0.225
    1043   3.803895e+05    1.0000000    0.0000000   2.406006e+02   39   39            0          216            0            0            0                 1.544      1             0.175
    1044   3.806301e+05    1.0000000    0.0000000   2.406006e+02   39   40            0          999            0            0            0                 2.078      1             0.335
    1045   3.808707e+05    1.0000000    0.0000000   2.406006e+02   39   39            0          217            0            0            0                 1.484      1             0.185
    1046   3.811113e+05    1.0000000    0.0000000   2.406006e+02   39   43            0          999            0            0            0                 2.099      1             0.303
    1047   3.813519e+05    1.0000000    0.0000000   2.406006e+02   39   39            0          218            0            0            0                 1.583      1             0.246
    1048   3.815925e+05    1.0000000    0.0000000   2.406006e+02   39   40            0          999            0            0            0                 2.081      1             0.319
    1049   3.818331e+05    1.0000000    0.0000000   2.406006e+02   39   39            0          218            0            0            0                 1.750      1             0.305
    1050   3.820737e+05    1.0000000    0.0000000   2.406006e+02   39   41            0          999            0            0            0                 1.862      1             0.199
    1051   3.823143e+05    1.0000000    0.0000000   2.406006e+02   39   39            0          219            0            0            0                 1.551      1             0.178
    1052   3.825549e+05    1.0000000    0.0000000   2.406006e+02   39   40            0          999            0            0            0                 2.818      1             0.313
    1053   3.827955e+05    1.0000000    0.0000000   2.406006e+02   39   39            0          220            0            0            0                 1.786      1             0.258
    1054   3.830361e+05    1.0000000    0.0000000   2.406006e+02   39   42            0          999            0            0            0                 2.097      1             0.278
    1055   3.832767e+05    1.0000000    0.0000000   2.406006e+02   39   39            0          220            0            0            0                 1.714      1             0.306
    1056   3.835173e+05    1.0000000    0.0000000   2.406006e+02   39   40            0          999            0            0            0                 2.409      1             0.329
    1057   3.837579e+05    1.0000000    0.0000000   2.406006e+02   39   39            0          221            0            0            0                 1.722      1             0.202
    1058   3.839985e+05    1.0000000    0.0000000   2.406006e+02   39   41            0          999            0            0            0                 1.990      1             0.207
    1059   3.842391e+05    1.0000000    0.0000000   2.406006e+02   39   39            0          221            0            0            0                 1.574      1             0.214
    1060   3.844797e+05    1.0000000    0.0000000   2.406006e+02   39   40            0          999            0            0            0                 2.301      1             0.379
    1061   3.847203e+05    1.0000000    0.0000000   2.406006e+02   39   39            0          221            0            0            0                 1.557      1             0.177
    1062   3.849609e+05    1.0000000    0.0000000   2.406006e+02   39   45            0          999            0            0            0                 2.020      1             0.265
    1063   3.852015e+05    1.0000000    0.0000000   2.406006e+02   39   39            0          221            0            0            0                 1.515      1             0.179
    1064   3.854421e+05    1.0000000    0.0000000   2.406006e+02   39   40            0          999            0            0            0                 2.302      1             0.407
    1065   3.856827e+05    1.0000000    0.0000000   2.406006e+02   39   39            0          222            0            0            0                 1.570      1             0.235
    1066   3.859233e+05    1.0000000    0.0000000   2.406006e+02   39   41            0          999            0            0            0                 2.318      1             0.347
    1067   3.861639e+05    1.0000000    0.0000000   2.406006e+02   39   39            0          225            0            0            0                 1.666      1             0.227
    1068   3.864045e+05    1.0000000    0.0000000   2.406006e+02   39   40            0          999            0            0            0                 1.843      1             0.198
    1069   3.866451e+05    1.0000000    0.0000000   2.406006e+02   39   39            0          227            0            0            0                 1.629      1             0.290
    1070   3.868857e+05    1.0000000    0.0000000   2.406006e+02   39   42            0          999            0            0            0                 2.060      1             0.275
    1071   3.871263e+05    1.0000000    0.0000000   2.406006e+02   39   39            0          229            0            0            0                 1.660      1             0.270
    1072   3.873669e+05    1.0000000    0.0000000   2.406006e+02   39   40            0          999            0            0            0                 2.077      1             0.236
    1073   3.876075e+05    1.0000000    0.0000000   2.406006e+02   39   39            0          232            0            0            0                 1.636      1             0.345
    1074   3.878481e+05    1.0000000    0.0000000   2.406006e+02   39   41            0          999            0            0            0                 2.702      1             0.404
    1075   3.880887e+05    1.0000000    0.0000000   2.406006e+02   39   39            0          233            0            0            0                 1.936      1             0.234
    1076   3.883293e+05    1.0000000    0.0000000   2.406006e+02   39   40            0          999            0            0            0                 2.203      1             0.275
    1077   3.885699e+05    1.0000000    0.0000000   2.406006e+02   39   39            0          234            0            0            0                 1.557      1             0.237
    1078   3.888105e+05    1.0000000    0.0000000   2.406006e+02   39   43            0          999            0            0            0                 2.054      1             0.259
    1079   3.890511e+05    1.0000000    0.0000000   2.406006e+02   39   39            0          234            0            0            0                 1.661      1             0.205
    1080   3.892917e+05    1.0000000    0.0000000   2.406006e+02   39   40            0          999            0            0            0                 2.346      1             0.327
    1081   3.895323e+05    1.0000000    0.0000000   2.406006e+02   39   39            0          234            0            0            0                 1.624      1             0.243
    1082   3.897729e+05    1.0000000    0.0000000   2.406006e+02   39   41            0          999            0            0            0                 2.129      1             0.305
    1083   3.900135e+05    1.0000000    0.0000000   2.406006e+02   39   39            0          236            0            0            0                 1.575      1             0.169
    1084   3.902542e+05    1.0000000    0.0000000   2.406006e+02   39   40            0          999            0            0            0                 1.846      1             0.213
    1085   3.904948e+05    1.0000000    0.0000000   2.406006e+02   39   39            0          236            0            0            0                 1.752      1             0.256
    1086   3.907354e+05    1.0000000    0.0000000   2.406006e+02   39   42            0          999            0            0            0                 2.058      1             0.315
    1087   3.909760e+05    1.0000000    0.0000000   2.406006e+02   39   39            0          236            0            0            0                 1.740      1             0.181
    1088   3.912166e+05    1.0000000    0.0000000   2.406006e+02   39   40            0          999            0            0            0                 2.303      1             0.227
    1089   3.914572e+05    1.0000000    0.0000000   2.406006e+02   39   39            0          239            0            0            0                 1.853      1             0.204
    1090   3.916978e+05    1.0000000    0.0000000   2.406006e+02   39   41            0          999            0            0            0                 2.216      1             0.393
    1091   3.919384e+05    1.0000000    0.0000000   2.406006e+02   39   39            0          240            0            0            0                 1.621      1             0.178
    1092   3.921790e+05    1.0000000    0.0000000   2.406006e+02   39   40            0          999            0            0            0                 2.200      1             0.331
    1093   3.924196e+05    1.0000000    0.0000000   2.406006e+02   39   39            0          241            0            0            0                 1.564      1             0.244
    1094   3.926602e+05    1.0000000    0.0000000   2.406006e+02   39   44            0          999            0            0            0                 2.207      1             0.363
    1095   3.929008e+05    1.0000000    0.0000000   2.406006e+02   39   39            0          241            0            0            0                 1.830      1             0.339
    1096   3.931414e+05    1.0000000    0.0000000   2.406006e+02   39   40            0          999            0            0            0                 2.935      1             0.375
    1097   3.933820e+05    1.0000000    0.0000000   2.406006e+02   39   39            0          243            0            0            0                 1.736      1             0.150
    1098   3.936226e+05    1.0000000    0.0000000   2.406006e+02   39   41            0          999            0            0            0                 2.073      1             0.236
    1099   3.938632e+05    1.0000000    0.0000000   2.406006e+02   39   39            0          243            0            0            0                 1.900      1             0.249
    1100   3.941038e+05    1.0000000    0.0000000   2.406006e+02   39   40            0          999            0            0            0                 3.239      1             0.339
    1101   3.943444e+05    1.0000000    0.0000000   2.406006e+02   39   39            0          244            0            0            0                 1.807      1             0.201
    1102   3.945850e+05    1.0000000    0.0000000   2.406006e+02   39   42            0          999            0            0            0                 2.856      1             0.446
    1103   3.948256e+05    1.0000000    0.0000000   2.406006e+02   39   39            0          244            0            0            0                 2.095      1             0.282
    1104   3.950662e+05    1.0000000    0.0000000   2.406006e+02   39   40            0          999            0            0            0                 2.675      1             0.340
    1105   3.953068e+05    1.0000000    0.0000000   2.406006e+02   39   39            0          244            0            0            0                 1.900      1             0.297
    1106   3.955474e+05    1.0000000    0.0000000   2.406006e+02   39   41            0          999            0            0            0                 2.366      1             0.222
    1107   3.957880e+05    1.0000000    0.0000000   2.406006e+02   39   39            0          244            0            0            0                 1.731      1             0.187
    1108   3.960286e+05    1.0000000    0.0000000   2.406006e+02   39   40            0          999            0            0            0                 2.476      1             0.364
    1109   3.962692e+05    1.0000000    0.0000000   2.406006e+02   39   39            0          245            0            0            0                 2.072      1             0.299
    1110   3.965098e+05    1.0000000    0.0000000   2.406006e+02   39   43            0          999            0            0            0                 2.632      1             0.301
    1111   3.967504e+05    1.0000000    0.0000000   2.406006e+02   39   39            0          246            0            0            0                 2.038      1             0.279
    1112   3.969910e+05    1.0000000    0.0000000   2.406006e+02   39   40            0          999            0            0            0                 2.367      1             0.277
    1113   3.972316e+05    1.0000000    0.0000000   2.406006e+02   39   39            0          247            0            0            0                 1.900      1             0.225
    1114   3.974722e+05    1.0000000    0.0000000   2.406006e+02   39   41            0          999            0            0            0                 2.378      1             0.294
    1115   3.977128e+05    1.0000000    0.0000000   2.406006e+02   39   39            0          248            0            0            0                 1.903      1             0.276
    1116   3.979534e+05    1.0000000    0.0000000   2.406006e+02   39   40            0          999            0            0            0                 2.390      1             0.365
    1117   3.981940e+05    1.0000000    0.0000000   2.406006e+02   39   39            0          248            0            0            0                 1.834      1             0.228
    1118   3.984346e+05    1.0000000    0.0000000   2.406006e+02   39   42            0          999            0            0            0                 2.919      1             0.289
    1119   3.986752e+05    1.0000000    0.0000000   2.406006e+02   39   39            0          251            0            0            0                 1.985      1             0.354
    1120   3.989158e+05    1.0000000    0.0000000   2.406006e+02   39   40            0          999            0            0            0                 2.474      1             0.373
    1121   3.991564e+05    1.0000000    0.0000000   2.406006e+02   39   39            0          252            0            0            0                 1.790      1             0.241
    1122   3.993970e+05    1.0000000    0.0000000   2.406006e+02   39   41            0          999            0            0            0                 2.467      1             0.435
    1123   3.996376e+05    1.0000000    0.0000000   2.406006e+02   39   39            0          253            0            0            0                 1.935      1             0.256
    1124   3.998782e+05    1.0000000    0.0000000   2.406006e+02   39   40            0          999            0            0            0                 2.396      1             0.295
    1125   4.001188e+05    1.0000000    0.0000000   2.406006e+02   39   39            0          255            0            0            0                 1.864      1             0.267
    1126   4.003594e+05    1.0000000    0.0000000   2.406006e+02   39   46            0          999            0            0            0                 2.592      1             0.398
    1127   4.006000e+05    1.0000000    0.0000000   2.406006e+02   39   39            0          255            0            0            0                 2.031      1             0.411
    1128   4.008406e+05    1.0000000    0.0000000   2.406006e+02   39   40            0          999            0            0            0                 2.748      1             0.339
    1129   4.010812e+05    1.0000000    0.0000000   2.406006e+02   39   39            0          256            0            0            0                 1.909      1             0.309
    1130   4.013218e+05    1.0000000    0.0000000   2.406006e+02   39   41            0          999            0            0            0                 2.755      1             0.391
    1131   4.015624e+05    1.0000000    0.0000000   2.406006e+02   39   39            0          256            0            0            0                 1.980      1             0.328
    1132   4.018030e+05    1.0000000    0.0000000   2.406006e+02   39   40            0          999            0            0            0                 2.377      1             0.351
    1133   4.020436e+05    1.0000000    0.0000000   2.406006e+02   39   39            0          257            0            0            0                 2.085      1             0.251
    1134   4.022842e+05    1.0000000    0.0000000   2.406006e+02   39   42            0          999            0            0            0                 2.321      1             0.345
    1135   4.025248e+05    1.0000000    0.0000000   2.406006e+02   39   39            0          257            0            0            0                 1.867      1             0.321
    1136   4.027654e+05    1.0000000    0.0000000   2.406006e+02   39   40            0          999            0            0            0                 2.579      1             0.436
    1137   4.030060e+05    1.0000000    0.0000000   2.406006e+02   39   39            0          257            0            0            0                 1.838      1             0.270
    1138   4.032466e+05    1.0000000    0.0000000   2.406006e+02   39   41            0          999            0            0            0                 2.433      1             0.360
    1139   4.034872e+05    1.0000000    0.0000000   2.406006e+02   39   39            0          259            0            0            0                 2.102      1             0.164
    1140   4.037278e+05    1.0000000    0.0000000   2.406006e+02   39   40            0          999            0            0            0                 2.417      1             0.343
    1141   4.039684e+05    1.0000000    0.0000000   2.406006e+02   39   39            0          260            0            0            0                 1.833      1             0.208
    1142   4.042090e+05    1.0000000    0.0000000   2.406006e+02   39   43            0          999            0            0            0                 2.513      1             0.286
    1143   4.044496e+05    1.0000000    0.0000000   2.406006e+02   39   39            0          260            0            0            0                 1.838      1             0.230
    1144   4.046902e+05    1.0000000    0.0000000   2.406006e+02   39   40            0          999            0            0            0                 2.694      1             0.412
    1145   4.049308e+05    1.0000000    0.0000000   2.406006e+02   39   39            0          260            0            0            0                 1.847      1             0.235
    1146   4.051714e+05    1.0000000    0.0000000   2.406006e+02   39   41            0          999            0            0            0                 2.310      1             0.351
    1147   4.054120e+05    1.0000000    0.0000000   2.406006e+02   39   39            0          262            0            0            0                 1.812      1             0.220
    1148   4.056526e+05    1.0000000    0.0000000   2.406006e+02   39   40            0          999            0            0            0                 2.534      1             0.418
    1149   4.058932e+05    1.0000000    0.0000000   2.406006e+02   39   39            0          264            0            0            0                 1.837      1             0.261
    1150   4.061338e+05    1.0000000    0.0000000   2.406006e+02   39   42            0          999            0            0            0                 2.403      1             0.315
    1151   4.063744e+05    1.0000000    0.0000000   2.406006e+02   39   39            0          265            0            0            0                 1.969      1             0.280
    1152   4.066150e+05    1.0000000    0.0000000   2.406006e+02   39   40            0          999            0            0            0                 2.353      1             0.351
    1153   4.068556e+05    1.0000000    0.0000000   2.406006e+02   39   39            0          265            0            0            0                 1.974      1             0.234
    1154   4.070962e+05    1.0000000    0.0000000   2.406006e+02   39   41            0          999            0            0            0                 2.291      1             0.233
    1155   4.073368e+05    1.0000000    0.0000000   2.406006e+02   39   39            0          265            0            0            0                 1.803      1             0.263
    1156   4.075774e+05    1.0000000    0.0000000   2.406006e+02   39   40            0          999            0            0            0                 2.413      1             0.430
    1157   4.078180e+05    1.0000000    0.0000000   2.406006e+02   39   39            0          266            0            0            0                 1.788      1             0.231
    1158   4.080586e+05    1.0000000    0.0000000   2.406006e+02   39   44            0          999            0            0            0                 2.346      1             0.355
    1159   4.082992e+05    1.0000000    0.0000000   2.406006e+02   39   39            0          267            0            0            0                 1.834      1             0.271
    1160   4.085398e+05    1.0000000    0.0000000   2.406006e+02   39   40            0          999            0            0            0                 2.421      1             0.242
    1161   4.087804e+05    1.0000000    0.0000000   2.406006e+02   39   39            0          268            0            0            0                 2.332      1             0.365
    1162   4.090210e+05    1.0000000    0.0000000   2.406006e+02   39   41            0          999            0            0            0                 2.293      1             0.333
    1163   4.092616e+05    1.0000000    0.0000000   2.406006e+02   39   39            0          269            0            0            0                 1.920      1             0.275
    1164   4.095022e+05    1.0000000    0.0000000   2.406006e+02   39   40            0          999            0            0            0                 2.360      1             0.286
    1165   4.097428e+05    1.0000000    0.0000000   2.406006e+02   39   39            0          270            0            0            0                 1.893      1             0.252
    1166   4.099834e+05    1.0000000    0.0000000   2.406006e+02   39   42            0          999            0            0            0                 2.362      1             0.228
    1167   4.102240e+05    1.0000000    0.0000000   2.406006e+02   39   39            0          272            0            0            0                 1.935      1             0.332
    1168   4.104646e+05    1.0000000    0.0000000   2.406006e+02   39   40            0          999            0            0            0                 2.718      1             0.408
    1169   4.107052e+05    1.0000000    0.0000000   2.406006e+02   39   39            0          272            0            0            0                 1.983      1             0.299
    1170   4.109458e+05    1.0000000    0.0000000   2.406006e+02   39   41            0          999            0            0            0                 2.345      1             0.394
    1171   4.111864e+05    1.0000000    0.0000000   2.406006e+02   39   39            0          274            0            0            0                 1.810      1             0.152
    1172   4.114270e+05    1.0000000    0.0000000   2.406006e+02   39   40            0          999            0            0            0                 2.613      1             0.562
    1173   4.116676e+05    1.0000000    0.0000000   2.406006e+02   39   39            0          274            0            0            0                 1.715      1             0.165
    1174   4.119082e+05    1.0000000    0.0000000   2.406006e+02   39   43            0          999            0            0            0                 2.410      1             0.191
    1175   4.121488e+05    1.0000000    0.0000000   2.406006e+02   39   39            0          274            0            0            0                 1.952      1             0.299
    1176   4.123894e+05    1.0000000    0.0000000   2.406006e+02   39   40            0          999            0            0            0                 2.407      1             0.257
    1177   4.126300e+05    1.0000000    0.0000000   2.406006e+02   39   39            0          277            0            0            0                 1.776      1             0.264
    1178   4.128706e+05    1.0000000    0.0000000   2.406006e+02   39   41            0          999            0            0            0                 2.201      1             0.190
    1179   4.131112e+05    1.0000000    0.0000000   2.406006e+02   39   39            0          279            0            0            0                 1.744      1             0.214
    1180   4.133518e+05    1.0000000    0.0000000   2.406006e+02   39   40            0          999            0            0            0                 2.533      1             0.304
    1181   4.135924e+05    1.0000000    0.0000000   2.406006e+02   39   39            0          281            0            0            0                 2.049      1             0.339
    1182   4.138330e+05    1.0000000    0.0000000   2.406006e+02   39   42            0          999            0            0            0                 2.390      1             0.364
    1183   4.140736e+05    1.0000000    0.0000000   2.406006e+02   39   39            0          282            0            0            0                 2.443      1             0.186
    1184   4.143142e+05    1.0000000    0.0000000   2.406006e+02   39   40            0          999            0            0            0                 2.446      1             0.262
    1185   4.145548e+05    1.0000000    0.0000000   2.406006e+02   39   39            0          282            0            0            0                 1.781      1             0.161
    1186   4.147954e+05    1.0000000    0.0000000   2.406006e+02   39   41            0          999            0            0            0                 2.764      1             0.411
    1187   4.150360e+05    1.0000000    0.0000000   2.406006e+02   39   39            0          283            0            0            0                 1.872      1             0.243
    1188   4.152766e+05    1.0000000    0.0000000   2.406006e+02   39   40            0          999            0            0            0                 2.388      1             0.356
    1189   4.155172e+05    1.0000000    0.0000000   2.406006e+02   39   39            0          283            0            0            0                 1.916      1             0.249
    1190   4.157578e+05    1.0000000    0.0000000   2.406006e+02   39   45            0          999            0            0            0                 2.392      1             0.374
    1191   4.159984e+05    1.0000000    0.0000000   2.406006e+02   39   39            0          284            0            0            0                 1.872      1             0.233
    1192   4.162390e+05    1.0000000    0.0000000   2.406006e+02   39   40            0          999            0            0            0                 2.275      1             0.263
    1193   4.164796e+05    1.0000000    0.0000000   2.406006e+02   39   39            0          284            0            0            0                 2.119      1             0.242
    1194   4.167202e+05    1.0000000    0.0000000   2.406006e+02   39   41            0          999            0            0            0                 2.541      1             0.263
    1195   4.169608e+05    1.0000000    0.0000000   2.406006e+02   39   39            0          284            0            0            0                 1.899      1             0.192
    1196   4.172014e+05    1.0000000    0.0000000   2.406006e+02   39   40            0          999            0            0            0                 2.395      1             0.379
    1197   4.174420e+05    1.0000000    0.0000000   2.406006e+02   39   39            0          285            0            0            0                 1.915      1             0.316
    1198   4.176826e+05    1.0000000    0.0000000   2.406006e+02   39   42            0          999            0            0            0                 2.514      1             0.290
    1199   4.179232e+05    1.0000000    0.0000000   2.406006e+02   39   39            0          288            0            0            0                 2.313      1             0.308
    1200   4.181638e+05    1.0000000    0.0000000   2.406006e+02   39   40            0          999            0            0            0                 3.588      1             0.370
    1201   4.184044e+05    1.0000000    0.0000000   2.406006e+02   39   39            0          288            0            0            0                 1.831      1             0.271
    1202   4.186450e+05    1.0000000    0.0000000   2.406006e+02   39   41            0          999            0            0            0                 2.522      1             0.409
    1203   4.188856e+05    1.0000000    0.0000000   2.406006e+02   39   39            0          288            0            0            0                 2.027      1             0.209
    1204   4.191262e+05    1.0000000    0.0000000   2.406006e+02   39   40            0          999            0            0            0                 2.648      1             0.433
    1205   4.193668e+05    1.0000000    0.0000000   2.406006e+02   39   39            0          290            0            0            0                 2.478      1             0.356
    1206   4.196074e+05    1.0000000    0.0000000   2.406006e+02   39   43            0          999            0            0            0                 3.268      1             0.406
    1207   4.198480e+05    1.0000000    0.0000000   2.406006e+02   39   39            0          291            0            0            0                 1.845      1             0.195
    1208   4.200886e+05    1.0000000    0.0000000   2.406006e+02   39   40            0          999            0            0            0                 2.533      1             0.354
    1209   4.203292e+05    1.0000000    0.0000000   2.406006e+02   39   39            0          292            0            0            0                 1.835      1             0.265
    1210   4.205698e+05    1.0000000    0.0000000   2.406006e+02   39   41            0          999            0            0            0                 2.579      1             0.402
    1211   4.208104e+05    1.0000000    0.0000000   2.406006e+02   39   39            0          293            0            0            0                 1.949      1             0.330
    1212   4.210510e+05    1.0000000    0.0000000   2.406006e+02   39   40            0          999            0            0            0                 2.543      1             0.445
    1213   4.212916e+05    1.0000000    0.0000000   2.406006e+02   39   39            0          293            0            0            0                 2.291      1             0.207
    1214   4.215322e+05    1.0000000    0.0000000   2.406006e+02   39   42            0          999            0            0            0                 2.359      1             0.314
    1215   4.217728e+05    1.0000000    0.0000000   2.406006e+02   39   39            0          293            0            0            0                 2.020      1             0.394
    1216   4.220134e+05    1.0000000    0.0000000   2.406006e+02   39   40            0          999            0            0            0                 2.389      1             0.321
    1217   4.222540e+05    1.0000000    0.0000000   2.406006e+02   39   39            0          295            0            0            0                 2.315      1             0.305
    1218   4.224946e+05    1.0000000    0.0000000   2.406006e+02   39   41            0          999            0            0            0                 2.766      1             0.491
    1219   4.227352e+05    1.0000000    0.0000000   2.406006e+02   39   39            0          295            0            0            0                 2.007      1             0.291
    1220   4.229758e+05    1.0000000    0.0000000   2.406006e+02   39   40            0          999            0            0            0                 2.596      1             0.364
    1221   4.232164e+05    1.0000000    0.0000000   2.406006e+02   39   39            0          296            0            0            0                 1.915      1             0.262
    1222   4.234570e+05    1.0000000    0.0000000   2.406006e+02   39   44            0          999            0            0            0                 2.619      1             0.301
    1223   4.236976e+05    1.0000000    0.0000000   2.406006e+02   39   39            0          296            0            0            0                 1.733      1             0.173
    1224   4.239382e+05    1.0000000    0.0000000   2.406006e+02   39   40            0          999            0            0            0                 2.389      1             0.331
    1225   4.241788e+05    1.0000000    0.0000000   2.406006e+02   39   39            0          297            0            0            0                 1.972      1             0.286
    1226   4.244194e+05    1.0000000    0.0000000   2.406006e+02   39   41            0          999            0            0            0                 2.432      1             0.228
    1227   4.246600e+05    1.0000000    0.0000000   2.406006e+02   39   39            0          298            0            0            0                 2.164      1             0.229
    1228   4.249006e+05    1.0000000    0.0000000   2.406006e+02   39   40            0          999            0            0            0                 2.620      1             0.300
    1229   4.251412e+05    1.0000000    0.0000000   2.406006e+02   39   39            0          298            0            0            0                 1.893      1             0.256
    1230   4.253818e+05    1.0000000    0.0000000   2.406006e+02   39   42            0          999            0            0            0                 2.393      1             0.357
    1231   4.256224e+05    1.0000000    0.0000000   2.406006e+02   39   39            0          298            0            0            0                 2.075      1             0.352
    1232   4.258630e+05    1.0000000    0.0000000   2.406006e+02   39   40            0          999            0            0            0                 2.446      1             0.342
    1233   4.261036e+05    1.0000000    0.0000000   2.406006e+02   39   39            0          300            0            0            0                 2.189      1             0.363
    1234   4.263442e+05    1.0000000    0.0000000   2.406006e+02   39   41            0          999            0            0            0                 2.403      1             0.325
    1235   4.265848e+05    1.0000000    0.0000000   2.406006e+02   39   39            0          301            0            0            0                 1.997      1             0.336
    1236   4.268254e+05    1.0000000    0.0000000   2.406006e+02   39   40            0          999            0            0            0                 2.526      1             0.462
    1237   4.270660e+05    1.0000000    0.0000000   2.406006e+02   39   39            0          303            0            0            0                 1.763      1             0.199
    1238   4.273066e+05    1.0000000    0.0000000   2.406006e+02   39   43            0          999            0            0            0                 2.282      1             0.300
    1239   4.275472e+05    1.0000000    0.0000000   2.406006e+02   39   39            0          304            0            0            0                 1.890      1             0.249
    1240   4.277878e+05    1.0000000    0.0000000   2.406006e+02   39   40            0          999            0            0            0                 2.619      1             0.360
    1241   4.280284e+05    1.0000000    0.0000000   2.406006e+02   39   39            0          305            0            0            0                 1.884      1             0.242
    1242   4.282690e+05    1.0000000    0.0000000   2.406006e+02   39   41            0          999            0            0            0                 2.442      1             0.359
    1243   4.285096e+05    1.0000000    0.0000000   2.406006e+02   39   39            0          307            0            0            0                 1.824      1             0.200
    1244   4.287502e+05    1.0000000    0.0000000   2.406006e+02   39   40            0          999            0            0            0                 2.380      1             0.244
    1245   4.289908e+05    1.0000000    0.0000000   2.406006e+02   39   39            0          308            0            0            0                 1.845      1             0.287
    1246   4.292314e+05    1.0000000    0.0000000   2.406006e+02   39   42            0          999            0            0            0                 2.366      1             0.380
    1247   4.294720e+05    1.0000000    0.0000000   2.406006e+02   39   39            0          309            0            0            0                 2.006      1             0.330
    1248   4.297126e+05    1.0000000    0.0000000   2.406006e+02   39   40            0          999            0            0            0                 2.534      1             0.358
    1249   4.299532e+05    1.0000000    0.0000000   2.406006e+02   39   39            0          310            0            0            0                 2.233      1             0.323
    1250   4.301938e+05    1.0000000    0.0000000   2.406006e+02   39   41            0          999            0            0            0                 2.745      1             0.293
    1251   4.304344e+05    1.0000000    0.0000000   2.406006e+02   39   39            0          311            0            0            0                 1.885      1             0.213
    1252   4.306750e+05    1.0000000    0.0000000   2.406006e+02   39   40            0          999            0            0            0                 2.326      1             0.236
    1253   4.309156e+05    1.0000000    0.0000000   2.406006e+02   39   39            0          311            0            0            0                 1.913      1             0.207
    1254   4.311562e+05    1.0000000    0.0000000   2.406006e+02   39   47            0         1000            0            0            0                 2.660      1             0.470
    1255   4.313969e+05    1.0000000    0.0000000   2.406006e+02   39   39            0          311            0            0            0                 2.145      1             0.263
    1256   4.316375e+05    1.0000000    0.0000000   2.406006e+02   39   40            0          999            0            0            0                 2.785      1             0.318
    1257   4.318781e+05    1.0000000    0.0000000   2.406006e+02   39   39            0          313            0            0            0                88.460     25             0.268
    1258   4.321187e+05    1.0000000    0.0000000   2.406006e+02   39   41            0          999            0            0            0                 2.360      1             0.387
    1259   4.323593e+05    1.0000000    0.0000000   2.406006e+02   39   39            0          315            0            0            0                 2.058      1             0.295
    1260   4.325999e+05    1.0000000    0.0000000   2.406006e+02   39   40            0          999            0            0            0                 2.407      1             0.252
    1261   4.328405e+05    1.0000000    0.0000000   2.406006e+02   39   39            0          317            0            0            0                 1.796      1             0.215
    1262   4.330811e+05    1.0000000    0.0000000   2.406006e+02   39   42            0          999            0            0            0                 2.344      1             0.311
    1263   4.333217e+05    1.0000000    0.0000000   2.406006e+02   39   39            0          317            0            0            0                 2.015      1             0.183
    1264   4.335623e+05    1.0000000    0.0000000   2.406006e+02   39   40            0          999            0            0            0                 2.241      1             0.304
    1265   4.338029e+05    1.0000000    0.0000000   2.406006e+02   39   39            0          319            0            0            0                 1.791      1             0.278
    1266   4.340435e+05    1.0000000    0.0000000   2.406006e+02   39   41            0          999            0            0            0                 2.323      1             0.285
    1267   4.342841e+05    1.0000000    0.0000000   2.406006e+02   39   39            0          320            0            0            0                 2.327      1             0.361
    1268   4.345247e+05    1.0000000    0.0000000   2.406006e+02   39   40            0          999            0            0            0                 2.520      1             0.377
    1269   4.347653e+05    1.0000000    0.0000000   2.406006e+02   39   39            0          320            0            0            0                 1.904      1             0.277
    1270   4.350059e+05    1.0000000    0.0000000   2.406006e+02   39   43            0          999            0            0            0                 2.332      1             0.255
    1271   4.352465e+05    1.0000000    0.0000000   2.406006e+02   39   39            0          321            0            0            0                 2.701      1             0.315
    1272   4.354871e+05    1.0000000    0.0000000   2.406006e+02   39   40            0          999            0            0            0                 2.609      1             0.372
    1273   4.357277e+05    1.0000000    0.0000000   2.406006e+02   39   39            0          322            0            0            0                 2.095      1             0.231
    1274   4.359683e+05    1.0000000    0.0000000   2.406006e+02   39   41            0          999            0            0            0                 2.485      1             0.438
    1275   4.362089e+05    1.0000000    0.0000000   2.406006e+02   39   39            0          326            0            0            0                 2.368      1             0.409
    1276   4.364495e+05    1.0000000    0.0000000   2.406006e+02   39   40            0          999            0            0            0                 3.395      1             0.498
    1277   4.366901e+05    1.0000000    0.0000000   2.406006e+02   39   39            0          327            0            0            0                 2.582      1             0.406
    1278   4.368104e+05    1.0000000    0.0000000   1.203003e+02   38   38            0            2            0            0            0                 2.119      1             0.430
    1279   4.369307e+05    1.0000000    0.0000000   1.203003e+02   38   42            0          999            0            0            0                 1.285      0             0.312
    1280   4.370510e+05    1.0000000    0.0000000   1.203003e+02   38   38            0            4            0            0            0                 2.238      1             0.246
    1281   4.371713e+05    1.0000000    0.0000000   1.203003e+02   38   39            0          328            0            0            0                 0.817      0             0.247
    1282   4.372916e+05    1.0000000    0.0000000   1.203003e+02   38   38            0            5            0            0            0                 1.917      1             0.254
    1283   4.374119e+05    1.0000000    0.0000000   1.203003e+02   38   40            0          999            0            0            0                 1.439      0             0.472
    1284   4.375322e+05    1.0000000    0.0000000   1.203003e+02   38   38            0            5            0            0            0                 1.689      1             0.202
    1285   4.376525e+05    1.0000000    0.0000000   1.203003e+02   38   39            0          329            0            0            0                 0.890      0             0.317
    1286   4.377728e+05    1.0000000    0.0000000   1.203003e+02   38   38            0            5            0            0            0                 1.665      1             0.201
    1287   4.378931e+05    1.0000000    0.0000000   1.203003e+02   38   41            0          999            0            0            0                 1.300      0             0.414
    1288   4.380134e+05    1.0000000    0.0000000   1.203003e+02   38   38            0            6            0            0            0                 1.720      1             0.220
    1289   4.381337e+05    1.0000000    0.0000000   1.203003e+02   38   39            0          329            0            0            0                 0.829      0             0.286
    1290   4.382540e+05    1.0000000    0.0000000   1.203003e+02   38   38            0            6            0            0            0                 1.960      1             0.257
    1291   4.383743e+05    1.0000000    0.0000000   1.203003e+02   38   40            0          999            0            0            0                 1.528      0             0.446
    1292   4.384946e+05    1.0000000    0.0000000   1.203003e+02   38   38            0            6            0            0            0                 1.980      1             0.267
    1293   4.386149e+05    1.0000000    0.0000000   1.203003e+02   38   39            0          330            0            0            0                 1.500      0             0.378
    1294   4.387352e+05    1.0000000    0.0000000   1.203003e+02   38   38            0            6            0            0            0                 2.466      1             0.474
    1295   4.388555e+05    1.0000000    0.0000000   1.203003e+02   38   44            0          999            0            0            0                 1.516      0             0.413
    1296   4.389758e+05    1.0000000    0.0000000   1.203003e+02   38   38            0            6            0            0            0                 1.911      1             0.315
    1297   4.390961e+05    1.0000000    0.0000000   1.203003e+02   38   39            0          332            0            0            0                 0.777      0             0.246
    1298   4.392164e+05    1.0000000    0.0000000   1.203003e+02   38   38            0            7            0            0            0                 2.097      1             0.325
    1299   4.393367e+05    1.0000000    0.0000000   1.203003e+02   38   40            0          999            0            0            0                 1.338      0             0.291
    1300   4.394570e+05    1.0000000    0.0000000   1.203003e+02   38   38            0            8            0            0            0                 2.515      1             0.211
    1301   4.395773e+05    1.0000000    0.0000000   1.203003e+02   38   39            0          332            0            0            0                 0.759      0             0.209
    1302   4.396976e+05    1.0000000    0.0000000   1.203003e+02   38   38            0            8            0            0            0                 1.818      1             0.358
    1303   4.398179e+05    1.0000000    0.0000000   1.203003e+02   38   41            0          999            0            0            0                 1.347      0             0.334
    1304   4.399382e+05    1.0000000    0.0000000   1.203003e+02   38   38            0            9            0            0            0                 1.634      1             0.200
    1305   4.400585e+05    1.0000000    0.0000000   1.203003e+02   38   39            0          333            0            0            0                 0.947      0             0.403
    1306   4.401788e+05    1.0000000    0.0000000   1.203003e+02   38   38            0            9            0            0            0                 1.571      1             0.116
    1307   4.402991e+05    1.0000000    0.0000000   1.203003e+02   38   40            0          999            0            0            0                 1.333      0             0.282
    1308   4.404194e+05    1.0000000    0.0000000   1.203003e+02   38   38            0            9            0            0            0                 1.711      1             0.203
    1309   4.405397e+05    1.0000000    0.0000000   1.203003e+02   38   39            0          334            0            0            0                 0.748      0             0.243
    1310   4.406600e+05    1.0000000    0.0000000   1.203003e+02   38   38            0            9            0            0            0                 1.436      1             0.127
    1311   4.407803e+05    1.0000000    0.0000000   1.203003e+02   38   42            0          999            0            0            0                 1.362      0             0.357
    1312   4.409006e+05    1.0000000    0.0000000   1.203003e+02   38   38            0           10            0            0            0                 1.645      1             0.180
    1313   4.410209e+05    1.0000000    0.0000000   1.203003e+02   38   39            0          336            0            0            0                 2.075      1             0.310
    1314   4.411412e+05    1.0000000    0.0000000   1.203003e+02   38   38            0           12            0            0            0                 1.935      1             0.236
    1315   4.412615e+05    1.0000000    0.0000000   1.203003e+02   38   40            0          999            0            0            0                 2.836      1             0.320
    1316   4.413818e+05    1.0000000    0.0000000   1.203003e+02   38   38            0           14            0            0            0                 1.790      1             0.232
    1317   4.415021e+05    1.0000000    0.0000000   1.203003e+02   38   39            0          339            0            0            0                 2.142      1             0.447
    1318   4.416224e+05    1.0000000    0.0000000   1.203003e+02   38   38            0           14            0            0            0                 2.025      1             0.294
    1319   4.417427e+05    1.0000000    0.0000000   1.203003e+02   38   41            0          999            0            0            0                 2.887      1             0.466
    1320   4.418630e+05    1.0000000    0.0000000   1.203003e+02   38   38            0           14            0            0            0                 2.054      1             0.229
    1321   4.419833e+05    1.0000000    0.0000000   1.203003e+02   38   39            0          339            0            0            0                 2.587      1             0.269
    1322   4.421036e+05    1.0000000    0.0000000   1.203003e+02   38   38            0           15            0            0            0                 1.664      1             0.202
    1323   4.422239e+05    1.0000000    0.0000000   1.203003e+02   38   40            0          999            0            0            0                 2.490      1             0.331
    1324   4.423442e+05    1.0000000    0.0000000   1.203003e+02   38   38            0           16            0            0            0                 1.703      1             0.272
    1325   4.424645e+05    1.0000000    0.0000000   1.203003e+02   38   39            0          340            0            0            0                 2.120      1             0.442
    1326   4.425848e+05    1.0000000    0.0000000   1.203003e+02   38   38            0           18            0            0            0                 1.994      1             0.366
    1327   4.427051e+05    1.0000000    0.0000000   1.203003e+02   38   43            0          999            0            0            0                 2.384      1             0.298
    1328   4.428254e+05    1.0000000    0.0000000   1.203003e+02   38   38            0           19            0            0            0                 1.894      1             0.231
    1329   4.429457e+05    1.0000000    0.0000000   1.203003e+02   38   39            0          341            0            0            0                 2.246      1             0.219
    1330   4.430660e+05    1.0000000    0.0000000   1.203003e+02   38   38            0           20            0            0            0                 1.572      1             0.146
    1331   4.431863e+05    1.0000000    0.0000000   1.203003e+02   38   40            0          999            0            0            0                 2.570      1             0.312
    1332   4.433066e+05    1.0000000    0.0000000   1.203003e+02   38   38            0           20            0            0            0                 1.732      1             0.237
    1333   4.434269e+05    1.0000000    0.0000000   1.203003e+02   38   39            0          343            0            0            0                 2.143      1             0.251
    1334   4.435472e+05    1.0000000    0.0000000   1.203003e+02   38   38            0           21            0            0            0                 1.610      1             0.120
    1335   4.436675e+05    1.0000000    0.0000000   1.203003e+02   38   41            0          999            0            0            0                 2.398      1             0.350
    1336   4.437878e+05    1.0000000    0.0000000   1.203003e+02   38   38            0           23            0            0            0                 1.752      1             0.193
    1337   4.439081e+05    1.0000000    0.0000000   1.203003e+02   38   39            0          343            0            0            0                 2.300      1             0.256
    1338   4.440284e+05    1.0000000    0.0000000   1.203003e+02   38   38            0           23            0            0            0                 2.242      1             0.224
    1339   4.441487e+05    1.0000000    0.0000000   1.203003e+02   38   40            0          999            0            0            0                 2.509      1             0.419
    1340   4.442690e+05    1.0000000    0.0000000   1.203003e+02   38   38            0           23            0            0            0                 1.774      1             0.273
    1341   4.443893e+05    1.0000000    0.0000000   1.203003e+02   38   39            0          344            0            0            0                 1.802      1             0.278
    1342   4.445096e+05    1.0000000    0.0000000   1.203003e+02   38   38            0           23            0            0            0                 1.729      1             0.191
    1343   4.446299e+05    1.0000000    0.0000000   1.203003e+02   38   42            0          999            0            0            0                 2.312      1             0.327
    1344   4.447502e+05    1.0000000    0.0000000   1.203003e+02   38   38            0           23            0            0            0                 1.497      1             0.112
    1345   4.448705e+05    1.0000000    0.0000000   1.203003e+02   38   39            0          345            0            0            0                 2.157      1             0.309
    1346   4.449908e+05    1.0000000    0.0000000   1.203003e+02   38   38            0           23            0            0            0                 1.539      1             0.120
    1347   4.451111e+05    1.0000000    0.0000000   1.203003e+02   38   40            0          999            0            0            0                 2.215      1             0.184
    1348   4.452314e+05    1.0000000    0.0000000   1.203003e+02   38   38            0           23            0            0            0                 1.652      1             0.196
    1349   4.453517e+05    1.0000000    0.0000000   1.203003e+02   38   39            0          346            0            0            0                 1.850      1             0.216
    1350   4.454720e+05    1.0000000    0.0000000   1.203003e+02   38   38            0           24            0            0            0                 1.823      1             0.335
    1351   4.455923e+05    1.0000000    0.0000000   1.203003e+02   38   41            0          999            0            0            0                 2.706      1             0.552
    1352   4.457126e+05    1.0000000    0.0000000   1.203003e+02   38   38            0           26            0            0            0                 1.722      1             0.186
    1353   4.458329e+05    1.0000000    0.0000000   1.203003e+02   38   39            0          347            0            0            0                 1.861      1             0.301
    1354   4.459532e+05    1.0000000    0.0000000   1.203003e+02   38   38            0           26            0            0            0                 1.630      1             0.130
    1355   4.460735e+05    1.0000000    0.0000000   1.203003e+02   38   40            0          999            0            0            0                 2.383      1             0.380
    1356   4.461938e+05    1.0000000    0.0000000   1.203003e+02   38   38            0           26            0            0            0                 1.673      1             0.208
    1357   4.463141e+05    1.0000000    0.0000000   1.203003e+02   38   39            0          347            0            0            0                 1.840      1             0.157
    1358   4.464344e+05    1.0000000    0.0000000   1.203003e+02   38   38            0           26            0            0            0                 1.753      1             0.291
    1359   4.465547e+05    1.0000000    0.0000000   1.203003e+02   38   45            0          999            0            0            0                 3.372      1             0.515
    1360   4.466750e+05    1.0000000    0.0000000   1.203003e+02   38   38            0           26            0            0            0                 2.270      1             0.239
    1361   4.467953e+05    1.0000000    0.0000000   1.203003e+02   38   39            0          348            0            0            0                 2.214      1             0.295
    1362   4.469156e+05    1.0000000    0.0000000   1.203003e+02   38   38            0           26            0            0            0                 1.726      1             0.195
    1363   4.470359e+05    1.0000000    0.0000000   1.203003e+02   38   40            0          999            0            0            0                 2.191      1             0.228
    1364   4.471562e+05    1.0000000    0.0000000   1.203003e+02   38   38            0           26            0            0            0                 1.575      1             0.122
    1365   4.472765e+05    1.0000000    0.0000000   1.203003e+02   38   39            0          348            0            0            0                 1.951      1             0.245
    1366   4.473968e+05    1.0000000    0.0000000   1.203003e+02   38   38            0           27            0            0            0                 1.766      1             0.158
    1367   4.475171e+05    1.0000000    0.0000000   1.203003e+02   38   41            0          999            0            0            0                 2.424      1             0.244
    1368   4.476374e+05    1.0000000    0.0000000   1.203003e+02   38   38            0           28            0            0            0                 1.607      1             0.203
    1369   4.477577e+05    1.0000000    0.0000000   1.203003e+02   38   39            0          350            0            0            0                 1.944      1             0.292
    1370   4.478780e+05    1.0000000    0.0000000   1.203003e+02   38   38            0           29            0            0            0                 1.609      1             0.158
    1371   4.479983e+05    1.0000000    0.0000000   1.203003e+02   38   40            0          999            0            0            0                 2.408      1             0.261
    1372   4.481186e+05    1.0000000    0.0000000   1.203003e+02   38   38            0           30            0            0            0                 1.717      1             0.285
    1373   4.482389e+05    1.0000000    0.0000000   1.203003e+02   38   39            0          352            0            0            0                 2.038      1             0.330
    1374   4.483592e+05    1.0000000    0.0000000   1.203003e+02   38   38            0           30            0            0            0                 2.426      1             0.399
    1375   4.484795e+05    1.0000000    0.0000000   1.203003e+02   38   42            0          999            0            0            0                 2.320      1             0.361
    1376   4.485998e+05    1.0000000    0.0000000   1.203003e+02   38   38            0           31            0            0            0                 1.583      1             0.214
    1377   4.487201e+05    1.0000000    0.0000000   1.203003e+02   38   39            0          352            0            0            0                 1.857      1             0.210
    1378   4.488404e+05    1.0000000    0.0000000   1.203003e+02   38   38            0           31            0            0            0                 1.820      1             0.236
    1379   4.489607e+05    1.0000000    0.0000000   1.203003e+02   38   40            0          999            0            0            0                 2.259      1             0.292
    1380   4.490810e+05    1.0000000    0.0000000   1.203003e+02   38   38            0           31            0            0            0                 3.077      1             0.479
    1381   4.492013e+05    1.0000000    0.0000000   1.203003e+02   38   39            0          352            0            0            0                 2.409      1             0.516
    1382   4.493216e+05    1.0000000    0.0000000   1.203003e+02   38   38            0           33            0            0            0                 1.755      1             0.276
    1383   4.494419e+05    1.0000000    0.0000000   1.203003e+02   38   41            0          999            0            0            0                 2.631      1             0.341
    1384   4.495622e+05    1.0000000    0.0000000   1.203003e+02   38   38            0           35            0            0            0                 1.796      1             0.236
    1385   4.496825e+05    1.0000000    0.0000000   1.203003e+02   38   39            0          355            0            0            0                 2.040      1             0.284
    1386   4.498028e+05    1.0000000    0.0000000   1.203003e+02   38   38            0           35            0            0            0                 1.705      1             0.216
    1387   4.499231e+05    1.0000000    0.0000000   1.203003e+02   38   40            0          999            0            0            0                 2.505      1             0.396
    1388   4.500434e+05    1.0000000    0.0000000   1.203003e+02   38   38            0           35            0            0            0                 2.081      1             0.405
    1389   4.501637e+05    1.0000000    0.0000000   1.203003e+02   38   39            0          355            0            0            0                 2.607      1             0.251
    1390   4.502840e+05    1.0000000    0.0000000   1.203003e+02   38   38            0           36            0            0            0                 1.865      1             0.168
    1391   4.504043e+05    1.0000000    0.0000000   1.203003e+02   38   43            0          999            0            0            0                 2.556      1             0.304
    1392   4.505246e+05    1.0000000    0.0000000   1.203003e+02   38   38            0           38            0            0            0                 1.660      1             0.226
    1393   4.506449e+05    1.0000000    0.0000000   1.203003e+02   38   39            0          355            0            0            0                 1.977      1             0.295
    1394   4.507652e+05    1.0000000    0.0000000   1.203003e+02   38   38            0           40            0            0            0                 1.789      1             0.261
    1395   4.508855e+05    1.0000000    0.0000000   1.203003e+02   38   40            0          999            0            0            0                 3.078      1             0.458
    1396   4.510058e+05    1.0000000    0.0000000   1.203003e+02   38   38            0           41            0            0            0                 2.140      1             0.325
    1397   4.511261e+05    1.0000000    0.0000000   1.203003e+02   38   39            0          355            0            0            0                 2.085      1             0.245
    1398   4.512464e+05    1.0000000    0.0000000   1.203003e+02   38   38            0           42            0            0            0                 1.704      1             0.233
    1399   4.513667e+05    1.0000000    0.0000000   1.203003e+02   38   41            0          999            0            0            0                 2.387      1             0.360
    1400   4.514870e+05    1.0000000    0.0000000   1.203003e+02   38   38            0           43            0            0            0                 2.643      1             0.263
    1401   4.516073e+05    1.0000000    0.0000000   1.203003e+02   38   39            0          357            0            0            0                 1.803      1             0.180
    1402   4.517276e+05    1.0000000    0.0000000   1.203003e+02   38   38            0           43            0            0            0                 2.421      1             0.219
    1403   4.518479e+05    1.0000000    0.0000000   1.203003e+02   38   40            0          999            0            0            0                 2.419      1             0.243
    1404   4.519682e+05    1.0000000    0.0000000   1.203003e+02   38   38            0           43            0            0            0                 1.747      1             0.217
    1405   4.520885e+05    1.0000000    0.0000000   1.203003e+02   38   39            0          359            0            0            0                 1.993      1             0.435
    1406   4.522088e+05    1.0000000    0.0000000   1.203003e+02   38   38            0           44            0            0            0                 1.830      1             0.228
    1407   4.523291e+05    1.0000000    0.0000000   1.203003e+02   38   42            0          999            0            0            0                 2.335      1             0.373
    1408   4.524494e+05    1.0000000    0.0000000   1.203003e+02   38   38            0           44            0            0            0                 1.681      1             0.211
    1409   4.525697e+05    1.0000000    0.0000000   1.203003e+02   38   39            0          361            0            0            0                 2.068      1             0.323
    1410   4.526900e+05    1.0000000    0.0000000   1.203003e+02   38   38            0           46            0            0            0                 2.128      1             0.312
    1411   4.528103e+05    1.0000000    0.0000000   1.203003e+02   38   40            0          999            0            0            0                 2.796      1             0.453
    1412   4.529306e+05    1.0000000    0.0000000   1.203003e+02   38   38            0           47            0            0            0                 1.777      1             0.251
    1413   4.530509e+05    1.0000000    0.0000000   1.203003e+02   38   39            0          364            0            0            0                 1.981      1             0.315
    1414   4.531712e+05    1.0000000    0.0000000   1.203003e+02   38   38            0           47            0            0            0                 1.574      1             0.210
    1415   4.532915e+05    1.0000000    0.0000000   1.203003e+02   38   41            0          999            0            0            0                 2.491      1             0.402
    1416   4.534118e+05    1.0000000    0.0000000   1.203003e+02   38   38            0           47            0            0            0                 1.664      1             0.143
    1417   4.535321e+05    1.0000000    0.0000000   1.203003e+02   38   39            0          365            0            0            0                 1.968      1             0.341
    1418   4.536524e+05    1.0000000    0.0000000   1.203003e+02   38   38            0           47            0            0            0                 1.700      1             0.206
    1419   4.537727e+05    1.0000000    0.0000000   1.203003e+02   38   40            0          999            0            0            0                 2.552      1             0.363
    1420   4.538930e+05    1.0000000    0.0000000   1.203003e+02   38   38            0           48            0            0            0                 1.687      1             0.223
    1421   4.540133e+05    1.0000000    0.0000000   1.203003e+02   38   39            0          365            0            0            0                 1.904      1             0.252
    1422   4.541336e+05    1.0000000    0.0000000   1.203003e+02   38   38            0           49            0            0            0                 1.693      1             0.231
    1423   4.542539e+05    1.0000000    0.0000000   1.203003e+02   38   44            0          999            0            0            0                 2.218      1             0.241
    1424   4.543742e+05    1.0000000    0.0000000   1.203003e+02   38   38            0           49            0            0            0                 2.157      1             0.145
    1425   4.544945e+05    1.0000000    0.0000000   1.203003e+02   38   39            0          365            0            0            0                 2.145      1             0.399
    1426   4.546148e+05    1.0000000    0.0000000   1.203003e+02   38   38            0           49            0            0            0                 1.732      1             0.192
    1427   4.547351e+05    1.0000000    0.0000000   1.203003e+02   38   40            0          999            0            0            0                 2.447      1             0.363
    1428   4.548554e+05    1.0000000    0.0000000   1.203003e+02   38   38            0           50            0            0            0                 1.626      1             0.147
    1429   4.549757e+05    1.0000000    0.0000000   1.203003e+02   38   39            0          365            0            0            0                 1.956      1             0.310
    1430   4.550960e+05    1.0000000    0.0000000   1.203003e+02   38   38            0           50            0            0            0                 1.702      1             0.186
    1431   4.552163e+05    1.0000000    0.0000000   1.203003e+02   38   41            0          999            0            0            0                 2.510      1             0.333
    1432   4.553366e+05    1.0000000    0.0000000   1.203003e+02   38   38            0           50            0            0            0                 2.209      1             0.392
    1433   4.554569e+05    1.0000000    0.0000000   1.203003e+02   38   39            0          365            0            0            0                 2.157      1             0.299
    1434   4.555772e+05    1.0000000    0.0000000   1.203003e+02   38   38            0           50            0            0            0                 1.718      1             0.243
    1435   4.556975e+05    1.0000000    0.0000000   1.203003e+02   38   40            0          999            0            0            0                 2.370      1             0.391
    1436   4.558178e+05    1.0000000    0.0000000   1.203003e+02   38   38            0           50            0            0            0                 1.917      1             0.295
    1437   4.559381e+05    1.0000000    0.0000000   1.203003e+02   38   39            0          365            0            0            0                 2.152      1             0.328
    1438   4.560584e+05    1.0000000    0.0000000   1.203003e+02   38   38            0           51            0            0            0                 1.952      1             0.314
    1439   4.561787e+05    1.0000000    0.0000000   1.203003e+02   38   42            0          999            0            0            0                 2.757      1             0.457
    1440   4.562990e+05    1.0000000    0.0000000   1.203003e+02   38   38            0           54            0            0            0                 1.692      1             0.222
    1441   4.564193e+05    1.0000000    0.0000000   1.203003e+02   38   39            0          366            0            0            0                 1.999      1             0.239
    1442   4.565396e+05    1.0000000    0.0000000   1.203003e+02   38   38            0           54            0            0            0                 1.830      1             0.241
    1443   4.566599e+05    1.0000000    0.0000000   1.203003e+02   38   40            0          999            0            0            0                 2.740      1             0.443
    1444   4.567802e+05    1.0000000    0.0000000   1.203003e+02   38   38            0           54            0            0            0                 1.705      1             0.186
    1445   4.569005e+05    1.0000000    0.0000000   1.203003e+02   38   39            0          366            0            0            0                 1.971      1             0.320
    1446   4.570208e+05    1.0000000    0.0000000   1.203003e+02   38   38            0           55            0            0            0                 2.683      1             0.356
    1447   4.571411e+05    1.0000000    0.0000000   1.203003e+02   38   41            0          999            0            0            0                 2.819      1             0.398
    1448   4.572614e+05    1.0000000    0.0000000   1.203003e+02   38   38            0           56            0            0            0                 1.841      1             0.253
    1449   4.573817e+05    1.0000000    0.0000000   1.203003e+02   38   39            0          367            0            0            0                 2.122      1             0.234
    1450   4.575020e+05    1.0000000    0.0000000   1.203003e+02   38   38            0           57            0            0            0                 1.769      1             0.275
    1451   4.576223e+05    1.0000000    0.0000000   1.203003e+02   38   40            0          999            0            0            0                 2.408      1             0.189
    1452   4.577426e+05    1.0000000    0.0000000   1.203003e+02   38   38            0           57            0            0            0                 1.816      1             0.218
    1453   4.578629e+05    1.0000000    0.0000000   1.203003e+02   38   39            0          368            0            0            0                 2.017      1             0.314
    1454   4.579832e+05    1.0000000    0.0000000   1.203003e+02   38   38            0           57            0            0            0                 1.757      1             0.225
    1455   4.581035e+05    1.0000000    0.0000000   1.203003e+02   38   43            0          999            0            0            0                 2.293      1             0.313
    1456   4.582238e+05    1.0000000    0.0000000   1.203003e+02   38   38            0           59            0            0            0                 1.782      1             0.249
    1457   4.583441e+05    1.0000000    0.0000000   1.203003e+02   38   39            0          368            0            0            0                 2.280      1             0.286
    1458   4.584644e+05    1.0000000    0.0000000   1.203003e+02   38   38            0           59            0            0            0                 2.236      1             0.362
    1459   4.585847e+05    1.0000000    0.0000000   1.203003e+02   38   40            0          999            0            0            0                 2.461      1             0.341
    1460   4.587050e+05    1.0000000    0.0000000   1.203003e+02   38   38            0           59            0            0            0                 1.955      1             0.313
    1461   4.588253e+05    1.0000000    0.0000000   1.203003e+02   38   39            0          369            0            0            0                 2.143      1             0.336
    1462   4.589456e+05    1.0000000    0.0000000   1.203003e+02   38   38            0           59            0            0            0                 1.673      1             0.301
    1463   4.590659e+05    1.0000000    0.0000000   1.203003e+02   38   41            0          999            0            0            0                 2.534      1             0.406
    1464   4.591862e+05    1.0000000    0.0000000   1.203003e+02   38   38            0           59            0            0            0                 1.750      1             0.203
    1465   4.593065e+05    1.0000000    0.0000000   1.203003e+02   38   39            0          371            0            0            0                 1.970      1             0.302
    1466   4.594268e+05    1.0000000    0.0000000   1.203003e+02   38   38            0           60            0            0            0                 1.731      1             0.241
    1467   4.595471e+05    1.0000000    0.0000000   1.203003e+02   38   40            0          999            0            0            0                 2.280      1             0.333
    1468   4.596674e+05    1.0000000    0.0000000   1.203003e+02   38   38            0           61            0            0            0                 2.606      1             0.326
    1469   4.597877e+05    1.0000000    0.0000000   1.203003e+02   38   39            0          372            0            0            0                 2.185      1             0.254
    1470   4.599080e+05    1.0000000    0.0000000   1.203003e+02   38   38            0           62            0            0            0                 1.901      1             0.280
    1471   4.600283e+05    1.0000000    0.0000000   1.203003e+02   38   42            0          999            0            0            0                 2.321      1             0.268
    1472   4.601486e+05    1.0000000    0.0000000   1.203003e+02   38   38            0           62            0            0            0                 1.601      1             0.210
    1473   4.602689e+05    1.0000000    0.0000000   1.203003e+02   38   39            0          372            0            0            0                 1.920      1             0.214
    1474   4.603892e+05    1.0000000    0.0000000   1.203003e+02   38   38            0           63            0            0            0                 1.725      1             0.234
    1475   4.605095e+05    1.0000000    0.0000000   1.203003e+02   38   40            0          999            0            0            0                 2.370      1             0.327
    1476   4.606298e+05    1.0000000    0.0000000   1.203003e+02   38   38            0           65            0            0            0                 1.994      1             0.278
    1477   4.607501e+05    1.0000000    0.0000000   1.203003e+02   38   39            0          372            0            0            0                 1.895      1             0.264
    1478   4.608704e+05    1.0000000    0.0000000   1.203003e+02   38   38            0           65            0            0            0                 1.917      1             0.220
    1479   4.609907e+05    1.0000000    0.0000000   1.203003e+02   38   41            0          999            0            0            0                 2.433      1             0.241
    1480   4.611110e+05    1.0000000    0.0000000   1.203003e+02   38   38            0           66            0            0            0                 1.653      1             0.213
    1481   4.612313e+05    1.0000000    0.0000000   1.203003e+02   38   39            0          372            0            0            0                 1.910      1             0.251
    1482   4.613516e+05    1.0000000    0.0000000   1.203003e+02   38   38            0           67            0            0            0                 1.738      1             0.237
    1483   4.614719e+05    1.0000000    0.0000000   1.203003e+02   38   40            0          999            0            0            0                 2.603      1             0.454
    1484   4.615922e+05    1.0000000    0.0000000   1.203003e+02   38   38            0           68            0            0            0                 1.900      1             0.320
    1485   4.617125e+05    1.0000000    0.0000000   1.203003e+02   38   39            0          373            0            0            0                 2.234      1             0.421
    1486   4.618328e+05    1.0000000    0.0000000   1.203003e+02   38   38            0           70            0            0            0                 1.888      1             0.212
    1487   4.619531e+05    1.0000000    0.0000000   1.203003e+02   38   46            0          999            0            0            0                 2.504      1             0.302
    1488   4.620734e+05    1.0000000    0.0000000   1.203003e+02   38   38            0           72            0            0            0                 2.227      1             0.385
    1489   4.621937e+05    1.0000000    0.0000000   1.203003e+02   38   39            0          373            0            0            0                 2.219      1             0.276
    1490   4.623140e+05    1.0000000    0.0000000   1.203003e+02   38   38            0           73            0            0            0                 2.550      1             0.422
    1491   4.624343e+05    1.0000000    0.0000000   1.203003e+02   38   40            0          999            0            0            0                 3.117      1             0.392
    1492   4.625546e+05    1.0000000    0.0000000   1.203003e+02   38   38            0           73            0            0            0                 2.217      1             0.313
    1493   4.626749e+05    1.0000000    0.0000000   1.203003e+02   38   39            0          375            0            0            0                 2.257      1             0.280
    1494   4.627952e+05    1.0000000    0.0000000   1.203003e+02   38   38            0           73            0            0            0                 1.646      1             0.187
    1495   4.629155e+05    1.0000000    0.0000000   1.203003e+02   38   41            0          999            0            0            0                 2.609      1             0.320
    1496   4.630358e+05    1.0000000    0.0000000   1.203003e+02   38   38            0           76            0            0            0                 1.868      1             0.336
    1497   4.631561e+05    1.0000000    0.0000000   1.203003e+02   38   39            0          377            0            0            0                 2.037      1             0.254
    1498   4.632764e+05    1.0000000    0.0000000   1.203003e+02   38   38            0           76            0            0            0                 1.830      1             0.220
    1499   4.633967e+05    1.0000000    0.0000000   1.203003e+02   38   40            0          999            0            0            0                 2.613      1             0.385
    1500   4.635170e+05    1.0000000    0.0000000   1.203003e+02   38   38            0           77            0            0            0                 2.623      1             0.219
    1501   4.636373e+05    1.0000000    0.0000000   1.203003e+02   38   39            0          379            0            0            0                 1.957      1             0.280
    1502   4.637576e+05    1.0000000    0.0000000   1.203003e+02   38   38            0           80            0            0            0                 1.654      1             0.198
    1503   4.638779e+05    1.0000000    0.0000000   1.203003e+02   38   42            0          999            0            0            0                 2.297      1             0.315
    1504   4.639982e+05    1.0000000    0.0000000   1.203003e+02   38   38            0           81            0            0            0                 1.788      1             0.226
    1505   4.641185e+05    1.0000000    0.0000000   1.203003e+02   38   39            0          379            0            0            0                 1.962      1             0.153
    1506   4.642388e+05    1.0000000    0.0000000   1.203003e+02   38   38            0           83            0            0            0                 1.562      1             0.120
    1507   4.643591e+05    1.0000000    0.0000000   1.203003e+02   38   40            0          999            0            0            0                 2.326      1             0.293
    1508   4.644794e+05    1.0000000    0.0000000   1.203003e+02   38   38            0           83            0            0            0                 1.683      1             0.240
    1509   4.645997e+05    1.0000000    0.0000000   1.203003e+02   38   39            0          381            0            0            0                 1.884      1             0.217
    1510   4.647200e+05    1.0000000    0.0000000   1.203003e+02   38   38            0           83            0            0            0                 1.745      1             0.257
    1511   4.648403e+05    1.0000000    0.0000000   1.203003e+02   38   41            0          999            0            0            0                 2.438      1             0.470
    1512   4.649606e+05    1.0000000    0.0000000   1.203003e+02   38   38            0           83            0            0            0                 2.738      1             0.263
    1513   4.650809e+05    1.0000000    0.0000000   1.203003e+02   38   39            0          382            0            0            0                 2.320      1             0.336
    1514   4.652012e+05    1.0000000    0.0000000   1.203003e+02   38   38            0           83            0            0            0                 2.044      1             0.293
    1515   4.653215e+05    1.0000000    0.0000000   1.203003e+02   38   40            0          999            0            0            0                 2.764      1             0.433
    1516   4.654418e+05    1.0000000    0.0000000   1.203003e+02   38   38            0           83            0            0            0                 2.135      1             0.316
    1517   4.655621e+05    1.0000000    0.0000000   1.203003e+02   38   39            0          382            0            0            0                 2.216      1             0.279
    1518   4.656824e+05    1.0000000    0.0000000   1.203003e+02   38   38            0           84            0            0            0                 2.113      1             0.248
    1519   4.658027e+05    1.0000000    0.0000000   1.203003e+02   38   43            0          999            0            0            0                 2.852      1             0.419
    1520   4.659230e+05    1.0000000    0.0000000   1.203003e+02   38   38            0           85            0            0            0                 2.045      1             0.225
    1521   4.660433e+05    1.0000000    0.0000000   1.203003e+02   38   39            0          382            0            0            0                 2.096      1             0.263
    1522   4.661636e+05    1.0000000    0.0000000   1.203003e+02   38   38            0           86            0            0            0                 2.106      1             0.287
    1523   4.662839e+05    1.0000000    0.0000000   1.203003e+02   38   40            0          999            0            0            0                 2.362      1             0.212
    1524   4.664042e+05    1.0000000    0.0000000   1.203003e+02   38   38            0           86            0            0            0                 1.805      1             0.263
    1525   4.665245e+05    1.0000000    0.0000000   1.203003e+02   38   39            0          383            0            0            0                 1.972      1             0.202
    1526   4.666448e+05    1.0000000    0.0000000   1.203003e+02   38   38            0           86            0            0            0                 1.762      1             0.197
    1527   4.667651e+05    1.0000000    0.0000000   1.203003e+02   38   41            0          999            0            0            0                 2.255      1             0.255
    1528   4.668854e+05    1.0000000    0.0000000   1.203003e+02   38   38            0           87            0            0            0                 1.754      1             0.231
    1529   4.670057e+05    1.0000000    0.0000000   1.203003e+02   38   39            0          384            0            0            0                 1.924      1             0.267
    1530   4.671260e+05    1.0000000    0.0000000   1.203003e+02   38   38            0           88            0            0            0                 1.660      1             0.217
    1531   4.672463e+05    1.0000000    0.0000000   1.203003e+02   38   40            0          999            0            0            0                 2.258      1             0.262
    1532   4.673666e+05    1.0000000    0.0000000   1.203003e+02   38   38            0           88            0            0            0                 1.613      1             0.134
    1533   4.674869e+05    1.0000000    0.0000000   1.203003e+02   38   39            0          384            0            0            0                 1.869      1             0.287
    1534   4.676072e+05    1.0000000    0.0000000   1.203003e+02   38   38            0           88            0            0            0                 2.852      1             0.154
    1535   4.677275e+05    1.0000000    0.0000000   1.203003e+02   38   42            0          999            0            0            0                 2.330      1             0.361
    1536   4.678478e+05    1.0000000    0.0000000   1.203003e+02   38   38            0           89            0            0            0                 1.836      1             0.211
    1537   4.679681e+05    1.0000000    0.0000000   1.203003e+02   38   39            0          384            0            0            0                 1.888      1             0.203
    1538   4.680884e+05    1.0000000    0.0000000   1.203003e+02   38   38            0           90            0            0            0                 1.786      1             0.205
    1539   4.682087e+05    1.0000000    0.0000000   1.203003e+02   38   40            0          999            0            0            0                 2.560      1             0.428
    1540   4.683290e+05    1.0000000    0.0000000   1.203003e+02   38   38            0           90            0            0            0                 2.154      1             0.289
    1541   4.684493e+05    1.0000000    0.0000000   1.203003e+02   38   39            0          384            0            0            0                 2.292      1             0.297
    1542   4.685696e+05    1.0000000    0.0000000   1.203003e+02   38   38            0           90            0            0            0                 1.802      1             0.184
    1543   4.686899e+05    1.0000000    0.0000000   1.203003e+02   38   41            0          999            0            0            0                 2.364      1             0.238
    1544   4.688102e+05    1.0000000    0.0000000   1.203003e+02   38   38            0           91            0            0            0                 1.709      1             0.250
    1545   4.689305e+05    1.0000000    0.0000000   1.203003e+02   38   39            0          385            0            0            0                 2.039      1             0.290
    1546   4.690508e+05    1.0000000    0.0000000   1.203003e+02   38   38            0           91            0            0            0                 1.730      1             0.222
    1547   4.691711e+05    1.0000000    0.0000000   1.203003e+02   38   40            0          999            0            0            0                 2.561      1             0.437
    1548   4.692914e+05    1.0000000    0.0000000   1.203003e+02   38   38            0           91            0            0            0                 1.760      1             0.193
    1549   4.694117e+05    1.0000000    0.0000000   1.203003e+02   38   39            0          387            0            0            0                 2.072      1             0.306
    1550   4.695320e+05    1.0000000    0.0000000   1.203003e+02   38   38            0           91            0            0            0                 1.664      1             0.202
    1551   4.696523e+05    1.0000000    0.0000000   1.203003e+02   38   44            0          999            0            0            0                 2.465      1             0.308
    1552   4.697726e+05    1.0000000    0.0000000   1.203003e+02   38   38            0           92            0            0            0                 1.612      1             0.166
    1553   4.698929e+05    1.0000000    0.0000000   1.203003e+02   38   39            0          387            0            0            0                 2.112      1             0.328
    1554   4.700132e+05    1.0000000    0.0000000   1.203003e+02   38   38            0           92            0            0            0                 1.667      1             0.217
    1555   4.701335e+05    1.0000000    0.0000000   1.203003e+02   38   40            0          999            0            0            0                 2.358      1             0.322
    1556   4.702538e+05    1.0000000    0.0000000   1.203003e+02   38   38            0           92            0            0            0                 2.165      1             0.209
    1557   4.703741e+05    1.0000000    0.0000000   1.203003e+02   38   39            0          387            0            0            0                 1.971      1             0.342
    1558   4.704944e+05    1.0000000    0.0000000   1.203003e+02   38   38            0           94            0            0            0                 1.730      1             0.249
    1559   4.706147e+05    1.0000000    0.0000000   1.203003e+02   38   41            0          999            0            0            0                 2.200      1             0.216
    1560   4.707350e+05    1.0000000    0.0000000   1.203003e+02   38   38            0           95            0            0            0                 1.802      1             0.263
    1561   4.708553e+05    1.0000000    0.0000000   1.203003e+02   38   39            0          387            0            0            0                 1.857      1             0.226
    1562   4.709756e+05    1.0000000    0.0000000   1.203003e+02   38   38            0           95            0            0            0                 1.783      1             0.245
    1563   4.710959e+05    1.0000000    0.0000000   1.203003e+02   38   40            0          999            0            0            0                 2.493      1             0.327
    1564   4.712162e+05    1.0000000    0.0000000   1.203003e+02   38   38            0           96            0            0            0                 1.876      1             0.181
    1565   4.713365e+05    1.0000000    0.0000000   1.203003e+02   38   39            0          388            0            0            0                 1.887      1             0.231
    1566   4.714568e+05    1.0000000    0.0000000   1.203003e+02   38   38            0           97            0            0            0                 1.861      1             0.218
    1567   4.715771e+05    1.0000000    0.0000000   1.203003e+02   38   42            0          999            0            0            0                 2.750      1             0.429
    1568   4.716974e+05    1.0000000    0.0000000   1.203003e+02   38   38            0           98            0            0            0                 2.022      1             0.191
    1569   4.718177e+05    1.0000000    0.0000000   1.203003e+02   38   39            0          388            0            0            0                 2.331      1             0.399
    1570   4.719380e+05    1.0000000    0.0000000   1.203003e+02   38   38            0           98            0            0            0                 2.043      1             0.266
    1571   4.720583e+05    1.0000000    0.0000000   1.203003e+02   38   40            0          999            0            0            0                 2.809      1             0.330
    1572   4.721786e+05    1.0000000    0.0000000   1.203003e+02   38   38            0           99            0            0            0                 1.707      1             0.139
    1573   4.722990e+05    1.0000000    0.0000000   1.203003e+02   38   39            0          390            0            0            0                 2.031      1             0.280
    1574   4.724193e+05    1.0000000    0.0000000   1.203003e+02   38   38            0          100            0            0            0                 1.756      1             0.215
    1575   4.725396e+05    1.0000000    0.0000000   1.203003e+02   38   41            0          999            0            0            0                 2.537      1             0.235
    1576   4.726599e+05    1.0000000    0.0000000   1.203003e+02   38   38            0          101            0            0            0                 1.733      1             0.231
    1577   4.727802e+05    1.0000000    0.0000000   1.203003e+02   38   39            0          390            0            0            0                 1.998      1             0.309
    1578   4.729005e+05    1.0000000    0.0000000   1.203003e+02   38   38            0          101            0            0            0                 2.132      1             0.257
    1579   4.730208e+05    1.0000000    0.0000000   1.203003e+02   38   40            0          999            0            0            0                 2.613      1             0.340
    1580   4.731411e+05    1.0000000    0.0000000   1.203003e+02   38   38            0          101            0            0            0                 1.944      1             0.146
    1581   4.732614e+05    1.0000000    0.0000000   1.203003e+02   38   39            0          390            0            0            0                 2.101      1             0.353
    1582   4.733817e+05    1.0000000    0.0000000   1.203003e+02   38   38            0          101            0            0            0                 1.746      1             0.259
    1583   4.735020e+05    1.0000000    0.0000000   1.203003e+02   38   43            0          999            0            0            0                 2.338      1             0.400
    1584   4.736223e+05    1.0000000    0.0000000   1.203003e+02   38   38            0          101            0            0            0                 1.695      1             0.193
    1585   4.737426e+05    1.0000000    0.0000000   1.203003e+02   38   39            0          390            0            0            0                 2.092      1             0.280
    1586   4.738629e+05    1.0000000    0.0000000   1.203003e+02   38   38            0          102            0            0            0                 1.961      1             0.257
    1587   4.739832e+05    1.0000000    0.0000000   1.203003e+02   38   40            0          999            0            0            0                 2.462      1             0.380
    1588   4.741035e+05    1.0000000    0.0000000   1.203003e+02   38   38            0          103            0            0            0                 2.291      1             0.336
    1589   4.742238e+05    1.0000000    0.0000000   1.203003e+02   38   39            0          391            0            0            0                 1.854      1             0.239
    1590   4.743441e+05    1.0000000    0.0000000   1.203003e+02   38   38            0          103            0            0            0                 1.726      1             0.240
    1591   4.744644e+05    1.0000000    0.0000000   1.203003e+02   38   41            0          999            0            0            0                 2.645      1             0.423
    1592   4.745847e+05    1.0000000    0.0000000   1.203003e+02   38   38            0          103            0            0            0                 1.974      1             0.209
    1593   4.747050e+05    1.0000000    0.0000000   1.203003e+02   38   39            0          393            0            0            0                 1.984      1             0.270
    1594   4.748253e+05    1.0000000    0.0000000   1.203003e+02   38   38            0          103            0            0            0                 1.829      1             0.189
    1595   4.749456e+05    1.0000000    0.0000000   1.203003e+02   38   40            0          999            0            0            0                 2.444      1             0.196
    1596   4.750659e+05    1.0000000    0.0000000   1.203003e+02   38   38            0          103            0            0            0                 1.645      1             0.149
    1597   4.751862e+05    1.0000000    0.0000000   1.203003e+02   38   39            0          393            0            0            0                 2.086      1             0.316
    1598   4.753065e+05    1.0000000    0.0000000   1.203003e+02   38   38            0          103            0            0            0                 1.794      1             0.163
    1599   4.754268e+05    1.0000000    0.0000000   1.203003e+02   38   42            0          999            0            0            0                 2.692      1             0.341
    1600   4.755471e+05    1.0000000    0.0000000   1.203003e+02   38   38            0          104            0            0            0                 3.236      1             0.355
    1601   4.756674e+05    1.0000000    0.0000000   1.203003e+02   38   39            0          395            0            0            0                 2.058      1             0.268
    1602   4.757877e+05    1.0000000    0.0000000   1.203003e+02   38   38            0          105            0            0            0                 1.617      1             0.181
    1603   4.759080e+05    1.0000000    0.0000000   1.203003e+02   38   40            0          999            0            0            0                 2.419      1             0.258
    1604   4.760283e+05    1.0000000    0.0000000   1.203003e+02   38   38            0          105            0            0            0                 1.855      1             0.256
    1605   4.761486e+05    1.0000000    0.0000000   1.203003e+02   38   39            0          395            0            0            0                 1.957      1             0.269
    1606   4.762689e+05    1.0000000    0.0000000   1.203003e+02   38   38            0          105            0            0            0                 1.807      1             0.265
    1607   4.763892e+05    1.0000000    0.0000000   1.203003e+02   38   41            0          999            0            0            0                 2.556      1             0.383
    1608   4.765095e+05    1.0000000    0.0000000   1.203003e+02   38   38            0          106            0            0            0                 1.735      1             0.280
    1609   4.766298e+05    1.0000000    0.0000000   1.203003e+02   38   39            0          396            0            0            0                 2.066      1             0.299
    1610   4.767501e+05    1.0000000    0.0000000   1.203003e+02   38   38            0          106            0            0            0                 1.661      1             0.185
    1611   4.768704e+05    1.0000000    0.0000000   1.203003e+02   38   40            0          999            0            0            0                 2.278      1             0.248
    1612   4.769907e+05    1.0000000    0.0000000   1.203003e+02   38   38            0          106            0            0            0                 1.701      1             0.275
    1613   4.771110e+05    1.0000000    0.0000000   1.203003e+02   38   39            0          396            0            0            0                 1.896      1             0.281
    1614   4.772313e+05    1.0000000    0.0000000   1.203003e+02   38   38            0          107            0            0            0                 1.819      1             0.292
    1615   4.773516e+05    1.0000000    0.0000000   1.203003e+02   38   45            0          999            0            0            0                 2.781      1             0.387
    1616   4.774719e+05    1.0000000    0.0000000   1.203003e+02   38   38            0          107            0            0            0                 1.672      1             0.187
    1617   4.775922e+05    1.0000000    0.0000000   1.203003e+02   38   39            0          396            0            0            0                 1.913      1             0.268
    1618   4.777125e+05    1.0000000    0.0000000   1.203003e+02   38   38            0          107            0            0            0                 1.644      1             0.171
    1619   4.778328e+05    1.0000000    0.0000000   1.203003e+02   38   40            0          999            0            0            0                 2.443      1             0.359
    1620   4.779531e+05    1.0000000    0.0000000   1.203003e+02   38   38            0          107            0            0            0                 2.076      1             0.378
    1621   4.780734e+05    1.0000000    0.0000000   1.203003e+02   38   39            0          396            0            0            0                 2.731      1             0.404
    1622   4.781937e+05    1.0000000    0.0000000   1.203003e+02   38   38            0          107            0            0            0                 2.016      1             0.393
    1623   4.783140e+05    1.0000000    0.0000000   1.203003e+02   38   41            0          999            0            0            0                 2.288      1             0.265
    1624   4.784343e+05    1.0000000    0.0000000   1.203003e+02   38   38            0          107            0            0            0                 1.752      1             0.205
    1625   4.785546e+05    1.0000000    0.0000000   1.203003e+02   38   39            0          397            0            0            0                 2.071      1             0.285
    1626   4.786749e+05    1.0000000    0.0000000   1.203003e+02   38   38            0          109            0            0            0                 1.785      1             0.217
    1627   4.787952e+05    1.0000000    0.0000000   1.203003e+02   38   40            0          999            0            0            0                 2.499      1             0.379
    1628   4.789155e+05    1.0000000    0.0000000   1.203003e+02   38   38            0          109            0            0            0                 1.756      1             0.268
    1629   4.790358e+05    1.0000000    0.0000000   1.203003e+02   38   39            0          397            0            0            0                 2.078      1             0.214
    1630   4.791561e+05    1.0000000    0.0000000   1.203003e+02   38   38            0          109            0            0            0                 1.749      1             0.265
    1631   4.792764e+05    1.0000000    0.0000000   1.203003e+02   38   42            0          999            0            0            0                 2.423      1             0.315
    1632   4.793967e+05    1.0000000    0.0000000   1.203003e+02   38   38            0          110            0            0            0                 1.731      1             0.235
    1633   4.795170e+05    1.0000000    0.0000000   1.203003e+02   38   39            0          398            0            0            0                 1.840      1             0.184
    1634   4.796373e+05    1.0000000    0.0000000   1.203003e+02   38   38            0          111            0            0            0                 1.641      1             0.196
    1635   4.797576e+05    1.0000000    0.0000000   1.203003e+02   38   40            0          999            0            0            0                 2.287      1             0.305
    1636   4.798779e+05    1.0000000    0.0000000   1.203003e+02   38   38            0          111            0            0            0                 1.575      1             0.135
    1637   4.799982e+05    1.0000000    0.0000000   1.203003e+02   38   39            0          399            0            0            0                 2.274      1             0.270
    1638   4.801185e+05    1.0000000    0.0000000   1.203003e+02   38   38            0          111            0            0            0                 1.666      1             0.211
    1639   4.802388e+05    1.0000000    0.0000000   1.203003e+02   38   41            0          999            0            0            0                 2.390      1             0.308
    1640   4.803591e+05    1.0000000    0.0000000   1.203003e+02   38   38            0          111            0            0            0                 1.744      1             0.248
    1641   4.804794e+05    1.0000000    0.0000000   1.203003e+02   38   39            0          399            0            0            0                 1.821      1             0.246
    1642   4.805997e+05    1.0000000    0.0000000   1.203003e+02   38   38            0          111            0            0            0                 1.709      1             0.203
    1643   4.807200e+05    1.0000000    0.0000000   1.203003e+02   38   40            0          999            0            0            0                 2.848      1             0.519
    1644   4.808403e+05    1.0000000    0.0000000   1.203003e+02   38   38            0          111            0            0            0                 1.894      1             0.286
    1645   4.809606e+05    1.0000000    0.0000000   1.203003e+02   38   39            0          400            0            0            0                 2.333      1             0.328
    1646   4.810207e+05    1.0000000    0.0000000   6.015015e+01   37   37            0            2            0            0            0                 1.680      1             0.204
    1647   4.810809e+05    1.0000000    0.0000000   6.015015e+01   37   38            0          111            0            0            0                 0.664      0             0.276
    1648   4.811410e+05    1.0000000    0.0000000   6.015015e+01   37   37            0            2            0            0            0                 1.691      1             0.261
    1649   4.812012e+05    1.0000000    0.0000000   6.015015e+01   37   43            0          999            0            0            0                 1.305      0             0.406
    1650   4.812613e+05    1.0000000    0.0000000   6.015015e+01   37   37            0            4            0            0            0                 1.780      1             0.276
    1651   4.813215e+05    1.0000000    0.0000000   6.015015e+01   37   38            0          111            0            0            0                 0.595      0             0.181
    1652   4.813816e+05    1.0000000    0.0000000   6.015015e+01   37   37            0            4            0            0            0                 1.692      1             0.215
    1653   4.814418e+05    1.0000000    0.0000000   6.015015e+01   37   39            0          401            0            0            0                 0.923      0             0.338
    1654   4.815019e+05    1.0000000    0.0000000   6.015015e+01   37   37            0            5            0            0            0                 2.145      1             0.268
    1655   4.815621e+05    1.0000000    0.0000000   6.015015e+01   37   38            0          111            0            0            0                 0.722      0             0.266
    1656   4.816222e+05    1.0000000    0.0000000   6.015015e+01   37   37            0            5            0            0            0                 2.061      1             0.188
    1657   4.816824e+05    1.0000000    0.0000000   6.015015e+01   37   40            0          999            0            0            0                 1.156      0             0.257
    1658   4.817425e+05    1.0000000    0.0000000   6.015015e+01   37   37            0            5            0            0            0                 1.743      1             0.273
    1659   4.818027e+05    1.0000000    0.0000000   6.015015e+01   37   38            0          111            0            0            0                 0.645      0             0.214
    1660   4.818628e+05    1.0000000    0.0000000   6.015015e+01   37   37            0            5            0            0            0                 1.814      1             0.250
    1661   4.819230e+05    1.0000000    0.0000000   6.015015e+01   37   39            0          402            0            0            0                 0.841      0             0.246
    1662   4.819831e+05    1.0000000    0.0000000   6.015015e+01   37   37            0            5            0            0            0                 1.641      1             0.196
    1663   4.820433e+05    1.0000000    0.0000000   6.015015e+01   37   38            0          111            0            0            0                 0.681      0             0.280
    1664   4.821034e+05    1.0000000    0.0000000   6.015015e+01   37   37            0            6            0            0            0                 1.683      1             0.238
    1665   4.821636e+05    1.0000000    0.0000000   6.015015e+01   37   41            0          999            0            0            0                 1.809      0             0.397
    1666   4.822237e+05    1.0000000    0.0000000   6.015015e+01   37   37            0            6            0            0            0                 2.247      1             0.328
    1667   4.822839e+05    1.0000000    0.0000000   6.015015e+01   37   38            0          113            0            0            0                 0.985      0             0.501
    1668   4.823440e+05    1.0000000    0.0000000   6.015015e+01   37   37            0            6            0            0            0                 1.916      1             0.145
    1669   4.824042e+05    1.0000000    0.0000000   6.015015e+01   37   39            0          404            0            0            0                 0.825      0             0.225
    1670   4.824643e+05    1.0000000    0.0000000   6.015015e+01   37   37            0            6            0            0            0                 1.989      1             0.335
    1671   4.825245e+05    1.0000000    0.0000000   6.015015e+01   37   38            0          113            0            0            0                 0.815      0             0.332
    1672   4.825846e+05    1.0000000    0.0000000   6.015015e+01   37   37            0            6            0            0            0                 1.739      1             0.256
    1673   4.826448e+05    1.0000000    0.0000000   6.015015e+01   37   40            0          999            0            0            0                 1.298      0             0.339
    1674   4.827049e+05    1.0000000    0.0000000   6.015015e+01   37   37            0            6            0            0            0                 1.832      1             0.287
    1675   4.827651e+05    1.0000000    0.0000000   6.015015e+01   37   38            0          113            0            0            0                 0.761      0             0.218
    1676   4.828252e+05    1.0000000    0.0000000   6.015015e+01   37   37            0            6            0            0            0                 2.491      1             0.410
    1677   4.828854e+05    1.0000000    0.0000000   6.015015e+01   37   39            0          404            0            0            0                 1.346      0             0.493
    1678   4.829455e+05    1.0000000    0.0000000   6.015015e+01   37   37            0            6            0            0            0                 2.067      1             0.245
    1679   4.830057e+05    1.0000000    0.0000000   6.015015e+01   37   38            0          113            0            0            0                 0.847      0             0.326
    1680   4.830658e+05    1.0000000    0.0000000   6.015015e+01   37   37            0            6            0            0            0                 2.064      1             0.346
    1681   4.831260e+05    1.0000000    0.0000000   6.015015e+01   37   42            0          999            0            0            0                 1.429      0             0.396
    1682   4.831861e+05    1.0000000    0.0000000   6.015015e+01   37   37            0            6            0            0            0                 2.159      1             0.246
    1683   4.832463e+05    1.0000000    0.0000000   6.015015e+01   37   38            0          113            0            0            0                 1.946      0             1.432
    1684   4.833064e+05    1.0000000    0.0000000   6.015015e+01   37   37            0            6            0            0            0                 1.687      1             0.140
    1685   4.833666e+05    1.0000000    0.0000000   6.015015e+01   37   39            0          404            0            0            0                 1.028      0             0.266
    1686   4.834267e+05    1.0000000    0.0000000   6.015015e+01   37   37            0            7            0            0            0                 2.254      1             0.514
    1687   4.834869e+05    1.0000000    0.0000000   6.015015e+01   37   38            0          115            0            0            0                 1.365      0             0.374
    1688   4.835470e+05    1.0000000    0.0000000   6.015015e+01   37   37            0            7            0            0            0                 1.892      1             0.210
    1689   4.836072e+05    1.0000000    0.0000000   6.015015e+01   37   40            0          999            0            0            0                 1.549      0             0.487
    1690   4.836673e+05    1.0000000    0.0000000   6.015015e+01   37   37            0            8            0            0            0                 2.270      1             0.183
    1691   4.837275e+05    1.0000000    0.0000000   6.015015e+01   37   38            0          115            0            0            0                 0.587      0             0.176
    1692   4.837876e+05    1.0000000    0.0000000   6.015015e+01   37   37            0            8            0            0            0                 1.928      1             0.270
    1693   4.838478e+05    1.0000000    0.0000000   6.015015e+01   37   39            0          405            0            0            0                 1.064      0             0.330
    1694   4.839079e+05    1.0000000    0.0000000   6.015015e+01   37   37            0            8            0            0            0                 2.079      1             0.392
    1695   4.839681e+05    1.0000000    0.0000000   6.015015e+01   37   38            0          116            0            0            0                 0.761      0             0.307
    1696   4.840282e+05    1.0000000    0.0000000   6.015015e+01   37   37            0            8            0            0            0                 2.343      1             0.334
    1697   4.840884e+05    1.0000000    0.0000000   6.015015e+01   37   41            0          999            0            0            0                 1.406      0             0.402
    1698   4.841485e+05    1.0000000    0.0000000   6.015015e+01   37   37            0            9            0            0            0                 2.008      1             0.262
    1699   4.842087e+05    1.0000000    0.0000000   6.015015e+01   37   38            0          116            0            0            0                 0.916      0             0.372
    1700   4.842688e+05    1.0000000    0.0000000   6.015015e+01   37   37            0            9            0            0            0                 3.073      1             0.187
    1701   4.843290e+05    1.0000000    0.0000000   6.015015e+01   37   39            0          406            0            0            0                 0.974      0             0.288
    1702   4.843891e+05    1.0000000    0.0000000   6.015015e+01   37   37            0            9            0            0            0                 2.451      1             0.329
    1703   4.844493e+05    1.0000000    0.0000000   6.015015e+01   37   38            0          116            0            0            0                 0.689      0             0.267
    1704   4.845094e+05    1.0000000    0.0000000   6.015015e+01   37   37            0            9            0            0            0                 2.325      1             0.437
    1705   4.845696e+05    1.0000000    0.0000000   6.015015e+01   37   40            0          999            0            0            0                 1.303      0             0.312
    1706   4.846297e+05    1.0000000    0.0000000   6.015015e+01   37   37            0            9            0            0            0                 1.751      1             0.220
    1707   4.846899e+05    1.0000000    0.0000000   6.015015e+01   37   38            0          116            0            0            0                 0.652      0             0.190
    1708   4.847500e+05    1.0000000    0.0000000   6.015015e+01   37   37            0            9            0            0            0                 1.820      1             0.241
    1709   4.848102e+05    1.0000000    0.0000000   6.015015e+01   37   39            0          406            0            0            0                 1.222      0             0.345
    1710   4.848703e+05    1.0000000    0.0000000   6.015015e+01   37   37            0            9            0            0            0                 2.272      1             0.295
    1711   4.849305e+05    1.0000000    0.0000000   6.015015e+01   37   38            0          116            0            0            0                 0.761      0             0.225
    1712   4.849906e+05    1.0000000    0.0000000   6.015015e+01   37   37            0            9            0            0            0                 2.237      1             0.237
    1713   4.850508e+05    1.0000000    0.0000000   6.015015e+01   37   44            0          999            0            0            0                 1.352      0             0.419
    1714   4.851109e+05    1.0000000    0.0000000   6.015015e+01   37   37            0           10            0            0            0                 1.955      1             0.228
    1715   4.851711e+05    1.0000000    0.0000000   6.015015e+01   37   38            0          116            0            0            0                 1.969      1             0.183
    1716   4.852312e+05    1.0000000    0.0000000   6.015015e+01   37   37            0           10            0            0            0                 1.989      1             0.380
    1717   4.852914e+05    1.0000000    0.0000000   6.015015e+01   37   39            0          406            0            0            0                 2.219      1             0.254
    1718   4.853515e+05    1.0000000    0.0000000   6.015015e+01   37   37            0           10            0            0            0                 1.947      1             0.244
    1719   4.854117e+05    1.0000000    0.0000000   6.015015e+01   37   38            0          116            0            0            0                 2.224      1             0.347
    1720   4.854718e+05    1.0000000    0.0000000   6.015015e+01   37   37            0           13            0            0            0                 1.987      1             0.198
    1721   4.855320e+05    1.0000000    0.0000000   6.015015e+01   37   40            0          999            0            0            0                 2.830      1             0.377
    1722   4.855921e+05    1.0000000    0.0000000   6.015015e+01   37   37            0           14            0            0            0                 2.659      1             0.331
    1723   4.856523e+05    1.0000000    0.0000000   6.015015e+01   37   38            0          116            0            0            0                 1.997      1             0.285
    1724   4.857124e+05    1.0000000    0.0000000   6.015015e+01   37   37            0           14            0            0            0                 1.842      1             0.158
    1725   4.857726e+05    1.0000000    0.0000000   6.015015e+01   37   39            0          406            0            0            0                 2.519      1             0.385
    1726   4.858327e+05    1.0000000    0.0000000   6.015015e+01   37   37            0           14            0            0            0                 2.667      1             0.401
    1727   4.858929e+05    1.0000000    0.0000000   6.015015e+01   37   38            0          116            0            0            0                 2.633      1             0.408
    1728   4.859530e+05    1.0000000    0.0000000   6.015015e+01   37   37            0           14            0            0            0                 2.232      1             0.262
    1729   4.860132e+05    1.0000000    0.0000000   6.015015e+01   37   41            0          999            0            0            0                 3.708      1             0.577
    1730   4.860733e+05    1.0000000    0.0000000   6.015015e+01   37   37            0           14            0            0            0                 3.276      1             0.347
    1731   4.861335e+05    1.0000000    0.0000000   6.015015e+01   37   38            0          116            0            0            0                 2.929      1             0.350
    1732   4.861936e+05    1.0000000    0.0000000   6.015015e+01   37   37            0           15            0            0            0                 1.996      1             0.278
    1733   4.862538e+05    1.0000000    0.0000000   6.015015e+01   37   39            0          408            0            0            0                 2.686      1             0.378
    1734   4.863139e+05    1.0000000    0.0000000   6.015015e+01   37   37            0           15            0            0            0                 2.252      1             0.308
    1735   4.863741e+05    1.0000000    0.0000000   6.015015e+01   37   38            0          116            0            0            0                 2.198      1             0.286
    1736   4.864342e+05    1.0000000    0.0000000   6.015015e+01   37   37            0           15            0            0            0                 1.998      1             0.310
    1737   4.864944e+05    1.0000000    0.0000000   6.015015e+01   37   40            0          999            0            0            0                 2.696      1             0.365
    1738   4.865545e+05    1.0000000    0.0000000   6.015015e+01   37   37            0           16            0            0            0                 1.694      1             0.152
    1739   4.866147e+05    1.0000000    0.0000000   6.015015e+01   37   38            0          117            0            0            0                 1.701      1             0.190
    1740   4.866748e+05    1.0000000    0.0000000   6.015015e+01   37   37            0           17            0            0            0                 1.616      1             0.239
    1741   4.867350e+05    1.0000000    0.0000000   6.015015e+01   37   39            0          409            0            0            0                 1.829      1             0.162
    1742   4.867951e+05    1.0000000    0.0000000   6.015015e+01   37   37            0           18            0            0            0                 1.637      1             0.203
    1743   4.868553e+05    1.0000000    0.0000000   6.015015e+01   37   38            0          118            0            0            0                 1.846      1             0.208
    1744   4.869154e+05    1.0000000    0.0000000   6.015015e+01   37   37            0           19            0            0            0                 1.688      1             0.207
    1745   4.869756e+05    1.0000000    0.0000000   6.015015e+01   37   42            0          999            0            0            0                 2.423      1             0.378
    1746   4.870357e+05    1.0000000    0.0000000   6.015015e+01   37   37            0           19            0            0            0                 1.664      1             0.196
    1747   4.870959e+05    1.0000000    0.0000000   6.015015e+01   37   38            0          119            0            0            0                 1.815      1             0.260
    1748   4.871560e+05    1.0000000    0.0000000   6.015015e+01   37   37            0           20            0            0            0                 1.704      1             0.262
    1749   4.872162e+05    1.0000000    0.0000000   6.015015e+01   37   39            0          410            0            0            0                 1.905      1             0.204
    1750   4.872763e+05    1.0000000    0.0000000   6.015015e+01   37   37            0           20            0            0            0                 1.667      1             0.222
    1751   4.873365e+05    1.0000000    0.0000000   6.015015e+01   37   38            0          120            0            0            0                 1.914      1             0.272
    1752   4.873966e+05    1.0000000    0.0000000   6.015015e+01   37   37            0           20            0            0            0                 1.614      1             0.180
    1753   4.874568e+05    1.0000000    0.0000000   6.015015e+01   37   40            0          999            0            0            0                 2.872      1             0.281
    1754   4.875169e+05    1.0000000    0.0000000   6.015015e+01   37   37            0           20            0            0            0                 1.746      1             0.210
    1755   4.875771e+05    1.0000000    0.0000000   6.015015e+01   37   38            0          120            0            0            0                 1.557      1             0.195
    1756   4.876372e+05    1.0000000    0.0000000   6.015015e+01   37   37            0           20            0            0            0                 1.559      1             0.227
    1757   4.876974e+05    1.0000000    0.0000000   6.015015e+01   37   39            0          410            0            0            0                 1.978      1             0.193
    1758   4.877575e+05    1.0000000    0.0000000   6.015015e+01   37   37            0           21            0            0            0                 1.612      1             0.194
    1759   4.878177e+05    1.0000000    0.0000000   6.015015e+01   37   38            0          121            0            0            0                 1.793      1             0.214
    1760   4.878778e+05    1.0000000    0.0000000   6.015015e+01   37   37            0           22            0            0            0                 1.750      1             0.192
    1761   4.879380e+05    1.0000000    0.0000000   6.015015e+01   37   41            0          999            0            0            0                 2.539      1             0.301
    1762   4.879981e+05    1.0000000    0.0000000   6.015015e+01   37   37            0           23            0            0            0                 1.783      1             0.199
    1763   4.880583e+05    1.0000000    0.0000000   6.015015e+01   37   38            0          121            0            0            0                 1.641      1             0.113
    1764   4.881184e+05    1.0000000    0.0000000   6.015015e+01   37   37            0           23            0            0            0                 1.685      1             0.225
    1765   4.881786e+05    1.0000000    0.0000000   6.015015e+01   37   39            0          410            0            0            0                 2.336      1             0.305
    1766   4.882387e+05    1.0000000    0.0000000   6.015015e+01   37   37            0           23            0            0            0                 1.546      1             0.277
    1767   4.882989e+05    1.0000000    0.0000000   6.015015e+01   37   38            0          121            0            0            0                 1.769      1             0.218
    1768   4.883590e+05    1.0000000    0.0000000   6.015015e+01   37   37            0           23            0            0            0                 1.268      1             0.112
    1769   4.884192e+05    1.0000000    0.0000000   6.015015e+01   37   40            0          999            0            0            0                 2.204      1             0.339
    1770   4.884793e+05    1.0000000    0.0000000   6.015015e+01   37   37            0           23            0            0            0                 1.553      1             0.220
    1771   4.885395e+05    1.0000000    0.0000000   6.015015e+01   37   38            0          121            0            0            0                 1.544      1             0.145
    1772   4.885996e+05    1.0000000    0.0000000   6.015015e+01   37   37            0           23            0            0            0                 1.418      1             0.200
    1773   4.886598e+05    1.0000000    0.0000000   6.015015e+01   37   39            0          413            0            0            0                 1.905      1             0.344
    1774   4.887199e+05    1.0000000    0.0000000   6.015015e+01   37   37            0           23            0            0            0                 1.533      1             0.199
    1775   4.887801e+05    1.0000000    0.0000000   6.015015e+01   37   38            0          121            0            0            0                 2.294      1             0.240
    1776   4.888402e+05    1.0000000    0.0000000   6.015015e+01   37   37            0           23            0            0            0                 1.733      1             0.182
    1777   4.889004e+05    1.0000000    0.0000000   6.015015e+01   37   43            0          999            0            0            0                 2.182      1             0.379
    1778   4.889605e+05    1.0000000    0.0000000   6.015015e+01   37   37            0           23            0            0            0                 1.477      1             0.193
    1779   4.890207e+05    1.0000000    0.0000000   6.015015e+01   37   38            0          121            0            0            0                 1.460      1             0.189
    1780   4.890808e+05    1.0000000    0.0000000   6.015015e+01   37   37            0           23            0            0            0                 1.520      1             0.254
    1781   4.891410e+05    1.0000000    0.0000000   6.015015e+01   37   39            0          415            0            0            0                 1.612      1             0.268
    1782   4.892011e+05    1.0000000    0.0000000   6.015015e+01   37   37            0           23            0            0            0                 1.472      1             0.164
    1783   4.892613e+05    1.0000000    0.0000000   6.015015e+01   37   38            0          121            0            0            0                 1.776      1             0.260
    1784   4.893214e+05    1.0000000    0.0000000   6.015015e+01   37   37            0           23            0            0            0                 1.811      1             0.217
    1785   4.893816e+05    1.0000000    0.0000000   6.015015e+01   37   40            0          999            0            0            0                 1.937      1             0.279
    1786   4.894417e+05    1.0000000    0.0000000   6.015015e+01   37   37            0           23            0            0            0                 1.370      1             0.139
    1787   4.895019e+05    1.0000000    0.0000000   6.015015e+01   37   38            0          121            0            0            0                 1.477      1             0.237
    1788   4.895620e+05    1.0000000    0.0000000   6.015015e+01   37   37            0           24            0            0            0                 1.686      1             0.210
    1789   4.896222e+05    1.0000000    0.0000000   6.015015e+01   37   39            0          415            0            0            0                 2.103      1             0.278
    1790   4.896823e+05    1.0000000    0.0000000   6.015015e+01   37   37            0           24            0            0            0                 1.748      1             0.281
    1791   4.897425e+05    1.0000000    0.0000000   6.015015e+01   37   38            0          122            0            0            0                 1.835      1             0.275
    1792   4.898026e+05    1.0000000    0.0000000   6.015015e+01   37   37            0           25            0            0            0                 1.813      1             0.365
    1793   4.898628e+05    1.0000000    0.0000000   6.015015e+01   37   41            0          999            0            0            0                 2.167      1             0.410
    1794   4.899229e+05    1.0000000    0.0000000   6.015015e+01   37   37            0           26            0            0            0                 1.696      1             0.198
    1795   4.899831e+05    1.0000000    0.0000000   6.015015e+01   37   38            0          122            0            0            0                 1.487      1             0.204
    1796   4.900432e+05    1.0000000    0.0000000   6.015015e+01   37   37            0           26            0            0            0                 1.377      1             0.194
    1797   4.901034e+05    1.0000000    0.0000000   6.015015e+01   37   39            0          416            0            0            0                 2.314      1             0.234
    1798   4.901635e+05    1.0000000    0.0000000   6.015015e+01   37   37            0           26            0            0            0                 1.701      1             0.173
    1799   4.902237e+05    1.0000000    0.0000000   6.015015e+01   37   38            0          122            0            0            0                 1.759      1             0.217
    1800   4.902838e+05    1.0000000    0.0000000   6.015015e+01   37   37            0           26            0            0            0                 2.733      1             0.190
    1801   4.903440e+05    1.0000000    0.0000000   6.015015e+01   37   40            0          999            0            0            0                 2.662      1             0.400
    1802   4.904041e+05    1.0000000    0.0000000   6.015015e+01   37   37            0           26            0            0            0                 1.604      1             0.223
    1803   4.904643e+05    1.0000000    0.0000000   6.015015e+01   37   38            0          122            0            0            0                 1.516      1             0.197
    1804   4.905244e+05    1.0000000    0.0000000   6.015015e+01   37   37            0           26            0            0            0                 1.400      1             0.223
    1805   4.905846e+05    1.0000000    0.0000000   6.015015e+01   37   39            0          417            0            0            0                 1.676      1             0.263
    1806   4.906447e+05    1.0000000    0.0000000   6.015015e+01   37   37            0           26            0            0            0                 1.435      1             0.182
    1807   4.907049e+05    1.0000000    0.0000000   6.015015e+01   37   38            0          122            0            0            0                 1.506      1             0.188
    1808   4.907650e+05    1.0000000    0.0000000   6.015015e+01   37   37            0           26            0            0            0                 1.554      1             0.142
    1809   4.908252e+05    1.0000000    0.0000000   6.015015e+01   37   42            0          999            0            0            0                 2.453      1             0.357
    1810   4.908853e+05    1.0000000    0.0000000   6.015015e+01   37   37            0           26            0            0            0                 1.565      1             0.210
    1811   4.909455e+05    1.0000000    0.0000000   6.015015e+01   37   38            0          123            0            0            0                 1.610      1             0.198
    1812   4.910056e+05    1.0000000    0.0000000   6.015015e+01   37   37            0           26            0            0            0                 1.365      1             0.113
    1813   4.910658e+05    1.0000000    0.0000000   6.015015e+01   37   39            0          419            0            0            0                 1.674      1             0.314
    1814   4.911259e+05    1.0000000    0.0000000   6.015015e+01   37   37            0           26            0            0            0                 1.463      1             0.187
    1815   4.911861e+05    1.0000000    0.0000000   6.015015e+01   37   38            0          123            0            0            0                 1.542      1             0.200
    1816   4.912462e+05    1.0000000    0.0000000   6.015015e+01   37   37            0           26            0            0            0                 1.444      1             0.203
    1817   4.913064e+05    1.0000000    0.0000000   6.015015e+01   37   40            0          999            0            0            0                 2.245      1             0.333
    1818   4.913665e+05    1.0000000    0.0000000   6.015015e+01   37   37            0           26            0            0            0                 1.515      1             0.292
    1819   4.914267e+05    1.0000000    0.0000000   6.015015e+01   37   38            0          123            0            0            0                 2.109      1             0.236
    1820   4.914868e+05    1.0000000    0.0000000   6.015015e+01   37   37            0           27            0            0            0                 1.664      1             0.244
    1821   4.915470e+05    1.0000000    0.0000000   6.015015e+01   37   39            0          420            0            0            0                 1.917      1             0.259
    1822   4.916071e+05    1.0000000    0.0000000   6.015015e+01   37   37            0           27            0            0            0                 1.498      1             0.206
    1823   4.916673e+05    1.0000000    0.0000000   6.015015e+01   37   38            0          124            0            0            0                 1.581      1             0.197
    1824   4.917274e+05    1.0000000    0.0000000   6.015015e+01   37   37            0           28            0            0            0                 1.390      1             0.191
    1825   4.917876e+05    1.0000000    0.0000000   6.015015e+01   37   41            0          999            0            0            0                 2.040      1             0.273
    1826   4.918477e+05    1.0000000    0.0000000   6.015015e+01   37   37            0           28            0            0            0                 1.753      1             0.272
    1827   4.919079e+05    1.0000000    0.0000000   6.015015e+01   37   38            0          124            0            0            0                 1.514      1             0.125
    1828   4.919680e+05    1.0000000    0.0000000   6.015015e+01   37   37            0           29            0            0            0                 1.564      1             0.187
    1829   4.920282e+05    1.0000000    0.0000000   6.015015e+01   37   39            0          422            0            0            0                 1.751      1             0.204
    1830   4.920883e+05    1.0000000    0.0000000   6.015015e+01   37   37            0           29            0            0            0                 1.372      1             0.131
    1831   4.921485e+05    1.0000000    0.0000000   6.015015e+01   37   38            0          125            0            0            0                 1.416      1             0.201
    1832   4.922086e+05    1.0000000    0.0000000   6.015015e+01   37   37            0           29            0            0            0                 1.344      1             0.126
    1833   4.922688e+05    1.0000000    0.0000000   6.015015e+01   37   40            0          999            0            0            0                 2.078      1             0.250
    1834   4.923289e+05    1.0000000    0.0000000   6.015015e+01   37   37            0           30            0            0            0                 1.329      1             0.194
    1835   4.923891e+05    1.0000000    0.0000000   6.015015e+01   37   38            0          126            0            0            0                 1.480      1             0.202
    1836   4.924492e+05    1.0000000    0.0000000   6.015015e+01   37   37            0           30            0            0            0                 1.327      1             0.156
    1837   4.925094e+05    1.0000000    0.0000000   6.015015e+01   37   39            0          424            0            0            0                 1.802      1             0.356
    1838   4.925695e+05    1.0000000    0.0000000   6.015015e+01   37   37            0           30            0            0            0                 1.686      1             0.229
    1839   4.926297e+05    1.0000000    0.0000000   6.015015e+01   37   38            0          126            0            0            0                 1.612      1             0.189
    1840   4.926898e+05    1.0000000    0.0000000   6.015015e+01   37   37            0           31            0            0            0                 2.220      1             0.121
    1841   4.927500e+05    1.0000000    0.0000000   6.015015e+01   37   50            0         1000            0            0            0                 2.495      1             0.373
    1842   4.928102e+05    1.0000000    0.0000000   6.015015e+01   37   37            0           31            0            0            0                 1.638      1             0.242
    1843   4.928703e+05    1.0000000    0.0000000   6.015015e+01   37   38            0          127            0            0            0                 1.764      1             0.271
    1844   4.929305e+05    1.0000000    0.0000000   6.015015e+01   37   37            0           31            0            0            0                 1.567      1             0.187
    1845   4.929906e+05    1.0000000    0.0000000   6.015015e+01   37   39            0          424            0            0            0                 1.979      1             0.318
    1846   4.930508e+05    1.0000000    0.0000000   6.015015e+01   37   37            0           31            0            0            0                 1.360      1             0.129
    1847   4.931109e+05    1.0000000    0.0000000   6.015015e+01   37   38            0          127            0            0            0                 1.550      1             0.198
    1848   4.931711e+05    1.0000000    0.0000000   6.015015e+01   37   37            0           31            0            0            0                 1.632      1             0.220
    1849   4.932312e+05    1.0000000    0.0000000   6.015015e+01   37   40            0          999            0            0            0                 2.230      1             0.356
    1850   4.932914e+05    1.0000000    0.0000000   6.015015e+01   37   37            0           32            0            0            0                 1.276      1             0.182
    1851   4.933515e+05    1.0000000    0.0000000   6.015015e+01   37   38            0          129            0            0            0                 1.408      1             0.173
    1852   4.934117e+05    1.0000000    0.0000000   6.015015e+01   37   37            0           33            0            0            0                 1.559      1             0.225
    1853   4.934718e+05    1.0000000    0.0000000   6.015015e+01   37   39            0          424            0            0            0                 1.586      1             0.265
    1854   4.935320e+05    1.0000000    0.0000000   6.015015e+01   37   37            0           34            0            0            0                 1.509      1             0.215
    1855   4.935921e+05    1.0000000    0.0000000   6.015015e+01   37   38            0          129            0            0            0                 1.516      1             0.155
    1856   4.936523e+05    1.0000000    0.0000000   6.015015e+01   37   37            0           35            0            0            0                 1.437      1             0.194
    1857   4.937124e+05    1.0000000    0.0000000   6.015015e+01   37   41            0          999            0            0            0                 1.946      1             0.210
    1858   4.937726e+05    1.0000000    0.0000000   6.015015e+01   37   37            0           35            0            0            0                 1.422      1             0.124
    1859   4.938327e+05    1.0000000    0.0000000   6.015015e+01   37   38            0          131            0            0            0                 1.532      1             0.230
    1860   4.938929e+05    1.0000000    0.0000000   6.015015e+01   37   37            0           35            0            0            0                 1.319      1             0.138
    1861   4.939530e+05    1.0000000    0.0000000   6.015015e+01   37   39            0          428            0            0            0                 1.899      1             0.360
    1862   4.940132e+05    1.0000000    0.0000000   6.015015e+01   37   37            0           35            0            0            0                 2.064      1             0.220
    1863   4.940733e+05    1.0000000    0.0000000   6.015015e+01   37   38            0          132            0            0            0                 1.687      1             0.165
    1864   4.941335e+05    1.0000000    0.0000000   6.015015e+01   37   37            0           35            0            0            0                 1.778      1             0.222
    1865   4.941936e+05    1.0000000    0.0000000   6.015015e+01   37   40            0          999            0            0            0                 2.177      1             0.352
    1866   4.942538e+05    1.0000000    0.0000000   6.015015e+01   37   37            0           35            0            0            0                 1.589      1             0.223
    1867   4.943139e+05    1.0000000    0.0000000   6.015015e+01   37   38            0          132            0            0            0                 1.470      1             0.198
    1868   4.943741e+05    1.0000000    0.0000000   6.015015e+01   37   37            0           36            0            0            0                 1.400      1             0.171
    1869   4.944342e+05    1.0000000    0.0000000   6.015015e+01   37   39            0          428            0            0            0                 1.691      1             0.257
    1870   4.944944e+05    1.0000000    0.0000000   6.015015e+01   37   37            0           37            0            0            0                 1.588      1             0.199
    1871   4.945545e+05    1.0000000    0.0000000   6.015015e+01   37   38            0          135            0            0            0                 1.653      1             0.286
    1872   4.946147e+05    1.0000000    0.0000000   6.015015e+01   37   37            0           38            0            0            0                 1.488      1             0.276
    1873   4.946748e+05    1.0000000    0.0000000   6.015015e+01   37   42            0          999            0            0            0                 2.492      1             0.362
    1874   4.947350e+05    1.0000000    0.0000000   6.015015e+01   37   37            0           39            0            0            0                 1.697      1             0.145
    1875   4.947951e+05    1.0000000    0.0000000   6.015015e+01   37   38            0          135            0            0            0                 1.577      1             0.228
    1876   4.948553e+05    1.0000000    0.0000000   6.015015e+01   37   37            0           40            0            0            0                 1.366      1             0.183
    1877   4.949154e+05    1.0000000    0.0000000   6.015015e+01   37   39            0          429            0            0            0                 1.601      1             0.229
    1878   4.949756e+05    1.0000000    0.0000000   6.015015e+01   37   37            0           40            0            0            0                 1.518      1             0.197
    1879   4.950357e+05    1.0000000    0.0000000   6.015015e+01   37   38            0          135            0            0            0                 1.497      1             0.234
    1880   4.950658e+05    1.0000000    0.0000000   3.007507e+01   36   36            0            1            0            0            0                 1.544      1             0.193
    1881   4.950959e+05    1.0000000    0.0000000   3.007507e+01   36   37            0           41            0            0            0                 0.481      0             0.172
    1882   4.951259e+05    1.0000000    0.0000000   3.007507e+01   36   36            0            2            0            0            0                 1.382      1             0.187
    1883   4.951560e+05    1.0000000    0.0000000   3.007507e+01   36   40            0          999            0            0            0                 1.172      0             0.325
    1884   4.951861e+05    1.0000000    0.0000000   3.007507e+01   36   36            0            2            0            0            0                 2.313      1             0.306
    1885   4.952162e+05    1.0000000    0.0000000   3.007507e+01   36   37            0           41            0            0            0                 0.560      0             0.226
    1886   4.952462e+05    1.0000000    0.0000000   3.007507e+01   36   36            0            3            0            0            0                 1.810      1             0.386
    1887   4.952763e+05    1.0000000    0.0000000   3.007507e+01   36   38            0          135            0            0            0                 0.544      0             0.215
    1888   4.953064e+05    1.0000000    0.0000000   3.007507e+01   36   36            0            3            0            0            0                 1.406      1             0.179
    1889   4.953365e+05    1.0000000    0.0000000   3.007507e+01   36   37            0           42            0            0            0                 0.403      0             0.144
    1890   4.953665e+05    1.0000000    0.0000000   3.007507e+01   36   36            0            4            0            0            0                 1.563      1             0.166
    1891   4.953966e+05    1.0000000    0.0000000   3.007507e+01   36   39            0          429            0            0            0                 0.697      0             0.226
    1892   4.954267e+05    1.0000000    0.0000000   3.007507e+01   36   36            0            4            0            0            0                 1.394      1             0.176
    1893   4.954568e+05    1.0000000    0.0000000   3.007507e+01   36   37            0           42            0            0            0                 0.515      0             0.185
    1894   4.954868e+05    1.0000000    0.0000000   3.007507e+01   36   36            0            4            0            0            0                 1.498      1             0.189
    1895   4.955169e+05    1.0000000    0.0000000   3.007507e+01   36   38            0          136            0            0            0                 0.622      0             0.230
    1896   4.955470e+05    1.0000000    0.0000000   3.007507e+01   36   36            0            4            0            0            0                 1.456      1             0.149
    1897   4.955771e+05    1.0000000    0.0000000   3.007507e+01   36   37            0           43            0            0            0                 0.516      0             0.275
    1898   4.956071e+05    1.0000000    0.0000000   3.007507e+01   36   36            0            5            0            0            0                 1.572      1             0.127
    1899   4.956372e+05    1.0000000    0.0000000   3.007507e+01   36   41            0          999            0            0            0                 1.080      0             0.336
    1900   4.956673e+05    1.0000000    0.0000000   3.007507e+01   36   36            0            5            0            0            0                 2.497      1             0.227
    1901   4.956974e+05    1.0000000    0.0000000   3.007507e+01   36   37            0           43            0            0            0                 0.567      0             0.222
    1902   4.957274e+05    1.0000000    0.0000000   3.007507e+01   36   36            0            5            0            0            0                 1.538      1             0.290
    1903   4.957575e+05    1.0000000    0.0000000   3.007507e+01   36   38            0          136            0            0            0                 0.542      0             0.130
    1904   4.957876e+05    1.0000000    0.0000000   3.007507e+01   36   36            0            5            0            0            0                 1.366      1             0.167
    1905   4.958177e+05    1.0000000    0.0000000   3.007507e+01   36   37            0           43            0            0            0                 0.527      0             0.228
    1906   4.958477e+05    1.0000000    0.0000000   3.007507e+01   36   36            0            5            0            0            0                 2.382      1             0.331
    1907   4.958778e+05    1.0000000    0.0000000   3.007507e+01   36   39            0          429            0            0            0                 1.090      0             0.380
    1908   4.959079e+05    1.0000000    0.0000000   3.007507e+01   36   36            0            5            0            0            0                 2.073      1             0.277
    1909   4.959380e+05    1.0000000    0.0000000   3.007507e+01   36   37            0           43            0            0            0                 0.613      0             0.144
    1910   4.959680e+05    1.0000000    0.0000000   3.007507e+01   36   36            0            5            0            0            0                 2.095      1             0.204
    1911   4.959981e+05    1.0000000    0.0000000   3.007507e+01   36   38            0          136            0            0            0                 0.620      0             0.217
    1912   4.960282e+05    1.0000000    0.0000000   3.007507e+01   36   36            0            5            0            0            0                 1.666      1             0.197
    1913   4.960583e+05    1.0000000    0.0000000   3.007507e+01   36   37            0           43            0            0            0                 0.608      0             0.200
    1914   4.960883e+05    1.0000000    0.0000000   3.007507e+01   36   36            0            5            0            0            0                 1.932      1             0.237
    1915   4.961184e+05    1.0000000    0.0000000   3.007507e+01   36   40            0          999            0            0            0                 1.294      0             0.311
    1916   4.961485e+05    1.0000000    0.0000000   3.007507e+01   36   36            0            5            0            0            0                 1.662      1             0.170
    1917   4.961786e+05    1.0000000    0.0000000   3.007507e+01   36   37            0           44            0            0            0                 0.654      0             0.206
    1918   4.962086e+05    1.0000000    0.0000000   3.007507e+01   36   36            0            6            0            0            0                 1.943      1             0.193
    1919   4.962387e+05    1.0000000    0.0000000   3.007507e+01   36   38            0          136            0            0            0                 0.776      0             0.291
    1920   4.962688e+05    1.0000000    0.0000000   3.007507e+01   36   36            0            6            0            0            0                 1.604      1             0.141
    1921   4.962989e+05    1.0000000    0.0000000   3.007507e+01   36   37            0           44            0            0            0                 0.664      0             0.314
    1922   4.963289e+05    1.0000000    0.0000000   3.007507e+01   36   36            0            6            0            0            0                 1.639      1             0.204
    1923   4.963590e+05    1.0000000    0.0000000   3.007507e+01   36   39            0          429            0            0            0                 0.889      0             0.270
    1924   4.963891e+05    1.0000000    0.0000000   3.007507e+01   36   36            0            6            0            0            0                 1.694      1             0.222
    1925   4.964192e+05    1.0000000    0.0000000   3.007507e+01   36   37            0           44            0            0            0                 0.523      0             0.169
    1926   4.964492e+05    1.0000000    0.0000000   3.007507e+01   36   36            0            6            0            0            0                 1.752      1             0.258
    1927   4.964793e+05    1.0000000    0.0000000   3.007507e+01   36   38            0          136            0            0            0                 0.702      0             0.317
    1928   4.965094e+05    1.0000000    0.0000000   3.007507e+01   36   36            0            6            0            0            0                 2.766      1             0.245
    1929   4.965395e+05    1.0000000    0.0000000   3.007507e+01   36   37            0           44            0            0            0                 0.630      0             0.212
    1930   4.965695e+05    1.0000000    0.0000000   3.007507e+01   36   36            0            6            0            0            0                 2.035      1             0.328
    1931   4.965996e+05    1.0000000    0.0000000   3.007507e+01   36   43            0          999            0            0            0                 1.646      0             0.477
    1932   4.966297e+05    1.0000000    0.0000000   3.007507e+01   36   36            0            6            0            0            0                 1.795      1             0.249
    1933   4.966598e+05    1.0000000    0.0000000   3.007507e+01   36   37            0           46            0            0            0                 0.671      0             0.244
    1934   4.966898e+05    1.0000000    0.0000000   3.007507e+01   36   36            0            6            0            0            0                 2.011      1             0.207
    1935   4.967199e+05    1.0000000    0.0000000   3.007507e+01   36   38            0          137            0            0            0                 0.648      0             0.220
    1936   4.967500e+05    1.0000000    0.0000000   3.007507e+01   36   36            0            6            0            0            0                 1.726      1             0.233
    1937   4.967801e+05    1.0000000    0.0000000   3.007507e+01   36   37            0           46            0            0            0                 0.585      0             0.219
    1938   4.968101e+05    1.0000000    0.0000000   3.007507e+01   36   36            0            6            0            0            0                 1.786      1             0.306
    1939   4.968402e+05    1.0000000    0.0000000   3.007507e+01   36   39            0          429            0            0            0                 0.872      0             0.278
    1940   4.968703e+05    1.0000000    0.0000000   3.007507e+01   36   36            0            6            0            0            0                 1.650      1             0.202
    1941   4.969004e+05    1.0000000    0.0000000   3.007507e+01   36   37            0           47            0            0            0                 0.613      0             0.228
    1942   4.969304e+05    1.0000000    0.0000000   3.007507e+01   36   36            0            6            0            0            0                 1.707      1             0.148
    1943   4.969605e+05    1.0000000    0.0000000   3.007507e+01   36   38            0          139            0            0            0                 0.656      0             0.268
    1944   4.969906e+05    1.0000000    0.0000000   3.007507e+01   36   36            0            6            0            0            0                 1.981      1             0.529
    1945   4.970207e+05    1.0000000    0.0000000   3.007507e+01   36   37            0           47            0            0            0                 0.683      0             0.235
    1946   4.970507e+05    1.0000000    0.0000000   3.007507e+01   36   36            0            6            0            0            0                 2.118      1             0.285
    1947   4.970808e+05    1.0000000    0.0000000   3.007507e+01   36   40            0          999            0            0            0                 1.347      0             0.328
    1948   4.971109e+05    1.0000000    0.0000000   3.007507e+01   36   36            0            6            0            0            0                 1.985      1             0.213
    1949   4.971410e+05    1.0000000    0.0000000   3.007507e+01   36   37            0           47            0            0            0                 0.653      0             0.275
    1950   4.971710e+05    1.0000000    0.0000000   3.007507e+01   36   36            0            6            0            0            0                 2.519      1             0.173
    1951   4.972011e+05    1.0000000    0.0000000   3.007507e+01   36   38            0          139            0            0            0                 0.620      0             0.232
    1952   4.972312e+05    1.0000000    0.0000000   3.007507e+01   36   36            0            6            0            0            0                 1.905      1             0.258
    1953   4.972613e+05    1.0000000    0.0000000   3.007507e+01   36   37            0           47            0            0            0                 0.522      0             0.192
    1954   4.972913e+05    1.0000000    0.0000000   3.007507e+01   36   36            0            6            0            0            0                 1.565      1             0.182
    1955   4.973214e+05    1.0000000    0.0000000   3.007507e+01   36   39            0          430            0            0            0                 0.941      0             0.268
    1956   4.973515e+05    1.0000000    0.0000000   3.007507e+01   36   36            0            6            0            0            0                 1.743      1             0.192
    1957   4.973816e+05    1.0000000    0.0000000   3.007507e+01   36   37            0           47            0            0            0                 0.685      0             0.352
    1958   4.974116e+05    1.0000000    0.0000000   3.007507e+01   36   36            0            7            0            0            0                 1.824      1             0.278
    1959   4.974417e+05    1.0000000    0.0000000   3.007507e+01   36   38            0          139            0            0            0                 0.559      0             0.207
    1960   4.974718e+05    1.0000000    0.0000000   3.007507e+01   36   36            0            7            0            0            0                 1.667      1             0.208
    1961   4.975019e+05    1.0000000    0.0000000   3.007507e+01   36   37            0           47            0            0            0                 0.636      0             0.269
    1962   4.975319e+05    1.0000000    0.0000000   3.007507e+01   36   36            0            7            0            0            0                 1.689      1             0.234
    1963   4.975620e+05    1.0000000    0.0000000   3.007507e+01   36   41            0          999            0            0            0                 1.141      0             0.242
    1964   4.975921e+05    1.0000000    0.0000000   3.007507e+01   36   36            0            7            0            0            0                 1.688      1             0.258
    1965   4.976222e+05    1.0000000    0.0000000   3.007507e+01   36   37            0           47            0            0            0                 0.553      0             0.184
    1966   4.976522e+05    1.0000000    0.0000000   3.007507e+01   36   36            0            7            0            0            0                 1.712      1             0.252
    1967   4.976823e+05    1.0000000    0.0000000   3.007507e+01   36   38            0          140            0            0            0                 0.680      0             0.234
    1968   4.977124e+05    1.0000000    0.0000000   3.007507e+01   36   36            0            8            0            0            0                 1.693      1             0.198
    1969   4.977425e+05    1.0000000    0.0000000   3.007507e+01   36   37            0           47            0            0            0                 0.588      0             0.185
    1970   4.977725e+05    1.0000000    0.0000000   3.007507e+01   36   36            0            8            0            0            0                 1.757      1             0.175
    1971   4.978026e+05    1.0000000    0.0000000   3.007507e+01   36   39            0          432            0            0            0                 0.879      0             0.306
    1972   4.978327e+05    1.0000000    0.0000000   3.007507e+01   36   36            0            8            0            0            0                 2.109      1             0.231
    1973   4.978628e+05    1.0000000    0.0000000   3.007507e+01   36   37            0           47            0            0            0                 0.549      0             0.214
    1974   4.978928e+05    1.0000000    0.0000000   3.007507e+01   36   36            0            8            0            0            0                 1.827      1             0.164
    1975   4.979229e+05    1.0000000    0.0000000   3.007507e+01   36   38            0          140            0            0            0                 0.716      0             0.262
    1976   4.979530e+05    1.0000000    0.0000000   3.007507e+01   36   36            0            8            0            0            0                 1.667      1             0.216
    1977   4.979831e+05    1.0000000    0.0000000   3.007507e+01   36   37            0           48            0            0            0                 0.549      0             0.202
    1978   4.980131e+05    1.0000000    0.0000000   3.007507e+01   36   36            0            8            0            0            0                 2.136      1             0.457
    1979   4.980432e+05    1.0000000    0.0000000   3.007507e+01   36   40            0          999            0            0            0                 1.417      0             0.425
    1980   4.980733e+05    1.0000000    0.0000000   3.007507e+01   36   36            0            8            0            0            0                 2.799      1             0.258
    1981   4.981034e+05    1.0000000    0.0000000   3.007507e+01   36   37            0           49            0            0            0                 0.749      0             0.245
    1982   4.981334e+05    1.0000000    0.0000000   3.007507e+01   36   36            0            9            0            0            0                 1.735      1             0.213
    1983   4.981635e+05    1.0000000    0.0000000   3.007507e+01   36   38            0          141            0            0            0                 0.603      0             0.250
    1984   4.981936e+05    1.0000000    0.0000000   3.007507e+01   36   36            0            9            0            0            0                 1.621      1             0.162
    1985   4.982237e+05    1.0000000    0.0000000   3.007507e+01   36   37            0           49            0            0            0                 0.547      0             0.171
    1986   4.982537e+05    1.0000000    0.0000000   3.007507e+01   36   36            0            9            0            0            0                 1.746      1             0.194
    1987   4.982838e+05    1.0000000    0.0000000   3.007507e+01   36   39            0          432            0            0            0                 0.902      0             0.288
    1988   4.983139e+05    1.0000000    0.0000000   3.007507e+01   36   36            0            9            0            0            0                 2.185      1             0.263
    1989   4.983440e+05    1.0000000    0.0000000   3.007507e+01   36   37            0           49            0            0            0                 0.573      0             0.193
    1990   4.983740e+05    1.0000000    0.0000000   3.007507e+01   36   36            0            9            0            0            0                 1.797      1             0.260
    1991   4.984041e+05    1.0000000    0.0000000   3.007507e+01   36   38            0          141            0            0            0                 1.040      0             0.264
    1992   4.984342e+05    1.0000000    0.0000000   3.007507e+01   36   36            0            9            0            0            0                 1.882      1             0.136
    1993   4.984643e+05    1.0000000    0.0000000   3.007507e+01   36   37            0           49            0            0            0                 0.614      0             0.249
    1994   4.984943e+05    1.0000000    0.0000000   3.007507e+01   36   36            0            9            0            0            0                 2.219      1             0.260
    1995   4.985244e+05    1.0000000    0.0000000   3.007507e+01   36   42            0          999            0            0            0                 1.609      0             0.439
    1996   4.985545e+05    1.0000000    0.0000000   3.007507e+01   36   36            0            9            0            0            0                 2.053      1             0.242
    1997   4.985846e+05    1.0000000    0.0000000   3.007507e+01   36   37            0           49            0            0            0                 0.890      0             0.390
    1998   4.986146e+05    1.0000000    0.0000000   3.007507e+01   36   36            0            9            0            0            0                 1.913      1             0.283
    1999   4.986447e+05    1.0000000    0.0000000   3.007507e+01   36   38            0          141            0            0            0                 0.780      0             0.325
    2000   4.986748e+05    1.0000000    0.0000000   3.007507e+01   36   36            0            9            0            0            0                 3.364      1             0.229
    2001   4.987049e+05    1.0000000    0.0000000   3.007507e+01   36   37            0           50            0            0            0                 0.727      0             0.302
    2002   4.987349e+05    1.0000000    0.0000000   3.007507e+01   36   36            0            9            0            0            0                 2.110      1             0.278
    2003   4.987650e+05    1.0000000    0.0000000   3.007507e+01   36   39            0          435            0            0            0                 0.890      0             0.243
    2004   4.987951e+05    1.0000000    0.0000000   3.007507e+01   36   36            0            9            0            0            0                 1.835      1             0.354
    2005   4.988252e+05    1.0000000    0.0000000   3.007507e+01   36   37            0           50            0            0            0                 0.815      0             0.358
    2006   4.988552e+05    1.0000000    0.0000000   3.007507e+01   36   36            0            9            0            0            0                 1.999      1             0.143
    2007   4.988853e+05    1.0000000    0.0000000   3.007507e+01   36   38            0          141            0            0            0                 0.702      0             0.255
    2008   4.989154e+05    1.0000000    0.0000000   3.007507e+01   36   36            0            9            0            0            0                 1.747      1             0.306
    2009   4.989455e+05    1.0000000    0.0000000   3.007507e+01   36   37            0           50            0            0            0                 0.600      0             0.202
    2010   4.989755e+05    1.0000000    0.0000000   3.007507e+01   36   36            0            9            0            0            0                 2.055      1             0.312
    2011   4.990056e+05    1.0000000    0.0000000   3.007507e+01   36   40            0          999            0            0            0                 1.619      0             0.452
    2012   4.990357e+05    1.0000000    0.0000000   3.007507e+01   36   36            0            9            0            0            0                 1.719      1             0.248
    2013   4.990658e+05    1.0000000    0.0000000   3.007507e+01   36   37            0           50            0            0            0                 0.474      0             0.185
    2014   4.990958e+05    1.0000000    0.0000000   3.007507e+01   36   36            0            9            0            0            0                 1.578      1             0.209
    2015   4.991259e+05    1.0000000    0.0000000   3.007507e+01   36   38            0          142            0            0            0                 0.715      0             0.300
    2016   4.991560e+05    1.0000000    0.0000000   3.007507e+01   36   36            0           10            0            0            0                 1.916      1             0.234
    2017   4.991861e+05    1.0000000    0.0000000   3.007507e+01   36   37            0           50            0            0            0                 1.686      1             0.255
    2018   4.992161e+05    1.0000000    0.0000000   3.007507e+01   36   36            0           10            0            0            0                 1.661      1             0.195
    2019   4.992462e+05    1.0000000    0.0000000   3.007507e+01   36   39            0          436            0            0            0                 2.074      1             0.312
    2020   4.992763e+05    1.0000000    0.0000000   3.007507e+01   36   36            0           10            0            0            0                 1.921      1             0.205
    2021   4.993064e+05    1.0000000    0.0000000   3.007507e+01   36   37            0           50            0            0            0                 1.949      1             0.235
    2022   4.993364e+05    1.0000000    0.0000000   3.007507e+01   36   36            0           10            0            0            0                 1.799      1             0.198
    2023   4.993665e+05    1.0000000    0.0000000   3.007507e+01   36   38            0          143            0            0            0                 1.916      1             0.164
    2024   4.993966e+05    1.0000000    0.0000000   3.007507e+01   36   36            0           10            0            0            0                 1.721      1             0.228
    2025   4.994267e+05    1.0000000    0.0000000   3.007507e+01   36   37            0           50            0            0            0                 1.751      1             0.231
    2026   4.994567e+05    1.0000000    0.0000000   3.007507e+01   36   36            0           12            0            0            0                 1.612      1             0.169
    2027   4.994868e+05    1.0000000    0.0000000   3.007507e+01   36   41            0          999            0            0            0                 2.405      1             0.391
    2028   4.995169e+05    1.0000000    0.0000000   3.007507e+01   36   36            0           12            0            0            0                 1.786      1             0.149
    2029   4.995470e+05    1.0000000    0.0000000   3.007507e+01   36   37            0           50            0            0            0                 2.053      1             0.261
    2030   4.995770e+05    1.0000000    0.0000000   3.007507e+01   36   36            0           13            0            0            0                 1.778      1             0.213
    2031   4.996071e+05    1.0000000    0.0000000   3.007507e+01   36   38            0          144            0            0            0                 1.776      1             0.244
    2032   4.996372e+05    1.0000000    0.0000000   3.007507e+01   36   36            0           14            0            0            0                 1.597      1             0.209
    2033   4.996673e+05    1.0000000    0.0000000   3.007507e+01   36   37            0           50            0            0            0                 1.743      1             0.169
    2034   4.996973e+05    1.0000000    0.0000000   3.007507e+01   36   36            0           14            0            0            0                 1.684      1             0.236
    2035   4.997274e+05    1.0000000    0.0000000   3.007507e+01   36   39            0          438            0            0            0                 2.083      1             0.286
    2036   4.997575e+05    1.0000000    0.0000000   3.007507e+01   36   36            0           14            0            0            0                 1.962      1             0.158
    2037   4.997876e+05    1.0000000    0.0000000   3.007507e+01   36   37            0           50            0            0            0                 2.071      1             0.236
    2038   4.998176e+05    1.0000000    0.0000000   3.007507e+01   36   36            0           14            0            0            0                 1.998      1             0.260
    2039   4.998327e+05    1.0000000    0.0000000   1.503754e+01   35   35            0            1            0            0            0                 1.975      1             0.261
    2040   4.998477e+05    1.0000000    0.0000000   1.503754e+01   35   38            0          145            0            0            0                 0.769      0             0.275
    2041   4.998628e+05    1.0000000    0.0000000   1.503754e+01   35   35            0            2            0            0            0                 1.635      1             0.165
    2042   4.998778e+05    1.0000000    0.0000000   1.503754e+01   35   36            0           14            0            0            0                 0.496      0             0.141
    2043   4.998928e+05    1.0000000    0.0000000   1.503754e+01   35   35            0            2            0            0            0                 1.572      1             0.175
    2044   4.999079e+05    1.0000000    0.0000000   1.503754e+01   35   37            0           50            0            0            0                 0.573      0             0.214
    2045   4.999229e+05    1.0000000    0.0000000   1.503754e+01   35   35            0            2            0            0            0                 1.781      1             0.263
    2046   4.999379e+05    1.0000000    0.0000000   1.503754e+01   35   36            0           14            0            0            0                 0.488      0             0.144
    2047   4.999530e+05    1.0000000    0.0000000   1.503754e+01   35   35            0            2            0            0            0                 1.592      1             0.166
    2048   4.999680e+05    1.0000000    0.0000000   1.503754e+01   35   40            0          999            0            0            0                 1.511      0             0.328
    2049   4.999831e+05    1.0000000    0.0000000   1.503754e+01   35   35            0            2            0            0            0                 1.660      1             0.217
    2050   4.999981e+05    1.0000000    0.0000000   1.503754e+01   35   36            0           14            0            0            0                 0.594      0             0.225
    2051   5.000131e+05    1.0000000    0.0000000   1.503754e+01   35   35            0            3            0            0            0                 1.596      1             0.213
    2052   5.000282e+05    1.0000000    0.0000000   1.503754e+01   35   37            0           51            0            0            0                 0.621      0             0.225
    2053   5.000432e+05    1.0000000    0.0000000   1.503754e+01   35   35            0            3            0            0            0                 1.675      1             0.198
    2054   5.000582e+05    1.0000000    0.0000000   1.503754e+01   35   36            0           14            0            0            0                 0.543      0             0.149
    2055   5.000733e+05    1.0000000    0.0000000   1.503754e+01   35   35            0            4            0            0            0                 1.985      1             0.425
    2056   5.000883e+05    1.0000000    0.0000000   1.503754e+01   35   38            0          145            0            0            0                 0.722      0             0.270
    2057   5.001034e+05    1.0000000    0.0000000   1.503754e+01   35   35            0            4            0            0            0                 1.863      1             0.208
    2058   5.001184e+05    1.0000000    0.0000000   1.503754e+01   35   36            0           14            0            0            0                 0.594      0             0.232
    2059   5.001334e+05    1.0000000    0.0000000   1.503754e+01   35   35            0            4            0            0            0                 2.300      1             0.281
    2060   5.001485e+05    1.0000000    0.0000000   1.503754e+01   35   37            0           51            0            0            0                 0.798      0             0.381
    2061   5.001635e+05    1.0000000    0.0000000   1.503754e+01   35   35            0            4            0            0            0                 1.888      1             0.185
    2062   5.001785e+05    1.0000000    0.0000000   1.503754e+01   35   36            0           15            0            0            0                 0.522      0             0.194
    2063   5.001936e+05    1.0000000    0.0000000   1.503754e+01   35   35            0            4            0            0            0                 1.745      1             0.353
    2064   5.002086e+05    1.0000000    0.0000000   1.503754e+01   35   39            0          440            0            0            0                 0.943      0             0.300
    2065   5.002237e+05    1.0000000    0.0000000   1.503754e+01   35   35            0            4            0            0            0                 1.802      1             0.338
    2066   5.002387e+05    1.0000000    0.0000000   1.503754e+01   35   36            0           15            0            0            0                 0.736      0             0.343
    2067   5.002537e+05    1.0000000    0.0000000   1.503754e+01   35   35            0            4            0            0            0                 1.803      1             0.260
    2068   5.002688e+05    1.0000000    0.0000000   1.503754e+01   35   37            0           53            0            0            0                 0.695      0             0.265
    2069   5.002838e+05    1.0000000    0.0000000   1.503754e+01   35   35            0            4            0            0            0                 1.511      1             0.221
    2070   5.002988e+05    1.0000000    0.0000000   1.503754e+01   35   36            0           15            0            0            0                 0.524      0             0.217
    2071   5.003139e+05    1.0000000    0.0000000   1.503754e+01   35   35            0            4            0            0            0                 2.132      1             0.468
    2072   5.003289e+05    1.0000000    0.0000000   1.503754e+01   35   38            0          145            0            0            0                 0.683      0             0.264
    2073   5.003440e+05    1.0000000    0.0000000   1.503754e+01   35   35            0            5            0            0            0                 1.832      1             0.235
    2074   5.003590e+05    1.0000000    0.0000000   1.503754e+01   35   36            0           15            0            0            0                 0.621      0             0.270
    2075   5.003740e+05    1.0000000    0.0000000   1.503754e+01   35   35            0            5            0            0            0                 1.591      1             0.169
    2076   5.003891e+05    1.0000000    0.0000000   1.503754e+01   35   37            0           54            0            0            0                 0.554      0             0.212
    2077   5.004041e+05    1.0000000    0.0000000   1.503754e+01   35   35            0            5            0            0            0                 1.614      1             0.197
    2078   5.004191e+05    1.0000000    0.0000000   1.503754e+01   35   36            0           15            0            0            0                 0.511      0             0.137
    2079   5.004342e+05    1.0000000    0.0000000   1.503754e+01   35   35            0            5            0            0            0                 1.702      1             0.207
    2080   5.004492e+05    1.0000000    0.0000000   1.503754e+01   35   44            0          999            0            0            0                 1.327      0             0.401
    2081   5.004643e+05    1.0000000    0.0000000   1.503754e+01   35   35            0            5            0            0            0                 2.285      1             0.235
    2082   5.004793e+05    1.0000000    0.0000000   1.503754e+01   35   36            0           15            0            0            0                 0.611      0             0.235
    2083   5.004943e+05    1.0000000    0.0000000   1.503754e+01   35   35            0            5            0            0            0                 2.382      1             0.561
    2084   5.005094e+05    1.0000000    0.0000000   1.503754e+01   35   37            0           54            0            0            0                 0.570      0             0.250
    2085   5.005244e+05    1.0000000    0.0000000   1.503754e+01   35   35            0            5            0            0            0                 1.962      1             0.258
    2086   5.005394e+05    1.0000000    0.0000000   1.503754e+01   35   36            0           16            0            0            0                 0.617      0             0.245
    2087   5.005545e+05    1.0000000    0.0000000   1.503754e+01   35   35            0            5            0            0            0                 1.746      1             0.298
    2088   5.005695e+05    1.0000000    0.0000000   1.503754e+01   35   38            0          146            0            0            0                 0.648      0             0.219
    2089   5.005846e+05    1.0000000    0.0000000   1.503754e+01   35   35            0            5            0            0            0                 1.660      1             0.205
    2090   5.005996e+05    1.0000000    0.0000000   1.503754e+01   35   36            0           16            0            0            0                 0.626      0             0.265
    2091   5.006146e+05    1.0000000    0.0000000   1.503754e+01   35   35            0            5            0            0            0                 1.960      1             0.225
    2092   5.006297e+05    1.0000000    0.0000000   1.503754e+01   35   37            0           54            0            0            0                 0.689      0             0.254
    2093   5.006447e+05    1.0000000    0.0000000   1.503754e+01   35   35            0            5            0            0            0                 1.999      1             0.300
    2094   5.006597e+05    1.0000000    0.0000000   1.503754e+01   35   36            0           17            0            0            0                 0.697      0             0.362
    2095   5.006748e+05    1.0000000    0.0000000   1.503754e+01   35   35            0            5            0            0            0                 1.811      1             0.237
    2096   5.006898e+05    1.0000000    0.0000000   1.503754e+01   35   39            0          440            0            0            0                 0.884      0             0.291
    2097   5.007049e+05    1.0000000    0.0000000   1.503754e+01   35   35            0            5            0            0            0                 1.701      1             0.309
    2098   5.007199e+05    1.0000000    0.0000000   1.503754e+01   35   36            0           17            0            0            0                 0.619      0             0.248
    2099   5.007349e+05    1.0000000    0.0000000   1.503754e+01   35   35            0            5            0            0            0                 1.741      1             0.248
    2100   5.007500e+05    1.0000000    0.0000000   1.503754e+01   35   37            0           54            0            0            0                 1.413      0             0.181
    2101   5.007650e+05    1.0000000    0.0000000   1.503754e+01   35   35            0            5            0            0            0                 1.835      1             0.243
    2102   5.007800e+05    1.0000000    0.0000000   1.503754e+01   35   36            0           17            0            0            0                 0.467      0             0.144
    2103   5.007951e+05    1.0000000    0.0000000   1.503754e+01   35   35            0            5            0            0            0                 2.006      1             0.143
    2104   5.008101e+05    1.0000000    0.0000000   1.503754e+01   35   38            0          146            0            0            0                 0.751      0             0.281
    2105   5.008252e+05    1.0000000    0.0000000   1.503754e+01   35   35            0            5            0            0            0                 2.175      1             0.339
    2106   5.008402e+05    1.0000000    0.0000000   1.503754e+01   35   36            0           18            0            0            0                 0.461      0             0.148
    2107   5.008552e+05    1.0000000    0.0000000   1.503754e+01   35   35            0            5            0            0            0                 1.983      1             0.226
    2108   5.008703e+05    1.0000000    0.0000000   1.503754e+01   35   37            0           55            0            0            0                 0.723      0             0.412
    2109   5.008853e+05    1.0000000    0.0000000   1.503754e+01   35   35            0            5            0            0            0                 1.725      1             0.208
    2110   5.009003e+05    1.0000000    0.0000000   1.503754e+01   35   36            0           18            0            0            0                 0.514      0             0.193
    2111   5.009154e+05    1.0000000    0.0000000   1.503754e+01   35   35            0            5            0            0            0                 1.588      1             0.238
    2112   5.009304e+05    1.0000000    0.0000000   1.503754e+01   35   40            0          999            0            0            0                 1.467      0             0.502
    2113   5.009455e+05    1.0000000    0.0000000   1.503754e+01   35   35            0            6            0            0            0                 1.742      1             0.257
    2114   5.009605e+05    1.0000000    0.0000000   1.503754e+01   35   36            0           19            0            0            0                 0.509      0             0.162
    2115   5.009755e+05    1.0000000    0.0000000   1.503754e+01   35   35            0            6            0            0            0                 1.549      1             0.204
    2116   5.009906e+05    1.0000000    0.0000000   1.503754e+01   35   37            0           55            0            0            0                 0.634      0             0.296
    2117   5.010056e+05    1.0000000    0.0000000   1.503754e+01   35   35            0            6            0            0            0                 1.533      1             0.257
    2118   5.010206e+05    1.0000000    0.0000000   1.503754e+01   35   36            0           19            0            0            0                 0.543      0             0.197
    2119   5.010357e+05    1.0000000    0.0000000   1.503754e+01   35   35            0            6            0            0            0                 1.678      1             0.225
    2120   5.010507e+05    1.0000000    0.0000000   1.503754e+01   35   38            0          146            0            0            0                 0.774      0             0.339
    2121   5.010658e+05    1.0000000    0.0000000   1.503754e+01   35   35            0            6            0            0            0                 1.857      1             0.251
    2122   5.010808e+05    1.0000000    0.0000000   1.503754e+01   35   36            0           19            0            0            0                 0.446      0             0.118
    2123   5.010958e+05    1.0000000    0.0000000   1.503754e+01   35   35            0            6            0            0            0                 1.640      1             0.174
    2124   5.011109e+05    1.0000000    0.0000000   1.503754e+01   35   37            0           56            0            0            0                 0.533      0             0.212
    2125   5.011259e+05    1.0000000    0.0000000   1.503754e+01   35   35            0            6            0            0            0                 2.422      1             0.294
    2126   5.011409e+05    1.0000000    0.0000000   1.503754e+01   35   36            0           19            0            0            0                 0.790      0             0.349
    2127   5.011560e+05    1.0000000    0.0000000   1.503754e+01   35   35            0            6            0            0            0                 1.826      1             0.253
    2128   5.011710e+05    1.0000000    0.0000000   1.503754e+01   35   39            0          441            0            0            0                 0.893      0             0.225
    2129   5.011861e+05    1.0000000    0.0000000   1.503754e+01   35   35            0            6            0            0            0                 1.719      1             0.230
    2130   5.012011e+05    1.0000000    0.0000000   1.503754e+01   35   36            0           20            0            0            0                 0.442      0             0.114
    2131   5.012161e+05    1.0000000    0.0000000   1.503754e+01   35   35            0            6            0            0            0                 1.997      1             0.347
    2132   5.012312e+05    1.0000000    0.0000000   1.503754e+01   35   37            0           56            0            0            0                 0.617      0             0.200
    2133   5.012462e+05    1.0000000    0.0000000   1.503754e+01   35   35            0            6            0            0            0                 1.761      1             0.177
    2134   5.012612e+05    1.0000000    0.0000000   1.503754e+01   35   36            0           20            0            0            0                 0.476      0             0.158
    2135   5.012763e+05    1.0000000    0.0000000   1.503754e+01   35   35            0            6            0            0            0                 1.600      1             0.224
    2136   5.012913e+05    1.0000000    0.0000000   1.503754e+01   35   38            0          147            0            0            0                 0.686      0             0.263
    2137   5.013064e+05    1.0000000    0.0000000   1.503754e+01   35   35            0            6            0            0            0                 1.636      1             0.302
    2138   5.013214e+05    1.0000000    0.0000000   1.503754e+01   35   36            0           20            0            0            0                 0.688      0             0.303
    2139   5.013364e+05    1.0000000    0.0000000   1.503754e+01   35   35            0            6            0            0            0                 1.749      1             0.334
    2140   5.013515e+05    1.0000000    0.0000000   1.503754e+01   35   37            0           56            0            0            0                 0.479      0             0.157
    2141   5.013665e+05    1.0000000    0.0000000   1.503754e+01   35   35            0            6            0            0            0                 1.525      1             0.192
    2142   5.013815e+05    1.0000000    0.0000000   1.503754e+01   35   36            0           20            0            0            0                 0.488      0             0.146
    2143   5.013966e+05    1.0000000    0.0000000   1.503754e+01   35   35            0            6            0            0            0                 1.555      1             0.201
    2144   5.014116e+05    1.0000000    0.0000000   1.503754e+01   35   41            0          999            0            0            0                 1.210      0             0.284
    2145   5.014267e+05    1.0000000    0.0000000   1.503754e+01   35   35            0            6            0            0            0                 1.864      1             0.306
    2146   5.014417e+05    1.0000000    0.0000000   1.503754e+01   35   36            0           20            0            0            0                 0.566      0             0.208
    2147   5.014567e+05    1.0000000    0.0000000   1.503754e+01   35   35            0            6            0            0            0                 2.160      1             0.258
    2148   5.014643e+05    1.0000000    0.0000000   7.518768e+00   34   34            0            1            0            0            0                 0.489      0             0.197
    2149   5.014718e+05    1.0000000    0.0000000   7.518768e+00   34   37            0           57            0            0            0                 0.675      0             0.339
    2150   5.014793e+05    1.0000000    0.0000000   7.518768e+00   34   34            0            1            0            0            0                 1.873      1             0.282
    2151   5.014868e+05    1.0000000    0.0000000   7.518768e+00   34   35            0            6            0            0            0                 0.658      0             0.264
    2152   5.014943e+05    1.0000000    0.0000000   7.518768e+00   34   34            0            2            0            0            0                 0.506      0             0.222
    2153   5.015018e+05    1.0000000    0.0000000   7.518768e+00   34   36            0           20            0            0            0                 0.571      0             0.177
    2154   5.015094e+05    1.0000000    0.0000000   7.518768e+00   34   34            0            2            0            0            0                 1.598      1             0.228
    2155   5.015169e+05    1.0000000    0.0000000   7.518768e+00   34   35            0            6            0            0            0                 0.503      0             0.194
    2156   5.015244e+05    1.0000000    0.0000000   7.518768e+00   34   34            0            2            0            0            0                 0.562      0             0.250
    2157   5.015319e+05    1.0000000    0.0000000   7.518768e+00   34   38            0          147            0            0            0                 1.790      1             0.242
    2158   5.015394e+05    1.0000000    0.0000000   7.518768e+00   34   34            0            2            0            0            0                 1.824      1             0.361
    2159   5.015470e+05    1.0000000    0.0000000   7.518768e+00   34   35            0            6            0            0            0                 0.605      0             0.307
    2160   5.015545e+05    1.0000000    0.0000000   7.518768e+00   34   34            0            2            0            0            0                 0.515      0             0.185
    2161   5.015620e+05    1.0000000    0.0000000   7.518768e+00   34   36            0           20            0            0            0                 1.711      1             0.232
    2162   5.015695e+05    1.0000000    0.0000000   7.518768e+00   34   34            0            2            0            0            0                 1.562      1             0.172
    2163   5.015770e+05    1.0000000    0.0000000   7.518768e+00   34   35            0            6            0            0            0                 0.614      0             0.238
    2164   5.015846e+05    1.0000000    0.0000000   7.518768e+00   34   34            0            2            0            0            0                 0.600      0             0.236
    2165   5.015921e+05    1.0000000    0.0000000   7.518768e+00   34   37            0           57            0            0            0                 1.673      1             0.249
    2166   5.015996e+05    1.0000000    0.0000000   7.518768e+00   34   34            0            2            0            0            0                 1.643      1             0.271
    2167   5.016071e+05    1.0000000    0.0000000   7.518768e+00   34   35            0            6            0            0            0                 0.563      0             0.192
    2168   5.016146e+05    1.0000000    0.0000000   7.518768e+00   34   34            0            2            0            0            0                 0.586      0             0.279
    2169   5.016221e+05    1.0000000    0.0000000   7.518768e+00   34   36            0           20            0            0            0                 2.191      1             0.266
    2170   5.016297e+05    1.0000000    0.0000000   7.518768e+00   34   34            0            2            0            0            0                 1.754      1             0.227
    2171   5.016372e+05    1.0000000    0.0000000   7.518768e+00   34   35            0            6            0            0            0                 0.735      0             0.343
    2172   5.016447e+05    1.0000000    0.0000000   7.518768e+00   34   34            0            2            0            0            0                 0.608      0             0.249
    2173   5.016522e+05    1.0000000    0.0000000   7.518768e+00   34   39            0          443            0            0            0                 2.585      1             0.330
    2174   5.016597e+05    1.0000000    0.0000000   7.518768e+00   34   34            0            3            0            0            0                 2.215      1             0.308
    2175   5.016673e+05    1.0000000    0.0000000   7.518768e+00   34   35            0            6            0            0            0                 0.595      0             0.193
    2176   5.016748e+05    1.0000000    0.0000000   7.518768e+00   34   34            0            3            0            0            0                 0.574      0             0.222
    2177   5.016823e+05    1.0000000    0.0000000   7.518768e+00   34   36            0           20            0            0            0                 1.591      1             0.241
    2178   5.016898e+05    1.0000000    0.0000000   7.518768e+00   34   34            0            3            0            0            0                 1.667      1             0.198
    2179   5.016973e+05    1.0000000    0.0000000   7.518768e+00   34   35            0            6            0            0            0                 0.498      0             0.176
    2180   5.017049e+05    1.0000000    0.0000000   7.518768e+00   34   34            0            3            0            0            0                 0.510      0             0.189
    2181   5.017124e+05    1.0000000    0.0000000   7.518768e+00   34   37            0           57            0            0            0                 1.644      1             0.204
    2182   5.017199e+05    1.0000000    0.0000000   7.518768e+00   34   34            0            3            0            0            0                 1.654      1             0.193
    2183   5.017274e+05    1.0000000    0.0000000   7.518768e+00   34   35            0            6            0            0            0                 0.610      0             0.207
    2184   5.017349e+05    1.0000000    0.0000000   7.518768e+00   34   34            0            4            0            0            0                 0.562      0             0.222
    2185   5.017424e+05    1.0000000    0.0000000   7.518768e+00   34   36            0           20            0            0            0                 1.654      1             0.142
    2186   5.017500e+05    1.0000000    0.0000000   7.518768e+00   34   34            0            4            0            0            0                 1.682      1             0.254
    2187   5.017575e+05    1.0000000    0.0000000   7.518768e+00   34   35            0            6            0            0            0                 0.865      0             0.415
    2188   5.017650e+05    1.0000000    0.0000000   7.518768e+00   34   34            0            4            0            0            0                 2.314      1             0.392
    2189   5.017725e+05    1.0000000    0.0000000   7.518768e+00   34   38            0          149            0            0            0                 0.784      0             0.301
    2190   5.017800e+05    1.0000000    0.0000000   7.518768e+00   34   34            0            4            0            0            0                 1.977      1             0.212
    2191   5.017876e+05    1.0000000    0.0000000   7.518768e+00   34   35            0            6            0            0            0                 1.048      0             0.205
    2192   5.017951e+05    1.0000000    0.0000000   7.518768e+00   34   34            0            4            0            0            0                 1.639      1             0.202
    2193   5.018026e+05    1.0000000    0.0000000   7.518768e+00   34   36            0           20            0            0            0                 0.413      0             0.129
    2194   5.018101e+05    1.0000000    0.0000000   7.518768e+00   34   34            0            4            0            0            0                 1.547      1             0.194
    2195   5.018176e+05    1.0000000    0.0000000   7.518768e+00   34   35            0            6            0            0            0                 0.414      0             0.157
    2196   5.018252e+05    1.0000000    0.0000000   7.518768e+00   34   34            0            4            0            0            0                 1.590      1             0.116
    2197   5.018327e+05    1.0000000    0.0000000   7.518768e+00   34   37            0           57            0            0            0                 0.704      0             0.254
    2198   5.018402e+05    1.0000000    0.0000000   7.518768e+00   34   34            0            4            0            0            0                 1.782      1             0.337
    2199   5.018477e+05    1.0000000    0.0000000   7.518768e+00   34   35            0            6            0            0            0                 0.554      0             0.212
    2200   5.018552e+05    1.0000000    0.0000000   7.518768e+00   34   34            0            4            0            0            0                 2.802      1             0.299
    2201   5.018627e+05    1.0000000    0.0000000   7.518768e+00   34   36            0           21            0            0            0                 0.535      0             0.211
    2202   5.018703e+05    1.0000000    0.0000000   7.518768e+00   34   34            0            4            0            0            0                 1.683      1             0.230
    2203   5.018778e+05    1.0000000    0.0000000   7.518768e+00   34   35            0            6            0            0            0                 0.596      0             0.248
    2204   5.018853e+05    1.0000000    0.0000000   7.518768e+00   34   34            0            4            0            0            0                 1.702      1             0.225
    2205   5.018928e+05    1.0000000    0.0000000   7.518768e+00   34   40            0          999            0            0            0                 1.449      0             0.387
    2206   5.019003e+05    1.0000000    0.0000000   7.518768e+00   34   34            0            4            0            0            0                 1.539      1             0.195
    2207   5.019079e+05    1.0000000    0.0000000   7.518768e+00   34   35            0            6            0            0            0                 0.490      0             0.135
    2208   5.019154e+05    1.0000000    0.0000000   7.518768e+00   34   34            0            4            0            0            0                 1.665      1             0.257
    2209   5.019229e+05    1.0000000    0.0000000   7.518768e+00   34   36            0           21            0            0            0                 0.740      0             0.316
    2210   5.019304e+05    1.0000000    0.0000000   7.518768e+00   34   34            0            4            0            0            0                 2.071      1             0.303
    2211   5.019379e+05    1.0000000    0.0000000   7.518768e+00   34   35            0            6            0            0            0                 0.519      0             0.154
    2212   5.019455e+05    1.0000000    0.0000000   7.518768e+00   34   34            0            4            0            0            0                 1.962      1             0.217
    2213   5.019530e+05    1.0000000    0.0000000   7.518768e+00   34   37            0           57            0            0            0                 0.909      0             0.148
    2214   5.019605e+05    1.0000000    0.0000000   7.518768e+00   34   34            0            4            0            0            0                 2.104      1             0.293
    2215   5.019680e+05    1.0000000    0.0000000   7.518768e+00   34   35            0            6            0            0            0                 0.731      0             0.333
    2216   5.019755e+05    1.0000000    0.0000000   7.518768e+00   34   34            0            4            0            0            0                 2.011      1             0.243
    2217   5.019830e+05    1.0000000    0.0000000   7.518768e+00   34   36            0           23            0            0            0                 0.562      0             0.163
    2218   5.019906e+05    1.0000000    0.0000000   7.518768e+00   34   34            0            5            0            0            0                 2.004      1             0.268
    2219   5.019981e+05    1.0000000    0.0000000   7.518768e+00   34   35            0            6            0            0            0                 0.668      0             0.287
    2220   5.020056e+05    1.0000000    0.0000000   7.518768e+00   34   34            0            5            0            0            0                 2.060      1             0.345
    2221   5.020131e+05    1.0000000    0.0000000   7.518768e+00   34   38            0          149            0            0            0                 0.685      0             0.224
    2222   5.020206e+05    1.0000000    0.0000000   7.518768e+00   34   34            0            5            0            0            0                 2.200      1             0.316
    2223   5.020282e+05    1.0000000    0.0000000   7.518768e+00   34   35            0            6            0            0            0                 0.613      0             0.221
    2224   5.020357e+05    1.0000000    0.0000000   7.518768e+00   34   34            0            5            0            0            0                 1.818      1             0.235
    2225   5.020432e+05    1.0000000    0.0000000   7.518768e+00   34   36            0           23            0            0            0                 0.635      0             0.241
    2226   5.020470e+05    1.0000000    0.0000000   3.759384e+00   33   33            0            1            0            0            0                 1.723      1             0.337
    2227   5.020507e+05    1.0000000    0.0000000   3.759384e+00   33   34            0            5            0            0            0                 0.541      0             0.179
    2228   5.020545e+05    1.0000000    0.0000000   3.759384e+00   33   33            0            1            0            0            0                 0.459      0             0.173
    2229   5.020582e+05    1.0000000    0.0000000   3.759384e+00   33   35            0            6            0            0            0                 0.616      0             0.277
    2230   5.020620e+05    1.0000000    0.0000000   3.759384e+00   33   33            0            1            0            0            0                 1.674      1             0.270
    2231   5.020658e+05    1.0000000    0.0000000   3.759384e+00   33   34            0            5            0            0            0                 0.513      0             0.185
    2232   5.020695e+05    1.0000000    0.0000000   3.759384e+00   33   33            0            1            0            0            0                 0.543      0             0.210
    2233   5.020733e+05    1.0000000    0.0000000   3.759384e+00   33   37            0           57            0            0            0                 0.654      0             0.253
    2234   5.020770e+05    1.0000000    0.0000000   3.759384e+00   33   33            0            2            0            0            0                 1.813      1             0.279
    2235   5.020808e+05    1.0000000    0.0000000   3.759384e+00   33   34            0            5            0            0            0                 0.871      0             0.272
    2236   5.020846e+05    1.0000000    0.0000000   3.759384e+00   33   33            0            2            0            0            0                 0.569      0             0.211
    2237   5.020883e+05    1.0000000    0.0000000   3.759384e+00   33   35            0            6            0            0            0                 0.642      0             0.195
    2238   5.020921e+05    1.0000000    0.0000000   3.759384e+00   33   33            0            2            0            0            0                 1.643      1             0.207
    2239   5.020958e+05    1.0000000    0.0000000   3.759384e+00   33   34            0            5            0            0            0                 0.522      0             0.184
    2240   5.020996e+05    1.0000000    0.0000000   3.759384e+00   33   33            0            2            0            0            0                 0.519      0             0.234
    2241   5.021033e+05    1.0000000    0.0000000   3.759384e+00   33   36            0           23            0            0            0                 0.575      0             0.208
    2242   5.021071e+05    1.0000000    0.0000000   3.759384e+00   33   33            0            2            0            0            0                 1.623      1             0.200
    2243   5.021109e+05    1.0000000    0.0000000   3.759384e+00   33   34            0            5            0            0            0                 0.595      0             0.201
    2244   5.021146e+05    1.0000000    0.0000000   3.759384e+00   33   33            0            2            0            0            0                 0.567      0             0.268
    2245   5.021184e+05    1.0000000    0.0000000   3.759384e+00   33   35            0            6            0            0            0                 0.556      0             0.233
    2246   5.021221e+05    1.0000000    0.0000000   3.759384e+00   33   33            0            2            0            0            0                 1.634      1             0.218
    2247   5.021259e+05    1.0000000    0.0000000   3.759384e+00   33   34            0            5            0            0            0                 0.562      0             0.224
    2248   5.021297e+05    1.0000000    0.0000000   3.759384e+00   33   33            0            2            0            0            0                 0.495      0             0.190
    2249   5.021334e+05    1.0000000    0.0000000   3.759384e+00   33   39            0          443            0            0            0                 0.994      0             0.372
    2250   5.021372e+05    1.0000000    0.0000000   3.759384e+00   33   33            0            2            0            0            0                 1.830      1             0.248
    2251   5.021409e+05    1.0000000    0.0000000   3.759384e+00   33   34            0            5            0            0            0                 0.588      0             0.186
    2252   5.021447e+05    1.0000000    0.0000000   3.759384e+00   33   33            0            2            0            0            0                 0.784      0             0.363
    2253   5.021485e+05    1.0000000    0.0000000   3.759384e+00   33   35            0            6            0            0            0                 0.596      0             0.222
    2254   5.021522e+05    1.0000000    0.0000000   3.759384e+00   33   33            0            2            0            0            0                 1.926      1             0.356
    2255   5.021560e+05    1.0000000    0.0000000   3.759384e+00   33   34            0            5            0            0            0                 0.698      0             0.297
    2256   5.021597e+05    1.0000000    0.0000000   3.759384e+00   33   33            0            2            0            0            0                 0.574      0             0.235
    2257   5.021635e+05    1.0000000    0.0000000   3.759384e+00   33   36            0           23            0            0            0                 0.935      0             0.235
    2258   5.021673e+05    1.0000000    0.0000000   3.759384e+00   33   33            0            2            0            0            0                 2.092      1             0.342
    2259   5.021710e+05    1.0000000    0.0000000   3.759384e+00   33   34            0            5            0            0            0                 0.633      0             0.256
    2260   5.021748e+05    1.0000000    0.0000000   3.759384e+00   33   33            0            2            0            0            0                 0.623      0             0.225
    2261   5.021785e+05    1.0000000    0.0000000   3.759384e+00   33   35            0            7            0            0            0                 0.503      0             0.143
    2262   5.021823e+05    1.0000000    0.0000000   3.759384e+00   33   33            0            2            0            0            0                 1.811      1             0.250
    2263   5.021861e+05    1.0000000    0.0000000   3.759384e+00   33   34            0            5            0            0            0                 0.629      0             0.209
    2264   5.021898e+05    1.0000000    0.0000000   3.759384e+00   33   33            0            2            0            0            0                 0.705      0             0.387
    2265   5.021936e+05    1.0000000    0.0000000   3.759384e+00   33   37            0           58            0            0            0                 0.640      0             0.287
    2266   5.021973e+05    1.0000000    0.0000000   3.759384e+00   33   33            0            2            0            0            0                 1.758      1             0.321
    2267   5.022011e+05    1.0000000    0.0000000   3.759384e+00   33   34            0            5            0            0            0                 0.622      0             0.227
    2268   5.022049e+05    1.0000000    0.0000000   3.759384e+00   33   33            0            2            0            0            0                 0.749      0             0.275
    2269   5.022086e+05    1.0000000    0.0000000   3.759384e+00   33   35            0            7            0            0            0                 0.553      0             0.233
    2270   5.022124e+05    1.0000000    0.0000000   3.759384e+00   33   33            0            2            0            0            0                 1.772      1             0.203
    2271   5.022161e+05    1.0000000    0.0000000   3.759384e+00   33   34            0            5            0            0            0                 0.507      0             0.224
    2272   5.022199e+05    1.0000000    0.0000000   3.759384e+00   33   33            0            2            0            0            0                 0.498      0             0.155
    2273   5.022236e+05    1.0000000    0.0000000   3.759384e+00   33   36            0           23            0            0            0                 0.532      0             0.128
    2274   5.022274e+05    1.0000000    0.0000000   3.759384e+00   33   33            0            2            0            0            0                 1.701      1             0.229
    2275   5.022312e+05    1.0000000    0.0000000   3.759384e+00   33   34            0            5            0            0            0                 0.455      0             0.118
    2276   5.022349e+05    1.0000000    0.0000000   3.759384e+00   33   33            0            3            0            0            0                 0.565      0             0.192
    2277   5.022387e+05    1.0000000    0.0000000   3.759384e+00   33   35            0            7            0            0            0                 1.642      1             0.240
    2278   5.022424e+05    1.0000000    0.0000000   3.759384e+00   33   33            0            3            0            0            0                 0.953      0             0.239
    2279   5.022462e+05    1.0000000    0.0000000   3.759384e+00   33   34            0            5            0            0            0                 1.737      1             0.204
    2280   5.022500e+05    1.0000000    0.0000000   3.759384e+00   33   33            0            3            0            0            0                 0.703      0             0.308
    2281   5.022518e+05    1.0000000    0.0000000   1.879692e+00   32   32            0            1            0            0            0                 0.679      0             0.333
    2282   5.022537e+05    1.0000000    0.0000000   1.879692e+00   32   38            0          150            0            0            0                 0.770      0             0.216
    2283   5.022556e+05    1.0000000    0.0000000   1.879692e+00   32   32            0            1            0            0            0                 1.843      1             0.318
    2284   5.022575e+05    1.0000000    0.0000000   1.879692e+00   32   33            0            3            0            0            0                 0.616      0             0.243
    2285   5.022594e+05    1.0000000    0.0000000   1.879692e+00   32   32            0            1            0            0            0                 0.601      0             0.231
    2286   5.022612e+05    1.0000000    0.0000000   1.879692e+00   32   34            0            5            0            0            0                 0.701      0             0.375
    2287   5.022631e+05    1.0000000    0.0000000   1.879692e+00   32   32            0            1            0            0            0                 1.681      1             0.284
    2288   5.022650e+05    1.0000000    0.0000000   1.879692e+00   32   33            0            3            0            0            0                 0.545      0             0.206
    2289   5.022669e+05    1.0000000    0.0000000   1.879692e+00   32   32            0            1            0            0            0                 0.609      0             0.205
    2290   5.022688e+05    1.0000000    0.0000000   1.879692e+00   32   35            0            7            0            0            0                 0.521      0             0.206
    2291   5.022706e+05    1.0000000    0.0000000   1.879692e+00   32   32            0            1            0            0            0                 1.617      1             0.271
    2292   5.022725e+05    1.0000000    0.0000000   1.879692e+00   32   33            0            3            0            0            0                 0.529      0             0.196
    2293   5.022744e+05    1.0000000    0.0000000   1.879692e+00   32   32            0            1            0            0            0                 0.598      0             0.307
    2294   5.022763e+05    1.0000000    0.0000000   1.879692e+00   32   34            0            5            0            0            0                 0.631      0             0.266
    2295   5.022782e+05    1.0000000    0.0000000   1.879692e+00   32   32            0            1            0            0            0                 1.779      1             0.359
    2296   5.022800e+05    1.0000000    0.0000000   1.879692e+00   32   33            0            3            0            0            0                 0.617      0             0.228
    2297   5.022819e+05    1.0000000    0.0000000   1.879692e+00   32   32            0            2            0            0            0                 0.535      0             0.208
    2298   5.022838e+05    1.0000000    0.0000000   1.879692e+00   32   36            0           23            0            0            0                 0.597      0             0.216
    2299   5.022857e+05    1.0000000    0.0000000   1.879692e+00   32   32            0            2            0            0            0                 1.493      1             0.159
    2300   5.022876e+05    1.0000000    0.0000000   1.879692e+00   32   33            0            3            0            0            0                 2.159      0             0.373
    2301   5.022894e+05    1.0000000    0.0000000   1.879692e+00   32   32            0            2            0            0            0                 0.562      0             0.356
    2302   5.022913e+05    1.0000000    0.0000000   1.879692e+00   32   34            0            5            0            0            0                 0.399      0             0.136
    2303   5.022932e+05    1.0000000    0.0000000   1.879692e+00   32   32            0            2            0            0            0                 1.771      1             0.253
    2304   5.022951e+05    1.0000000    0.0000000   1.879692e+00   32   33            0            3            0            0            0                 0.591      0             0.269
    2305   5.022970e+05    1.0000000    0.0000000   1.879692e+00   32   32            0            2            0            0            0                 0.742      0             0.384
    2306   5.022988e+05    1.0000000    0.0000000   1.879692e+00   32   35            0            7            0            0            0                 0.670      0             0.304
    2307   5.023007e+05    1.0000000    0.0000000   1.879692e+00   32   32            0            2            0            0            0                 1.925      1             0.368
    2308   5.023026e+05    1.0000000    0.0000000   1.879692e+00   32   33            0            3            0            0            0                 0.711      0             0.358
    2309   5.023045e+05    1.0000000    0.0000000   1.879692e+00   32   32            0            2            0            0            0                 0.495      0             0.230
    2310   5.023064e+05    1.0000000    0.0000000   1.879692e+00   32   34            0            5            0            0            0                 0.896      0             0.502
    2311   5.023082e+05    1.0000000    0.0000000   1.879692e+00   32   32            0            2            0            0            0                 2.002      1             0.380
    2312   5.023101e+05    1.0000000    0.0000000   1.879692e+00   32   33            0            4            0            0            0                 0.508      0             0.213
    2313   5.023120e+05    1.0000000    0.0000000   1.879692e+00   32   32            0            2            0            0            0                 0.545      0             0.192
    2314   5.023139e+05    1.0000000    0.0000000   1.879692e+00   32   37            0           59            0            0            0                 0.781      0             0.317
    2315   5.023158e+05    1.0000000    0.0000000   1.879692e+00   32   32            0            2            0            0            0                 1.813      1             0.151
    2316   5.023176e+05    1.0000000    0.0000000   1.879692e+00   32   33            0            4            0            0            0                 0.572      0             0.184
    2317   5.023195e+05    1.0000000    0.0000000   1.879692e+00   32   32            0            2            0            0            0                 0.647      0             0.225
    2318   5.023214e+05    1.0000000    0.0000000   1.879692e+00   32   34            0            5            0            0            0                 0.550      0             0.206
    2319   5.023233e+05    1.0000000    0.0000000   1.879692e+00   32   32            0            2            0            0            0                 1.690      1             0.278
    2320   5.023252e+05    1.0000000    0.0000000   1.879692e+00   32   33            0            4            0            0            0                 0.556      0             0.209
    2321   5.023261e+05    1.0000000    0.0000000   9.398460e-01   31   31            0            1            0            0            0                 0.603      0             0.261
    2322   5.023270e+05    1.0000000    0.0000000   9.398460e-01   31   32            0            2            0            0            0                 0.987      0             0.250
    2323   5.023280e+05    1.0000000    0.0000000   9.398460e-01   31   31            0            1            0            0            0                 0.504      0             0.218
    2324   5.023289e+05    1.0000000    0.0000000   9.398460e-01   31   35            0            7            0            0            0                 1.615      1             0.205
    2325   5.023299e+05    1.0000000    0.0000000   9.398460e-01   31   31            0            1            0            0            0                 0.608      0             0.287
    2326   5.023308e+05    1.0000000    0.0000000   9.398460e-01   31   32            0            2            0            0            0                 0.712      0             0.352
    2327   5.023317e+05    1.0000000    0.0000000   9.398460e-01   31   31            0            1            0            0            0                 1.929      1             0.332
    2328   5.023327e+05    1.0000000    0.0000000   9.398460e-01   31   33            0            4            0            0            0                 0.593      0             0.238
    2329   5.023336e+05    1.0000000    0.0000000   9.398460e-01   31   31            0            1            0            0            0                 0.643      0             0.310
    2330   5.023345e+05    1.0000000    0.0000000   9.398460e-01   31   32            0            2            0            0            0                 0.574      0             0.195
    2331   5.023355e+05    1.0000000    0.0000000   9.398460e-01   31   31            0            1            0            0            0                 0.563      0             0.264
    2332   5.023364e+05    1.0000000    0.0000000   9.398460e-01   31   34            0            5            0            0            0                 0.605      0             0.245
    2333   5.023374e+05    1.0000000    0.0000000   9.398460e-01   31   31            0            1            0            0            0                 1.729      1             0.177
    2334   5.023383e+05    1.0000000    0.0000000   9.398460e-01   31   32            0            2            0            0            0                 0.599      0             0.292
    2335   5.023392e+05    1.0000000    0.0000000   9.398460e-01   31   31            0            1            0            0            0                 0.703      0             0.396
    2336   5.023402e+05    1.0000000    0.0000000   9.398460e-01   31   33            0            4            0            0            0                 0.580      0             0.232
    2337   5.023411e+05    1.0000000    0.0000000   9.398460e-01   31   31            0            1            0            0            0                 0.558      0             0.233
    2338   5.023421e+05    1.0000000    0.0000000   9.398460e-01   31   32            0            2            0            0            0                 0.542      0             0.224
    2339   5.023430e+05    1.0000000    0.0000000   9.398460e-01   31   31            0            1            0            0            0                 1.596      1             0.191
    2340   5.023439e+05    1.0000000    0.0000000   9.398460e-01   31   36            0           23            0            0            0                 0.532      0             0.214
    2341   5.023449e+05    1.0000000    0.0000000   9.398460e-01   31   31            0            1            0            0            0                 1.728      1             0.255
    2342   5.023458e+05    1.0000000    0.0000000   9.398460e-01   31   32            0            2            0            0            0                 0.502      0             0.206
    2343   5.023468e+05    1.0000000    0.0000000   9.398460e-01   31   31            0            1            0            0            0                 0.602      0             0.306
    2344   5.023477e+05    1.0000000    0.0000000   9.398460e-01   31   33            0            4            0            0            0                 0.884      0             0.270
    2345   5.023486e+05    1.0000000    0.0000000   9.398460e-01   31   31            0            1            0            0            0                 0.540      0             0.252
    2346   5.023496e+05    1.0000000    0.0000000   9.398460e-01   31   32            0            2            0            0            0                 0.509      0             0.252
    2347   5.023505e+05    1.0000000    0.0000000   9.398460e-01   31   31            0            1            0            0            0                 1.608      1             0.188
[00005.6] timestep.h:get_gpart_timestep():124: gpart (id=102) wants a time-step (9.759849e-01) below dt_min (1.000000e+00)
