# Global statistics file
######################################################
# The quantities are all given in internal units!
#
# (0)  Simulation step
#      Unit = dimensionless
# (1)  Time since Big Bang (cosmological run), Time since start of the simulation (non-cosmological run).
#      Unit = 1.000000e+00 s
#      Unit = 3.168877e-08 yr 
#      Unit = 3.168877e-14 Myr 
# (2)  Scale factor
#      Unit = dimensionless
# (3)  Redshift
#      Unit = dimensionless
# (4)  Total mass in the simulation. 
#      Unit = 1.000000e+03 gram
#      Unit = 5.029144e-31 Msun
# (5)  Total gas mass in the simulation (Particle type 0). 
#      Unit = 1.000000e+03 gram
#      Unit = 5.029144e-31 Msun
# (6)  Total dark matter mass in the simulation (Particle type 1 & 2). 
#      Unit = 1.000000e+03 gram
#      Unit = 5.029144e-31 Msun
# (7)  Total sink mass in the simulation (Particle type 3). 
#      Unit = 1.000000e+03 gram
#      Unit = 5.029144e-31 Msun
# (8)  Total stellar mass in the simulation (Particle type 4). 
#      Unit = 1.000000e+03 gram
#      Unit = 5.029144e-31 Msun
# (9)  Total black hole mass in the simulation (Particle type 5). 
#      Unit = 1.000000e+03 gram
#      Unit = 5.029144e-31 Msun
# (10) Total metal mass in the gas phase. 
#      Unit = 1.000000e+03 gram
#      Unit = 5.029144e-31 Msun
# (11) Total metal mass locked in stars. 
#      Unit = 1.000000e+03 gram
#      Unit = 5.029144e-31 Msun
# (12) Total metal mass locked in black holes. 
#      Unit = 1.000000e+03 gram
#      Unit = 5.029144e-31 Msun
# (13) Total kinetic energy (physical). 
#      Unit = 1.000000e+07 erg
# (14) Total internal (thermal) energy of the gas (physical). 
#      Unit = 1.000000e+07 erg
# (15) Total potential energy (physical). 
#      Unit = 1.000000e+07 erg
# (16) Total radiated energy of the gas (physical). 
#      Unit = 1.000000e+07 erg
# (17) Total gas entropy (physical). 
#      Unit = 1.000000e+09 gram**(0.333) * cm**(4.000) * s**(-2.000)
# (18) Comoving centre of mass of the simulation (x coordinate). 
#      Unit = 1.000000e+02 cm
#      Unit = 3.240779e-17 pc
#      Unit = 3.240779e-23 Mpc
# (19) Comoving centre of mass of the simulation (y coordinate). 
#      Unit = 1.000000e+02 cm
#      Unit = 3.240779e-17 pc
#      Unit = 3.240779e-23 Mpc
# (20) Comoving centre of mass of the simulation (z coordinate). 
#      Unit = 1.000000e+02 cm
#      Unit = 3.240779e-17 pc
#      Unit = 3.240779e-23 Mpc
# (21) Comoving momentum of the simulation (x coordinate). 
#      Unit = 1.000000e+05 gram * cm * s**-1
# (22) Comoving momentum of the simulation (y coordinate). 
#      Unit = 1.000000e+05 gram * cm * s**-1
# (23) Comoving momentum of the simulation (z coordinate). 
#      Unit = 1.000000e+05 gram * cm * s**-1
# (24) Comoving angular momentum of the simulation (x coordinate). 
#      Unit = 1.000000e+07 gram * cm**2 * s**-1
# (25) Comoving angular momentum of the simulation (y coordinate). 
#      Unit = 1.000000e+07 gram * cm**2 * s**-1
# (26) Comoving angular momentum of the simulation (z coordinate). 
#      Unit = 1.000000e+07 gram * cm**2 * s**-1
# (27) Sum of instantaneous accretion rate of all black holes in the simulation. 
#      Unit = 1.000000e+03 gram * s**-1
#      Unit = 1.587043e-23 Msun/yr
# (28)  Total mass accreted by black holes in the simulation (not including mass accreted by progenitors that have merged in the current BHs). 
#      Unit = 1.000000e+03 gram
#      Unit = 5.029144e-31 Msun
# (29)  Total black hole subgrid mass in the simulation. 
#      Unit = 1.000000e+03 gram
#      Unit = 5.029144e-31 Msun
# (30) Total Hydrogen (all species) mass in the gas phase of the simulation. 
#      Unit = 1.000000e+03 gram
#      Unit = 5.029144e-31 Msun
# (31) Total Molecular Hydrogen mass in the gas phase of the simulation. 
#      Unit = 1.000000e+03 gram
#      Unit = 5.029144e-31 Msun
# (32) Total Atomic Hydrogen mass in the gas phase of the simulation. 
#      Unit = 1.000000e+03 gram
#      Unit = 5.029144e-31 Msun
# (33) Total Helium (all species) mass in the gas phase of the simulation. 
#      Unit = 1.000000e+03 gram
#      Unit = 5.029144e-31 Msun
# (34) Total Magnetic Energy B2/(2*mu0) in thesimulation. 
#      Unit = 1.000000e+07 erg
# (35) Total DivB error in thesimulation. 
#      Unit = dimensionless
# (36) Total Cross Helicity :: sum(V.B) in thesimulation. 
#      Unit = 1.000000e+06 gram * cm * s**-3 * A**-1 
# (37) Total Magnetic Helicity :: sum(A.B) in thesimulation. 
#      Unit = 1.000000e-08 gram**2 * cm * s**-4 * A**-2
# (38) Total bolometric luminosity of the BHs. 
#      Unit = 1.000000e+07 erg * s**-1
# (39) Total jet power of the BHs. 
#      Unit = 1.000000e+07 erg * s**-1
#
#           (0)            (1)            (2)            (3)            (4)            (5)            (6)            (7)            (8)            (9)           (10)           (11)           (12)           (13)           (14)           (15)           (16)           (17)           (18)           (19)           (20)           (21)           (22)           (23)           (24)           (25)           (26)           (27)           (28)           (29)           (30)           (31)           (32)           (33)           (34)            (35)            (36)            (37)           (38)            (39) 
#          Step           Time              a              z     Total mass       Gas mass        DM mass      Sink mass      Star mass        BH mass     Gas Z mass    Star Z mass      BH Z mass    Kin. Energy    Int. Energy    Pot. energy    Rad. energy    Gas Entropy          CoM x          CoM y          CoM z         Mom. x         Mom. y         Mom. z    Ang. mom. x    Ang. mom. y    Ang. mom. z   BH acc. rate   BH acc. mass   BH sub. mass     Gas H mass    Gas H2 mass    Gas HI mass    Gas He mass    Mag. Energy        DivB err    Cr. Helicity   Mag. Helicity   BH bol. lum.   BH jet power 
              0   0.000000e+00      1.0000000      0.0000000   3.996000e+30   0.000000e+00   3.996000e+30   0.000000e+00   0.000000e+00   0.000000e+00   0.000000e+00   0.000000e+00   0.000000e+00            inf   0.000000e+00  -3.492773e+38   0.000000e+00   0.000000e+00   7.853888e+12   7.405095e+12   7.479894e+12   7.794384e+20   5.994000e+34   0.000000e+00  -4.483448e+47   5.830112e+33   4.931793e+47   0.000000e+00   0.000000e+00   0.000000e+00   0.000000e+00   0.000000e+00   0.000000e+00   0.000000e+00   0.000000e+00   0.000000e+00   0.000000e+00   0.000000e+00   0.000000e+00   0.000000e+00
              5   8.640000e+04      1.0000000      0.0000000   3.996000e+30   0.000000e+00   3.996000e+30   0.000000e+00   0.000000e+00   0.000000e+00   0.000000e+00   0.000000e+00   0.000000e+00            inf   0.000000e+00  -3.494428e+38   0.000000e+00   0.000000e+00   7.853888e+12   7.406391e+12   7.479894e+12   2.328944e+22   5.993999e+34   0.000000e+00  -4.483448e+47   1.742026e+35   4.931792e+47   0.000000e+00   0.000000e+00   0.000000e+00   0.000000e+00   0.000000e+00   0.000000e+00   0.000000e+00   0.000000e+00   0.000000e+00   0.000000e+00   0.000000e+00   0.000000e+00   0.000000e+00
             11   1.728000e+05      1.0000000      0.0000000   3.996000e+30   0.000000e+00   3.996000e+30   0.000000e+00   0.000000e+00   0.000000e+00   0.000000e+00   0.000000e+00   0.000000e+00            inf   0.000000e+00  -3.496889e+38   0.000000e+00   0.000000e+00   7.853888e+12   7.407687e+12   7.479894e+12   4.805013e+22   5.994000e+34   0.000000e+00  -4.483448e+47   3.594101e+35   4.931793e+47   0.000000e+00   0.000000e+00   0.000000e+00   0.000000e+00   0.000000e+00   0.000000e+00   0.000000e+00   0.000000e+00   0.000000e+00   0.000000e+00   0.000000e+00   0.000000e+00   0.000000e+00
             16   2.592000e+05      1.0000000      0.0000000   3.996000e+30   0.000000e+00   3.996000e+30   0.000000e+00   0.000000e+00   0.000000e+00   0.000000e+00   0.000000e+00   0.000000e+00            inf   0.000000e+00  -3.499329e+38   0.000000e+00   0.000000e+00   7.853888e+12   7.408983e+12   7.479894e+12   7.287006e+22   5.994001e+34   0.000000e+00  -4.483449e+47   5.450608e+35   4.931794e+47   0.000000e+00   0.000000e+00   0.000000e+00   0.000000e+00   0.000000e+00   0.000000e+00   0.000000e+00   0.000000e+00   0.000000e+00   0.000000e+00   0.000000e+00   0.000000e+00   0.000000e+00
             22   3.456000e+05      1.0000000      0.0000000   3.996000e+30   0.000000e+00   3.996000e+30   0.000000e+00   0.000000e+00   0.000000e+00   0.000000e+00   0.000000e+00   0.000000e+00            inf   0.000000e+00  -3.501742e+38   0.000000e+00   0.000000e+00   7.853888e+12   7.410279e+12   7.479894e+12   9.775099e+22   5.994002e+34   0.000000e+00  -4.483449e+47   7.311660e+35   4.931794e+47   0.000000e+00   0.000000e+00   0.000000e+00   0.000000e+00   0.000000e+00   0.000000e+00   0.000000e+00   0.000000e+00   0.000000e+00   0.000000e+00   0.000000e+00   0.000000e+00   0.000000e+00
             28   4.320000e+05      1.0000000      0.0000000   3.996000e+30   0.000000e+00   3.996000e+30   0.000000e+00   0.000000e+00   0.000000e+00   0.000000e+00   0.000000e+00   0.000000e+00            inf   0.000000e+00  -3.504137e+38   0.000000e+00   0.000000e+00   7.853888e+12   7.411575e+12   7.479894e+12   1.226913e+23   5.994002e+34   0.000000e+00  -4.483450e+47   9.177177e+35   4.931794e+47   0.000000e+00   0.000000e+00   0.000000e+00   0.000000e+00   0.000000e+00   0.000000e+00   0.000000e+00   0.000000e+00   0.000000e+00   0.000000e+00   0.000000e+00   0.000000e+00   0.000000e+00
             33   5.184000e+05      1.0000000      0.0000000   3.996000e+30   0.000000e+00   3.996000e+30   0.000000e+00   0.000000e+00   0.000000e+00   0.000000e+00   0.000000e+00   0.000000e+00            inf   0.000000e+00  -3.505718e+38   0.000000e+00   0.000000e+00   7.853888e+12   7.412871e+12   7.479894e+12   1.476906e+23   5.994002e+34   0.000000e+00  -4.483450e+47   1.104711e+36   4.931795e+47   0.000000e+00   0.000000e+00   0.000000e+00   0.000000e+00   0.000000e+00   0.000000e+00   0.000000e+00   0.000000e+00   0.000000e+00   0.000000e+00   0.000000e+00   0.000000e+00   0.000000e+00
             39   6.048000e+05      1.0000000      0.0000000   3.996000e+30   0.000000e+00   3.996000e+30   0.000000e+00   0.000000e+00   0.000000e+00   0.000000e+00   0.000000e+00   0.000000e+00            inf   0.000000e+00  -3.508070e+38   0.000000e+00   0.000000e+00   7.853888e+12   7.414167e+12   7.479894e+12   1.727507e+23   5.994002e+34   0.000000e+00  -4.483450e+47   1.292158e+36   4.931795e+47   0.000000e+00   0.000000e+00   0.000000e+00   0.000000e+00   0.000000e+00   0.000000e+00   0.000000e+00   0.000000e+00   0.000000e+00   0.000000e+00   0.000000e+00   0.000000e+00   0.000000e+00
             44   6.912000e+05      1.0000000      0.0000000   3.996000e+30   0.000000e+00   3.996000e+30   0.000000e+00   0.000000e+00   0.000000e+00   0.000000e+00   0.000000e+00   0.000000e+00            inf   0.000000e+00  -3.510400e+38   0.000000e+00   0.000000e+00   7.853888e+12   7.415463e+12   7.479894e+12   1.978707e+23   5.994003e+34   0.000000e+00  -4.483450e+47   1.480048e+36   4.931795e+47   0.000000e+00   0.000000e+00   0.000000e+00   0.000000e+00   0.000000e+00   0.000000e+00   0.000000e+00   0.000000e+00   0.000000e+00   0.000000e+00   0.000000e+00   0.000000e+00   0.000000e+00
             50   7.776000e+05      1.0000000      0.0000000   3.996000e+30   0.000000e+00   3.996000e+30   0.000000e+00   0.000000e+00   0.000000e+00   0.000000e+00   0.000000e+00   0.000000e+00            inf   0.000000e+00  -3.512703e+38   0.000000e+00   0.000000e+00   7.853888e+12   7.416759e+12   7.479894e+12   2.230503e+23   5.994003e+34   0.000000e+00  -4.483451e+47   1.668395e+36   4.931796e+47   0.000000e+00   0.000000e+00   0.000000e+00   0.000000e+00   0.000000e+00   0.000000e+00   0.000000e+00   0.000000e+00   0.000000e+00   0.000000e+00   0.000000e+00   0.000000e+00   0.000000e+00
             56   8.640000e+05      1.0000000      0.0000000   3.996000e+30   0.000000e+00   3.996000e+30   0.000000e+00   0.000000e+00   0.000000e+00   0.000000e+00   0.000000e+00   0.000000e+00            inf   0.000000e+00  -3.514983e+38   0.000000e+00   0.000000e+00   7.853888e+12   7.418055e+12   7.479894e+12   2.482909e+23   5.994004e+34   0.000000e+00  -4.483451e+47   1.857194e+36   4.931796e+47   0.000000e+00   0.000000e+00   0.000000e+00   0.000000e+00   0.000000e+00   0.000000e+00   0.000000e+00   0.000000e+00   0.000000e+00   0.000000e+00   0.000000e+00   0.000000e+00   0.000000e+00
             61   9.504000e+05      1.0000000      0.0000000   3.996000e+30   0.000000e+00   3.996000e+30   0.000000e+00   0.000000e+00   0.000000e+00   0.000000e+00   0.000000e+00   0.000000e+00            inf   0.000000e+00  -3.516490e+38   0.000000e+00   0.000000e+00   7.853888e+12   7.419351e+12   7.479894e+12   2.735893e+23   5.994005e+34   0.000000e+00  -4.483452e+47   2.046422e+36   4.931797e+47   0.000000e+00   0.000000e+00   0.000000e+00   0.000000e+00   0.000000e+00   0.000000e+00   0.000000e+00   0.000000e+00   0.000000e+00   0.000000e+00   0.000000e+00   0.000000e+00   0.000000e+00
             67   1.036800e+06      1.0000000      0.0000000   3.996000e+30   0.000000e+00   3.996000e+30   0.000000e+00   0.000000e+00   0.000000e+00   0.000000e+00   0.000000e+00   0.000000e+00            inf   0.000000e+00  -3.518730e+38   0.000000e+00   0.000000e+00   7.853888e+12   7.420647e+12   7.479894e+12   2.989484e+23   5.994004e+34   0.000000e+00  -4.483451e+47   2.236109e+36   4.931796e+47   0.000000e+00   0.000000e+00   0.000000e+00   0.000000e+00   0.000000e+00   0.000000e+00   0.000000e+00   0.000000e+00   0.000000e+00   0.000000e+00   0.000000e+00   0.000000e+00   0.000000e+00
             72   1.123200e+06      1.0000000      0.0000000   3.996000e+30   0.000000e+00   3.996000e+30   0.000000e+00   0.000000e+00   0.000000e+00   0.000000e+00   0.000000e+00   0.000000e+00            inf   0.000000e+00  -3.520941e+38   0.000000e+00   0.000000e+00   7.853888e+12   7.421943e+12   7.479894e+12   3.243673e+23   5.994003e+34   0.000000e+00  -4.483451e+47   2.426233e+36   4.931796e+47   0.000000e+00   0.000000e+00   0.000000e+00   0.000000e+00   0.000000e+00   0.000000e+00   0.000000e+00   0.000000e+00   0.000000e+00   0.000000e+00   0.000000e+00   0.000000e+00   0.000000e+00
             78   1.209600e+06      1.0000000      0.0000000   3.996000e+30   0.000000e+00   3.996000e+30   0.000000e+00   0.000000e+00   0.000000e+00   0.000000e+00   0.000000e+00   0.000000e+00            inf   0.000000e+00  -3.523135e+38   0.000000e+00   0.000000e+00   7.853888e+12   7.423239e+12   7.479894e+12   3.498475e+23   5.994003e+34   0.000000e+00  -4.483451e+47   2.616817e+36   4.931796e+47   0.000000e+00   0.000000e+00   0.000000e+00   0.000000e+00   0.000000e+00   0.000000e+00   0.000000e+00   0.000000e+00   0.000000e+00   0.000000e+00   0.000000e+00   0.000000e+00   0.000000e+00
             84   1.296000e+06      1.0000000      0.0000000   3.996000e+30   0.000000e+00   3.996000e+30   0.000000e+00   0.000000e+00   0.000000e+00   0.000000e+00   0.000000e+00   0.000000e+00            inf   0.000000e+00  -3.525299e+38   0.000000e+00   0.000000e+00   7.853888e+12   7.424535e+12   7.479894e+12   3.753871e+23   5.994004e+34   0.000000e+00  -4.483451e+47   2.807857e+36   4.931796e+47   0.000000e+00   0.000000e+00   0.000000e+00   0.000000e+00   0.000000e+00   0.000000e+00   0.000000e+00   0.000000e+00   0.000000e+00   0.000000e+00   0.000000e+00   0.000000e+00   0.000000e+00
             89   1.382400e+06      1.0000000      0.0000000   3.996000e+30   0.000000e+00   3.996000e+30   0.000000e+00   0.000000e+00   0.000000e+00   0.000000e+00   0.000000e+00   0.000000e+00            inf   0.000000e+00  -3.526726e+38   0.000000e+00   0.000000e+00   7.853888e+12   7.425831e+12   7.479894e+12   4.009849e+23   5.994004e+34   0.000000e+00  -4.483451e+47   2.999320e+36   4.931796e+47   0.000000e+00   0.000000e+00   0.000000e+00   0.000000e+00   0.000000e+00   0.000000e+00   0.000000e+00   0.000000e+00   0.000000e+00   0.000000e+00   0.000000e+00   0.000000e+00   0.000000e+00
             95   1.468800e+06      1.0000000      0.0000000   3.996000e+30   0.000000e+00   3.996000e+30   0.000000e+00   0.000000e+00   0.000000e+00   0.000000e+00   0.000000e+00   0.000000e+00            inf   0.000000e+00  -3.528851e+38   0.000000e+00   0.000000e+00   7.853888e+12   7.427127e+12   7.479894e+12   4.266446e+23   5.994003e+34   0.000000e+00  -4.483451e+47   3.191259e+36   4.931796e+47   0.000000e+00   0.000000e+00   0.000000e+00   0.000000e+00   0.000000e+00   0.000000e+00   0.000000e+00   0.000000e+00   0.000000e+00   0.000000e+00   0.000000e+00   0.000000e+00   0.000000e+00
            100   1.555200e+06      1.0000000      0.0000000   3.996000e+30   0.000000e+00   3.996000e+30   0.000000e+00   0.000000e+00   0.000000e+00   0.000000e+00   0.000000e+00   0.000000e+00            inf   0.000000e+00  -3.530947e+38   0.000000e+00   0.000000e+00   7.853888e+12   7.428423e+12   7.479894e+12   4.523632e+23   5.994004e+34   0.000000e+00  -4.483451e+47   3.383628e+36   4.931796e+47   0.000000e+00   0.000000e+00   0.000000e+00   0.000000e+00   0.000000e+00   0.000000e+00   0.000000e+00   0.000000e+00   0.000000e+00   0.000000e+00   0.000000e+00   0.000000e+00   0.000000e+00
            106   1.641600e+06      1.0000000      0.0000000   3.996000e+30   0.000000e+00   3.996000e+30   0.000000e+00   0.000000e+00   0.000000e+00   0.000000e+00   0.000000e+00   0.000000e+00            inf   0.000000e+00  -3.533020e+38   0.000000e+00   0.000000e+00   7.853888e+12   7.429719e+12   7.479894e+12   4.781418e+23   5.994004e+34   0.000000e+00  -4.483451e+47   3.576455e+36   4.931796e+47   0.000000e+00   0.000000e+00   0.000000e+00   0.000000e+00   0.000000e+00   0.000000e+00   0.000000e+00   0.000000e+00   0.000000e+00   0.000000e+00   0.000000e+00   0.000000e+00   0.000000e+00
            112   1.728000e+06      1.0000000      0.0000000   3.996000e+30   0.000000e+00   3.996000e+30   0.000000e+00   0.000000e+00   0.000000e+00   0.000000e+00   0.000000e+00   0.000000e+00            inf   0.000000e+00  -3.535061e+38   0.000000e+00   0.000000e+00   7.853888e+12   7.431015e+12   7.479894e+12   5.039806e+23   5.994004e+34   0.000000e+00  -4.483451e+47   3.769728e+36   4.931796e+47   0.000000e+00   0.000000e+00   0.000000e+00   0.000000e+00   0.000000e+00   0.000000e+00   0.000000e+00   0.000000e+00   0.000000e+00   0.000000e+00   0.000000e+00   0.000000e+00   0.000000e+00
            117   1.814400e+06      1.0000000      0.0000000   3.996000e+30   0.000000e+00   3.996000e+30   0.000000e+00   0.000000e+00   0.000000e+00   0.000000e+00   0.000000e+00   0.000000e+00            inf   0.000000e+00  -3.536413e+38   0.000000e+00   0.000000e+00   7.853888e+12   7.432311e+12   7.479894e+12   5.298783e+23   5.994004e+34   0.000000e+00  -4.483451e+47   3.963433e+36   4.931796e+47   0.000000e+00   0.000000e+00   0.000000e+00   0.000000e+00   0.000000e+00   0.000000e+00   0.000000e+00   0.000000e+00   0.000000e+00   0.000000e+00   0.000000e+00   0.000000e+00   0.000000e+00
            123   1.900800e+06      1.0000000      0.0000000   3.996000e+30   0.000000e+00   3.996000e+30   0.000000e+00   0.000000e+00   0.000000e+00   0.000000e+00   0.000000e+00   0.000000e+00            inf   0.000000e+00  -3.538414e+38   0.000000e+00   0.000000e+00   7.853888e+12   7.433607e+12   7.479894e+12   5.558358e+23   5.994003e+34   0.000000e+00  -4.483451e+47   4.157603e+36   4.931796e+47   0.000000e+00   0.000000e+00   0.000000e+00   0.000000e+00   0.000000e+00   0.000000e+00   0.000000e+00   0.000000e+00   0.000000e+00   0.000000e+00   0.000000e+00   0.000000e+00   0.000000e+00
            129   1.987200e+06      1.0000000      0.0000000   3.996000e+30   0.000000e+00   3.996000e+30   0.000000e+00   0.000000e+00   0.000000e+00   0.000000e+00   0.000000e+00   0.000000e+00            inf   0.000000e+00  -3.540389e+38   0.000000e+00   0.000000e+00   7.853888e+12   7.434903e+12   7.479894e+12   5.818571e+23   5.994004e+34   0.000000e+00  -4.483451e+47   4.352227e+36   4.931796e+47   0.000000e+00   0.000000e+00   0.000000e+00   0.000000e+00   0.000000e+00   0.000000e+00   0.000000e+00   0.000000e+00   0.000000e+00   0.000000e+00   0.000000e+00   0.000000e+00   0.000000e+00
            134   2.073600e+06      1.0000000      0.0000000   3.996000e+30   0.000000e+00   3.996000e+30   0.000000e+00   0.000000e+00   0.000000e+00   0.000000e+00   0.000000e+00   0.000000e+00            inf   0.000000e+00  -3.542341e+38   0.000000e+00   0.000000e+00   7.853888e+12   7.436199e+12   7.479894e+12   6.079327e+23   5.994003e+34   0.000000e+00  -4.483451e+47   4.547277e+36   4.931796e+47   0.000000e+00   0.000000e+00   0.000000e+00   0.000000e+00   0.000000e+00   0.000000e+00   0.000000e+00   0.000000e+00   0.000000e+00   0.000000e+00   0.000000e+00   0.000000e+00   0.000000e+00
            140   2.160000e+06      1.0000000      0.0000000   3.996000e+30   0.000000e+00   3.996000e+30   0.000000e+00   0.000000e+00   0.000000e+00   0.000000e+00   0.000000e+00   0.000000e+00            inf   0.000000e+00  -3.544261e+38   0.000000e+00   0.000000e+00   7.853888e+12   7.437495e+12   7.479894e+12   6.340728e+23   5.994003e+34   0.000000e+00  -4.483451e+47   4.742810e+36   4.931796e+47   0.000000e+00   0.000000e+00   0.000000e+00   0.000000e+00   0.000000e+00   0.000000e+00   0.000000e+00   0.000000e+00   0.000000e+00   0.000000e+00   0.000000e+00   0.000000e+00   0.000000e+00
            145   2.246400e+06      1.0000000      0.0000000   3.996000e+30   0.000000e+00   3.996000e+30   0.000000e+00   0.000000e+00   0.000000e+00   0.000000e+00   0.000000e+00   0.000000e+00            inf   0.000000e+00  -3.545528e+38   0.000000e+00   0.000000e+00   7.853888e+12   7.438791e+12   7.479894e+12   6.602701e+23   5.994003e+34   0.000000e+00  -4.483451e+47   4.938758e+36   4.931796e+47   0.000000e+00   0.000000e+00   0.000000e+00   0.000000e+00   0.000000e+00   0.000000e+00   0.000000e+00   0.000000e+00   0.000000e+00   0.000000e+00   0.000000e+00   0.000000e+00   0.000000e+00
            151   2.332800e+06      1.0000000      0.0000000   3.996000e+30   0.000000e+00   3.996000e+30   0.000000e+00   0.000000e+00   0.000000e+00   0.000000e+00   0.000000e+00   0.000000e+00            inf   0.000000e+00  -3.547408e+38   0.000000e+00   0.000000e+00   7.853888e+12   7.440087e+12   7.479894e+12   6.865287e+23   5.994004e+34   0.000000e+00  -4.483451e+47   5.135158e+36   4.931796e+47   0.000000e+00   0.000000e+00   0.000000e+00   0.000000e+00   0.000000e+00   0.000000e+00   0.000000e+00   0.000000e+00   0.000000e+00   0.000000e+00   0.000000e+00   0.000000e+00   0.000000e+00
            157   2.419200e+06      1.0000000      0.0000000   3.996000e+30   0.000000e+00   3.996000e+30   0.000000e+00   0.000000e+00   0.000000e+00   0.000000e+00   0.000000e+00   0.000000e+00            inf   0.000000e+00  -3.549261e+38   0.000000e+00   0.000000e+00   7.853888e+12   7.441383e+12   7.479894e+12   7.128462e+23   5.994004e+34   0.000000e+00  -4.483451e+47   5.332011e+36   4.931796e+47   0.000000e+00   0.000000e+00   0.000000e+00   0.000000e+00   0.000000e+00   0.000000e+00   0.000000e+00   0.000000e+00   0.000000e+00   0.000000e+00   0.000000e+00   0.000000e+00   0.000000e+00
            162   2.505600e+06      1.0000000      0.0000000   3.996000e+30   0.000000e+00   3.996000e+30   0.000000e+00   0.000000e+00   0.000000e+00   0.000000e+00   0.000000e+00   0.000000e+00            inf   0.000000e+00  -3.551084e+38   0.000000e+00   0.000000e+00   7.853888e+12   7.442679e+12   7.479894e+12   7.392227e+23   5.994004e+34   0.000000e+00  -4.483451e+47   5.529323e+36   4.931797e+47   0.000000e+00   0.000000e+00   0.000000e+00   0.000000e+00   0.000000e+00   0.000000e+00   0.000000e+00   0.000000e+00   0.000000e+00   0.000000e+00   0.000000e+00   0.000000e+00   0.000000e+00
            168   2.592000e+06      1.0000000      0.0000000   3.996000e+30   0.000000e+00   3.996000e+30   0.000000e+00   0.000000e+00   0.000000e+00   0.000000e+00   0.000000e+00   0.000000e+00            inf   0.000000e+00  -3.552880e+38   0.000000e+00   0.000000e+00   7.853888e+12   7.443975e+12   7.479894e+12   7.656621e+23   5.994004e+34   0.000000e+00  -4.483451e+47   5.727056e+36   4.931796e+47   0.000000e+00   0.000000e+00   0.000000e+00   0.000000e+00   0.000000e+00   0.000000e+00   0.000000e+00   0.000000e+00   0.000000e+00   0.000000e+00   0.000000e+00   0.000000e+00   0.000000e+00
            173   2.678400e+06      1.0000000      0.0000000   3.996000e+30   0.000000e+00   3.996000e+30   0.000000e+00   0.000000e+00   0.000000e+00   0.000000e+00   0.000000e+00   0.000000e+00            inf   0.000000e+00  -3.554064e+38   0.000000e+00   0.000000e+00   7.853888e+12   7.445271e+12   7.479894e+12   7.921588e+23   5.994004e+34   0.000000e+00  -4.483451e+47   5.925259e+36   4.931796e+47   0.000000e+00   0.000000e+00   0.000000e+00   0.000000e+00   0.000000e+00   0.000000e+00   0.000000e+00   0.000000e+00   0.000000e+00   0.000000e+00   0.000000e+00   0.000000e+00   0.000000e+00
            179   2.764800e+06      1.0000000      0.0000000   3.996000e+30   0.000000e+00   3.996000e+30   0.000000e+00   0.000000e+00   0.000000e+00   0.000000e+00   0.000000e+00   0.000000e+00            inf   0.000000e+00  -3.555817e+38   0.000000e+00   0.000000e+00   7.853888e+12   7.446567e+12   7.479894e+12   8.187166e+23   5.994004e+34   0.000000e+00  -4.483451e+47   6.123903e+36   4.931796e+47   0.000000e+00   0.000000e+00   0.000000e+00   0.000000e+00   0.000000e+00   0.000000e+00   0.000000e+00   0.000000e+00   0.000000e+00   0.000000e+00   0.000000e+00   0.000000e+00   0.000000e+00
            185   2.851200e+06      1.0000000      0.0000000   3.996000e+30   0.000000e+00   3.996000e+30   0.000000e+00   0.000000e+00   0.000000e+00   0.000000e+00   0.000000e+00   0.000000e+00            inf   0.000000e+00  -3.557544e+38   0.000000e+00   0.000000e+00   7.853888e+12   7.447863e+12   7.479894e+12   8.453334e+23   5.994004e+34   0.000000e+00  -4.483451e+47   6.323007e+36   4.931796e+47   0.000000e+00   0.000000e+00   0.000000e+00   0.000000e+00   0.000000e+00   0.000000e+00   0.000000e+00   0.000000e+00   0.000000e+00   0.000000e+00   0.000000e+00   0.000000e+00   0.000000e+00
            190   2.937600e+06      1.0000000      0.0000000   3.996000e+30   0.000000e+00   3.996000e+30   0.000000e+00   0.000000e+00   0.000000e+00   0.000000e+00   0.000000e+00   0.000000e+00            inf   0.000000e+00  -3.559238e+38   0.000000e+00   0.000000e+00   7.853888e+12   7.449159e+12   7.479894e+12   8.720115e+23   5.994004e+34   0.000000e+00  -4.483451e+47   6.522555e+36   4.931796e+47   0.000000e+00   0.000000e+00   0.000000e+00   0.000000e+00   0.000000e+00   0.000000e+00   0.000000e+00   0.000000e+00   0.000000e+00   0.000000e+00   0.000000e+00   0.000000e+00   0.000000e+00
            196   3.024000e+06      1.0000000      0.0000000   3.996000e+30   0.000000e+00   3.996000e+30   0.000000e+00   0.000000e+00   0.000000e+00   0.000000e+00   0.000000e+00   0.000000e+00            inf   0.000000e+00  -3.560906e+38   0.000000e+00   0.000000e+00   7.853888e+12   7.450455e+12   7.479894e+12   8.987480e+23   5.994004e+34   0.000000e+00  -4.483451e+47   6.722546e+36   4.931796e+47   0.000000e+00   0.000000e+00   0.000000e+00   0.000000e+00   0.000000e+00   0.000000e+00   0.000000e+00   0.000000e+00   0.000000e+00   0.000000e+00   0.000000e+00   0.000000e+00   0.000000e+00
            201   3.110400e+06      1.0000000      0.0000000   3.996000e+30   0.000000e+00   3.996000e+30   0.000000e+00   0.000000e+00   0.000000e+00   0.000000e+00   0.000000e+00   0.000000e+00            inf   0.000000e+00  -3.562003e+38   0.000000e+00   0.000000e+00   7.853888e+12   7.451751e+12   7.479894e+12   9.255451e+23   5.994004e+34   0.000000e+00  -4.483451e+47   6.922978e+36   4.931796e+47   0.000000e+00   0.000000e+00   0.000000e+00   0.000000e+00   0.000000e+00   0.000000e+00   0.000000e+00   0.000000e+00   0.000000e+00   0.000000e+00   0.000000e+00   0.000000e+00   0.000000e+00
            207   3.196800e+06      1.0000000      0.0000000   3.996000e+30   0.000000e+00   3.996000e+30   0.000000e+00   0.000000e+00   0.000000e+00   0.000000e+00   0.000000e+00   0.000000e+00            inf   0.000000e+00  -3.563626e+38   0.000000e+00   0.000000e+00   7.853888e+12   7.453047e+12   7.479894e+12   9.524046e+23   5.994003e+34   0.000000e+00  -4.483451e+47   7.123871e+36   4.931796e+47   0.000000e+00   0.000000e+00   0.000000e+00   0.000000e+00   0.000000e+00   0.000000e+00   0.000000e+00   0.000000e+00   0.000000e+00   0.000000e+00   0.000000e+00   0.000000e+00   0.000000e+00
            213   3.283200e+06      1.0000000      0.0000000   3.996000e+30   0.000000e+00   3.996000e+30   0.000000e+00   0.000000e+00   0.000000e+00   0.000000e+00   0.000000e+00   0.000000e+00            inf   0.000000e+00  -3.565220e+38   0.000000e+00   0.000000e+00   7.853888e+12   7.454343e+12   7.479894e+12   9.793173e+23   5.994003e+34   0.000000e+00  -4.483451e+47   7.325196e+36   4.931796e+47   0.000000e+00   0.000000e+00   0.000000e+00   0.000000e+00   0.000000e+00   0.000000e+00   0.000000e+00   0.000000e+00   0.000000e+00   0.000000e+00   0.000000e+00   0.000000e+00   0.000000e+00
            218   3.369600e+06      1.0000000      0.0000000   3.996000e+30   0.000000e+00   3.996000e+30   0.000000e+00   0.000000e+00   0.000000e+00   0.000000e+00   0.000000e+00   0.000000e+00            inf   0.000000e+00  -3.566787e+38   0.000000e+00   0.000000e+00   7.853888e+12   7.455639e+12   7.479894e+12   1.006295e+24   5.994004e+34   0.000000e+00  -4.483451e+47   7.527008e+36   4.931796e+47   0.000000e+00   0.000000e+00   0.000000e+00   0.000000e+00   0.000000e+00   0.000000e+00   0.000000e+00   0.000000e+00   0.000000e+00   0.000000e+00   0.000000e+00   0.000000e+00   0.000000e+00
            224   3.456000e+06      1.0000000      0.0000000   3.996000e+30   0.000000e+00   3.996000e+30   0.000000e+00   0.000000e+00   0.000000e+00   0.000000e+00   0.000000e+00   0.000000e+00            inf   0.000000e+00  -3.568322e+38   0.000000e+00   0.000000e+00   7.853888e+12   7.456935e+12   7.479894e+12   1.033332e+24   5.994003e+34   0.000000e+00  -4.483451e+47   7.729216e+36   4.931796e+47   0.000000e+00   0.000000e+00   0.000000e+00   0.000000e+00   0.000000e+00   0.000000e+00   0.000000e+00   0.000000e+00   0.000000e+00   0.000000e+00   0.000000e+00   0.000000e+00   0.000000e+00
            230   3.542400e+06      1.0000000      0.0000000   3.996000e+30   0.000000e+00   3.996000e+30   0.000000e+00   0.000000e+00   0.000000e+00   0.000000e+00   0.000000e+00   0.000000e+00            inf   0.000000e+00  -3.569832e+38   0.000000e+00   0.000000e+00   7.853888e+12   7.458231e+12   7.479894e+12   1.060426e+24   5.994004e+34   0.000000e+00  -4.483451e+47   7.931892e+36   4.931796e+47   0.000000e+00   0.000000e+00   0.000000e+00   0.000000e+00   0.000000e+00   0.000000e+00   0.000000e+00   0.000000e+00   0.000000e+00   0.000000e+00   0.000000e+00   0.000000e+00   0.000000e+00
            235   3.628800e+06      1.0000000      0.0000000   3.996000e+30   0.000000e+00   3.996000e+30   0.000000e+00   0.000000e+00   0.000000e+00   0.000000e+00   0.000000e+00   0.000000e+00            inf   0.000000e+00  -3.570822e+38   0.000000e+00   0.000000e+00   7.853888e+12   7.459527e+12   7.479894e+12   1.087585e+24   5.994004e+34   0.000000e+00  -4.483451e+47   8.135013e+36   4.931796e+47   0.000000e+00   0.000000e+00   0.000000e+00   0.000000e+00   0.000000e+00   0.000000e+00   0.000000e+00   0.000000e+00   0.000000e+00   0.000000e+00   0.000000e+00   0.000000e+00   0.000000e+00
            241   3.715200e+06      1.0000000      0.0000000   3.996000e+30   0.000000e+00   3.996000e+30   0.000000e+00   0.000000e+00   0.000000e+00   0.000000e+00   0.000000e+00   0.000000e+00            inf   0.000000e+00  -3.572284e+38   0.000000e+00   0.000000e+00   7.853888e+12   7.460823e+12   7.479894e+12   1.114804e+24   5.994004e+34   0.000000e+00  -4.483451e+47   8.338595e+36   4.931796e+47   0.000000e+00   0.000000e+00   0.000000e+00   0.000000e+00   0.000000e+00   0.000000e+00   0.000000e+00   0.000000e+00   0.000000e+00   0.000000e+00   0.000000e+00   0.000000e+00   0.000000e+00
            246   3.801600e+06      1.0000000      0.0000000   3.996000e+30   0.000000e+00   3.996000e+30   0.000000e+00   0.000000e+00   0.000000e+00   0.000000e+00   0.000000e+00   0.000000e+00            inf   0.000000e+00  -3.573715e+38   0.000000e+00   0.000000e+00   7.853888e+12   7.462119e+12   7.479894e+12   1.142076e+24   5.994004e+34   0.000000e+00  -4.483451e+47   8.542627e+36   4.931796e+47   0.000000e+00   0.000000e+00   0.000000e+00   0.000000e+00   0.000000e+00   0.000000e+00   0.000000e+00   0.000000e+00   0.000000e+00   0.000000e+00   0.000000e+00   0.000000e+00   0.000000e+00
            252   3.888000e+06      1.0000000      0.0000000   3.996000e+30   0.000000e+00   3.996000e+30   0.000000e+00   0.000000e+00   0.000000e+00   0.000000e+00   0.000000e+00   0.000000e+00            inf   0.000000e+00  -3.575118e+38   0.000000e+00   0.000000e+00   7.853888e+12   7.463415e+12   7.479894e+12   1.169418e+24   5.994004e+34   0.000000e+00  -4.483451e+47   8.747105e+36   4.931796e+47   0.000000e+00   0.000000e+00   0.000000e+00   0.000000e+00   0.000000e+00   0.000000e+00   0.000000e+00   0.000000e+00   0.000000e+00   0.000000e+00   0.000000e+00   0.000000e+00   0.000000e+00
            258   3.974400e+06      1.0000000      0.0000000   3.996000e+30   0.000000e+00   3.996000e+30   0.000000e+00   0.000000e+00   0.000000e+00   0.000000e+00   0.000000e+00   0.000000e+00            inf   0.000000e+00  -3.576490e+38   0.000000e+00   0.000000e+00   7.853888e+12   7.464711e+12   7.479894e+12   1.196813e+24   5.994004e+34   0.000000e+00  -4.483451e+47   8.952039e+36   4.931796e+47   0.000000e+00   0.000000e+00   0.000000e+00   0.000000e+00   0.000000e+00   0.000000e+00   0.000000e+00   0.000000e+00   0.000000e+00   0.000000e+00   0.000000e+00   0.000000e+00   0.000000e+00
            263   4.060800e+06      1.0000000      0.0000000   3.996000e+30   0.000000e+00   3.996000e+30   0.000000e+00   0.000000e+00   0.000000e+00   0.000000e+00   0.000000e+00   0.000000e+00            inf   0.000000e+00  -3.577391e+38   0.000000e+00   0.000000e+00   7.853888e+12   7.466007e+12   7.479894e+12   1.224266e+24   5.994004e+34   0.000000e+00  -4.483451e+47   9.157400e+36   4.931796e+47   0.000000e+00   0.000000e+00   0.000000e+00   0.000000e+00   0.000000e+00   0.000000e+00   0.000000e+00   0.000000e+00   0.000000e+00   0.000000e+00   0.000000e+00   0.000000e+00   0.000000e+00
            269   4.147200e+06      1.0000000      0.0000000   3.996000e+30   0.000000e+00   3.996000e+30   0.000000e+00   0.000000e+00   0.000000e+00   0.000000e+00   0.000000e+00   0.000000e+00            inf   0.000000e+00  -3.578717e+38   0.000000e+00   0.000000e+00   7.853888e+12   7.467303e+12   7.479894e+12   1.251785e+24   5.994004e+34   0.000000e+00  -4.483451e+47   9.363194e+36   4.931796e+47   0.000000e+00   0.000000e+00   0.000000e+00   0.000000e+00   0.000000e+00   0.000000e+00   0.000000e+00   0.000000e+00   0.000000e+00   0.000000e+00   0.000000e+00   0.000000e+00   0.000000e+00
            274   4.233600e+06      1.0000000      0.0000000   3.996000e+30   0.000000e+00   3.996000e+30   0.000000e+00   0.000000e+00   0.000000e+00   0.000000e+00   0.000000e+00   0.000000e+00            inf   0.000000e+00  -3.580014e+38   0.000000e+00   0.000000e+00   7.853888e+12   7.468599e+12   7.479894e+12   1.279361e+24   5.994004e+34   0.000000e+00  -4.483451e+47   9.569468e+36   4.931796e+47   0.000000e+00   0.000000e+00   0.000000e+00   0.000000e+00   0.000000e+00   0.000000e+00   0.000000e+00   0.000000e+00   0.000000e+00   0.000000e+00   0.000000e+00   0.000000e+00   0.000000e+00
            280   4.320000e+06      1.0000000      0.0000000   3.996000e+30   0.000000e+00   3.996000e+30   0.000000e+00   0.000000e+00   0.000000e+00   0.000000e+00   0.000000e+00   0.000000e+00            inf   0.000000e+00  -3.581281e+38   0.000000e+00   0.000000e+00   7.853888e+12   7.469895e+12   7.479894e+12   1.306998e+24   5.994005e+34   0.000000e+00  -4.483452e+47   9.776200e+36   4.931797e+47   0.000000e+00   0.000000e+00   0.000000e+00   0.000000e+00   0.000000e+00   0.000000e+00   0.000000e+00   0.000000e+00   0.000000e+00   0.000000e+00   0.000000e+00   0.000000e+00   0.000000e+00
            286   4.406400e+06      1.0000000      0.0000000   3.996000e+30   0.000000e+00   3.996000e+30   0.000000e+00   0.000000e+00   0.000000e+00   0.000000e+00   0.000000e+00   0.000000e+00            inf   0.000000e+00  -3.582515e+38   0.000000e+00   0.000000e+00   7.853888e+12   7.471191e+12   7.479894e+12   1.334695e+24   5.994005e+34   0.000000e+00  -4.483452e+47   9.983348e+36   4.931797e+47   0.000000e+00   0.000000e+00   0.000000e+00   0.000000e+00   0.000000e+00   0.000000e+00   0.000000e+00   0.000000e+00   0.000000e+00   0.000000e+00   0.000000e+00   0.000000e+00   0.000000e+00
            291   4.492800e+06      1.0000000      0.0000000   3.996000e+30   0.000000e+00   3.996000e+30   0.000000e+00   0.000000e+00   0.000000e+00   0.000000e+00   0.000000e+00   0.000000e+00            inf   0.000000e+00  -3.583323e+38   0.000000e+00   0.000000e+00   7.853888e+12   7.472487e+12   7.479894e+12   1.362449e+24   5.994005e+34   0.000000e+00  -4.483452e+47   1.019096e+37   4.931797e+47   0.000000e+00   0.000000e+00   0.000000e+00   0.000000e+00   0.000000e+00   0.000000e+00   0.000000e+00   0.000000e+00   0.000000e+00   0.000000e+00   0.000000e+00   0.000000e+00   0.000000e+00
            297   4.579200e+06      1.0000000      0.0000000   3.996000e+30   0.000000e+00   3.996000e+30   0.000000e+00   0.000000e+00   0.000000e+00   0.000000e+00   0.000000e+00   0.000000e+00            inf   0.000000e+00  -3.584514e+38   0.000000e+00   0.000000e+00   7.853888e+12   7.473783e+12   7.479894e+12   1.390264e+24   5.994005e+34   0.000000e+00  -4.483452e+47   1.039903e+37   4.931797e+47   0.000000e+00   0.000000e+00   0.000000e+00   0.000000e+00   0.000000e+00   0.000000e+00   0.000000e+00   0.000000e+00   0.000000e+00   0.000000e+00   0.000000e+00   0.000000e+00   0.000000e+00
            302   4.665600e+06      1.0000000      0.0000000   3.996000e+30   0.000000e+00   3.996000e+30   0.000000e+00   0.000000e+00   0.000000e+00   0.000000e+00   0.000000e+00   0.000000e+00            inf   0.000000e+00  -3.585671e+38   0.000000e+00   0.000000e+00   7.853888e+12   7.475079e+12   7.479894e+12   1.418140e+24   5.994004e+34   0.000000e+00  -4.483451e+47   1.060753e+37   4.931797e+47   0.000000e+00   0.000000e+00   0.000000e+00   0.000000e+00   0.000000e+00   0.000000e+00   0.000000e+00   0.000000e+00   0.000000e+00   0.000000e+00   0.000000e+00   0.000000e+00   0.000000e+00
            308   4.752000e+06      1.0000000      0.0000000   3.996000e+30   0.000000e+00   3.996000e+30   0.000000e+00   0.000000e+00   0.000000e+00   0.000000e+00   0.000000e+00   0.000000e+00            inf   0.000000e+00  -3.586798e+38   0.000000e+00   0.000000e+00   7.853888e+12   7.476375e+12   7.479894e+12   1.446079e+24   5.994004e+34   0.000000e+00  -4.483451e+47   1.081653e+37   4.931796e+47   0.000000e+00   0.000000e+00   0.000000e+00   0.000000e+00   0.000000e+00   0.000000e+00   0.000000e+00   0.000000e+00   0.000000e+00   0.000000e+00   0.000000e+00   0.000000e+00   0.000000e+00
            314   4.838400e+06      1.0000000      0.0000000   3.996000e+30   0.000000e+00   3.996000e+30   0.000000e+00   0.000000e+00   0.000000e+00   0.000000e+00   0.000000e+00   0.000000e+00            inf   0.000000e+00  -3.587896e+38   0.000000e+00   0.000000e+00   7.853888e+12   7.477671e+12   7.479894e+12   1.474075e+24   5.994005e+34   0.000000e+00  -4.483452e+47   1.102593e+37   4.931797e+47   0.000000e+00   0.000000e+00   0.000000e+00   0.000000e+00   0.000000e+00   0.000000e+00   0.000000e+00   0.000000e+00   0.000000e+00   0.000000e+00   0.000000e+00   0.000000e+00   0.000000e+00
            319   4.924800e+06      1.0000000      0.0000000   3.996000e+30   0.000000e+00   3.996000e+30   0.000000e+00   0.000000e+00   0.000000e+00   0.000000e+00   0.000000e+00   0.000000e+00            inf   0.000000e+00  -3.588609e+38   0.000000e+00   0.000000e+00   7.853888e+12   7.478967e+12   7.479894e+12   1.502130e+24   5.994004e+34   0.000000e+00  -4.483451e+47   1.123578e+37   4.931797e+47   0.000000e+00   0.000000e+00   0.000000e+00   0.000000e+00   0.000000e+00   0.000000e+00   0.000000e+00   0.000000e+00   0.000000e+00   0.000000e+00   0.000000e+00   0.000000e+00   0.000000e+00
            325   5.011200e+06      1.0000000      0.0000000   3.996000e+30   0.000000e+00   3.996000e+30   0.000000e+00   0.000000e+00   0.000000e+00   0.000000e+00   0.000000e+00   0.000000e+00            inf   0.000000e+00  -3.589659e+38   0.000000e+00   0.000000e+00   7.853888e+12   7.480263e+12   7.479894e+12   1.530248e+24   5.994005e+34   0.000000e+00  -4.483452e+47   1.144610e+37   4.931797e+47   0.000000e+00   0.000000e+00   0.000000e+00   0.000000e+00   0.000000e+00   0.000000e+00   0.000000e+00   0.000000e+00   0.000000e+00   0.000000e+00   0.000000e+00   0.000000e+00   0.000000e+00
            331   5.097600e+06      1.0000000      0.0000000   3.996000e+30   0.000000e+00   3.996000e+30   0.000000e+00   0.000000e+00   0.000000e+00   0.000000e+00   0.000000e+00   0.000000e+00            inf   0.000000e+00  -3.590674e+38   0.000000e+00   0.000000e+00   7.853888e+12   7.481559e+12   7.479894e+12   1.558425e+24   5.994004e+34   0.000000e+00  -4.483452e+47   1.165686e+37   4.931797e+47   0.000000e+00   0.000000e+00   0.000000e+00   0.000000e+00   0.000000e+00   0.000000e+00   0.000000e+00   0.000000e+00   0.000000e+00   0.000000e+00   0.000000e+00   0.000000e+00   0.000000e+00
            336   5.184000e+06      1.0000000      0.0000000   3.996000e+30   0.000000e+00   3.996000e+30   0.000000e+00   0.000000e+00   0.000000e+00   0.000000e+00   0.000000e+00   0.000000e+00            inf   0.000000e+00  -3.591663e+38   0.000000e+00   0.000000e+00   7.853888e+12   7.482855e+12   7.479894e+12   1.586662e+24   5.994004e+34   0.000000e+00  -4.483451e+47   1.186805e+37   4.931796e+47   0.000000e+00   0.000000e+00   0.000000e+00   0.000000e+00   0.000000e+00   0.000000e+00   0.000000e+00   0.000000e+00   0.000000e+00   0.000000e+00   0.000000e+00   0.000000e+00   0.000000e+00
            342   5.270400e+06      1.0000000      0.0000000   3.996000e+30   0.000000e+00   3.996000e+30   0.000000e+00   0.000000e+00   0.000000e+00   0.000000e+00   0.000000e+00   0.000000e+00            inf   0.000000e+00  -3.592617e+38   0.000000e+00   0.000000e+00   7.853888e+12   7.484151e+12   7.479894e+12   1.614960e+24   5.994004e+34   0.000000e+00  -4.483451e+47   1.207972e+37   4.931796e+47   0.000000e+00   0.000000e+00   0.000000e+00   0.000000e+00   0.000000e+00   0.000000e+00   0.000000e+00   0.000000e+00   0.000000e+00   0.000000e+00   0.000000e+00   0.000000e+00   0.000000e+00
            347   5.356800e+06      1.0000000      0.0000000   3.996000e+30   0.000000e+00   3.996000e+30   0.000000e+00   0.000000e+00   0.000000e+00   0.000000e+00   0.000000e+00   0.000000e+00            inf   0.000000e+00  -3.593238e+38   0.000000e+00   0.000000e+00   7.853888e+12   7.485447e+12   7.479894e+12   1.643314e+24   5.994004e+34   0.000000e+00  -4.483451e+47   1.229182e+37   4.931796e+47   0.000000e+00   0.000000e+00   0.000000e+00   0.000000e+00   0.000000e+00   0.000000e+00   0.000000e+00   0.000000e+00   0.000000e+00   0.000000e+00   0.000000e+00   0.000000e+00   0.000000e+00
            353   5.443200e+06      1.0000000      0.0000000   3.996000e+30   0.000000e+00   3.996000e+30   0.000000e+00   0.000000e+00   0.000000e+00   0.000000e+00   0.000000e+00   0.000000e+00            inf   0.000000e+00  -3.594143e+38   0.000000e+00   0.000000e+00   7.853888e+12   7.486743e+12   7.479894e+12   1.671735e+24   5.994004e+34   0.000000e+00  -4.483451e+47   1.250439e+37   4.931796e+47   0.000000e+00   0.000000e+00   0.000000e+00   0.000000e+00   0.000000e+00   0.000000e+00   0.000000e+00   0.000000e+00   0.000000e+00   0.000000e+00   0.000000e+00   0.000000e+00   0.000000e+00
            359   5.529600e+06      1.0000000      0.0000000   3.996000e+30   0.000000e+00   3.996000e+30   0.000000e+00   0.000000e+00   0.000000e+00   0.000000e+00   0.000000e+00   0.000000e+00            inf   0.000000e+00  -3.595019e+38   0.000000e+00   0.000000e+00   7.853888e+12   7.488039e+12   7.479894e+12   1.700212e+24   5.994004e+34   0.000000e+00  -4.483451e+47   1.271741e+37   4.931796e+47   0.000000e+00   0.000000e+00   0.000000e+00   0.000000e+00   0.000000e+00   0.000000e+00   0.000000e+00   0.000000e+00   0.000000e+00   0.000000e+00   0.000000e+00   0.000000e+00   0.000000e+00
            364   5.616000e+06      1.0000000      0.0000000   3.996000e+30   0.000000e+00   3.996000e+30   0.000000e+00   0.000000e+00   0.000000e+00   0.000000e+00   0.000000e+00   0.000000e+00            inf   0.000000e+00  -3.595861e+38   0.000000e+00   0.000000e+00   7.853888e+12   7.489335e+12   7.479894e+12   1.728752e+24   5.994004e+34   0.000000e+00  -4.483451e+47   1.293086e+37   4.931796e+47   0.000000e+00   0.000000e+00   0.000000e+00   0.000000e+00   0.000000e+00   0.000000e+00   0.000000e+00   0.000000e+00   0.000000e+00   0.000000e+00   0.000000e+00   0.000000e+00   0.000000e+00
            370   5.702400e+06      1.0000000      0.0000000   3.996000e+30   0.000000e+00   3.996000e+30   0.000000e+00   0.000000e+00   0.000000e+00   0.000000e+00   0.000000e+00   0.000000e+00            inf   0.000000e+00  -3.596675e+38   0.000000e+00   0.000000e+00   7.853888e+12   7.490631e+12   7.479894e+12   1.757349e+24   5.994004e+34   0.000000e+00  -4.483451e+47   1.314478e+37   4.931796e+47   0.000000e+00   0.000000e+00   0.000000e+00   0.000000e+00   0.000000e+00   0.000000e+00   0.000000e+00   0.000000e+00   0.000000e+00   0.000000e+00   0.000000e+00   0.000000e+00   0.000000e+00
            375   5.788800e+06      1.0000000      0.0000000   3.996000e+30   0.000000e+00   3.996000e+30   0.000000e+00   0.000000e+00   0.000000e+00   0.000000e+00   0.000000e+00   0.000000e+00            inf   0.000000e+00  -3.597201e+38   0.000000e+00   0.000000e+00   7.853888e+12   7.491927e+12   7.479894e+12   1.786005e+24   5.994004e+34   0.000000e+00  -4.483451e+47   1.335915e+37   4.931797e+47   0.000000e+00   0.000000e+00   0.000000e+00   0.000000e+00   0.000000e+00   0.000000e+00   0.000000e+00   0.000000e+00   0.000000e+00   0.000000e+00   0.000000e+00   0.000000e+00   0.000000e+00
            381   5.875200e+06      1.0000000      0.0000000   3.996000e+30   0.000000e+00   3.996000e+30   0.000000e+00   0.000000e+00   0.000000e+00   0.000000e+00   0.000000e+00   0.000000e+00            inf   0.000000e+00  -3.597961e+38   0.000000e+00   0.000000e+00   7.853888e+12   7.493223e+12   7.479894e+12   1.814725e+24   5.994004e+34   0.000000e+00  -4.483451e+47   1.357398e+37   4.931796e+47   0.000000e+00   0.000000e+00   0.000000e+00   0.000000e+00   0.000000e+00   0.000000e+00   0.000000e+00   0.000000e+00   0.000000e+00   0.000000e+00   0.000000e+00   0.000000e+00   0.000000e+00
            387   5.961600e+06      1.0000000      0.0000000   3.996000e+30   0.000000e+00   3.996000e+30   0.000000e+00   0.000000e+00   0.000000e+00   0.000000e+00   0.000000e+00   0.000000e+00            inf   0.000000e+00  -3.598695e+38   0.000000e+00   0.000000e+00   7.853888e+12   7.494519e+12   7.479894e+12   1.843502e+24   5.994004e+34   0.000000e+00  -4.483451e+47   1.378924e+37   4.931796e+47   0.000000e+00   0.000000e+00   0.000000e+00   0.000000e+00   0.000000e+00   0.000000e+00   0.000000e+00   0.000000e+00   0.000000e+00   0.000000e+00   0.000000e+00   0.000000e+00   0.000000e+00
            392   6.048000e+06      1.0000000      0.0000000   3.996000e+30   0.000000e+00   3.996000e+30   0.000000e+00   0.000000e+00   0.000000e+00   0.000000e+00   0.000000e+00   0.000000e+00            inf   0.000000e+00  -3.599393e+38   0.000000e+00   0.000000e+00   7.853888e+12   7.495815e+12   7.479894e+12   1.872347e+24   5.994004e+34   0.000000e+00  -4.483451e+47   1.400496e+37   4.931796e+47   0.000000e+00   0.000000e+00   0.000000e+00   0.000000e+00   0.000000e+00   0.000000e+00   0.000000e+00   0.000000e+00   0.000000e+00   0.000000e+00   0.000000e+00   0.000000e+00   0.000000e+00
            398   6.134400e+06      1.0000000      0.0000000   3.996000e+30   0.000000e+00   3.996000e+30   0.000000e+00   0.000000e+00   0.000000e+00   0.000000e+00   0.000000e+00   0.000000e+00            inf   0.000000e+00  -3.600063e+38   0.000000e+00   0.000000e+00   7.853888e+12   7.497111e+12   7.479894e+12   1.901252e+24   5.994004e+34   0.000000e+00  -4.483451e+47   1.422113e+37   4.931796e+47   0.000000e+00   0.000000e+00   0.000000e+00   0.000000e+00   0.000000e+00   0.000000e+00   0.000000e+00   0.000000e+00   0.000000e+00   0.000000e+00   0.000000e+00   0.000000e+00   0.000000e+00
            403   6.220800e+06      1.0000000      0.0000000   3.996000e+30   0.000000e+00   3.996000e+30   0.000000e+00   0.000000e+00   0.000000e+00   0.000000e+00   0.000000e+00   0.000000e+00            inf   0.000000e+00  -3.600494e+38   0.000000e+00   0.000000e+00   7.853888e+12   7.498407e+12   7.479894e+12   1.930208e+24   5.994003e+34   0.000000e+00  -4.483451e+47   1.443776e+37   4.931796e+47   0.000000e+00   0.000000e+00   0.000000e+00   0.000000e+00   0.000000e+00   0.000000e+00   0.000000e+00   0.000000e+00   0.000000e+00   0.000000e+00   0.000000e+00   0.000000e+00   0.000000e+00
            409   6.307200e+06      1.0000000      0.0000000   3.996000e+30   0.000000e+00   3.996000e+30   0.000000e+00   0.000000e+00   0.000000e+00   0.000000e+00   0.000000e+00   0.000000e+00            inf   0.000000e+00  -3.601108e+38   0.000000e+00   0.000000e+00   7.853888e+12   7.499703e+12   7.479894e+12   1.959233e+24   5.994003e+34   0.000000e+00  -4.483451e+47   1.465485e+37   4.931796e+47   0.000000e+00   0.000000e+00   0.000000e+00   0.000000e+00   0.000000e+00   0.000000e+00   0.000000e+00   0.000000e+00   0.000000e+00   0.000000e+00   0.000000e+00   0.000000e+00   0.000000e+00
            415   6.393600e+06      1.0000000      0.0000000   3.996000e+30   0.000000e+00   3.996000e+30   0.000000e+00   0.000000e+00   0.000000e+00   0.000000e+00   0.000000e+00   0.000000e+00            inf   0.000000e+00  -3.601692e+38   0.000000e+00   0.000000e+00   7.853888e+12   7.500999e+12   7.479894e+12   1.988315e+24   5.994003e+34   0.000000e+00  -4.483451e+47   1.487238e+37   4.931796e+47   0.000000e+00   0.000000e+00   0.000000e+00   0.000000e+00   0.000000e+00   0.000000e+00   0.000000e+00   0.000000e+00   0.000000e+00   0.000000e+00   0.000000e+00   0.000000e+00   0.000000e+00
            420   6.480000e+06      1.0000000      0.0000000   3.996000e+30   0.000000e+00   3.996000e+30   0.000000e+00   0.000000e+00   0.000000e+00   0.000000e+00   0.000000e+00   0.000000e+00            inf   0.000000e+00  -3.602248e+38   0.000000e+00   0.000000e+00   7.853888e+12   7.502295e+12   7.479894e+12   2.017460e+24   5.994003e+34   0.000000e+00  -4.483451e+47   1.509037e+37   4.931796e+47   0.000000e+00   0.000000e+00   0.000000e+00   0.000000e+00   0.000000e+00   0.000000e+00   0.000000e+00   0.000000e+00   0.000000e+00   0.000000e+00   0.000000e+00   0.000000e+00   0.000000e+00
            427   6.566400e+06      1.0000000      0.0000000   3.996000e+30   0.000000e+00   3.996000e+30   0.000000e+00   0.000000e+00   0.000000e+00   0.000000e+00   0.000000e+00   0.000000e+00            inf   0.000000e+00  -3.602772e+38   0.000000e+00   0.000000e+00   7.853888e+12   7.503591e+12   7.479894e+12   2.046662e+24   5.994003e+34   0.000000e+00  -4.483450e+47   1.530877e+37   4.931795e+47   0.000000e+00   0.000000e+00   0.000000e+00   0.000000e+00   0.000000e+00   0.000000e+00   0.000000e+00   0.000000e+00   0.000000e+00   0.000000e+00   0.000000e+00   0.000000e+00   0.000000e+00
            439   6.652800e+06      1.0000000      0.0000000   3.996000e+30   0.000000e+00   3.996000e+30   0.000000e+00   0.000000e+00   0.000000e+00   0.000000e+00   0.000000e+00   0.000000e+00            inf   0.000000e+00  -3.603265e+38   0.000000e+00   0.000000e+00   7.853888e+12   7.504887e+12   7.479894e+12   2.075930e+24   5.994003e+34   0.000000e+00  -4.483451e+47   1.552769e+37   4.931796e+47   0.000000e+00   0.000000e+00   0.000000e+00   0.000000e+00   0.000000e+00   0.000000e+00   0.000000e+00   0.000000e+00   0.000000e+00   0.000000e+00   0.000000e+00   0.000000e+00   0.000000e+00
            450   6.739200e+06      1.0000000      0.0000000   3.996000e+30   0.000000e+00   3.996000e+30   0.000000e+00   0.000000e+00   0.000000e+00   0.000000e+00   0.000000e+00   0.000000e+00            inf   0.000000e+00  -3.603575e+38   0.000000e+00   0.000000e+00   7.853888e+12   7.506183e+12   7.479894e+12   2.105252e+24   5.994003e+34   0.000000e+00  -4.483451e+47   1.574704e+37   4.931796e+47   0.000000e+00   0.000000e+00   0.000000e+00   0.000000e+00   0.000000e+00   0.000000e+00   0.000000e+00   0.000000e+00   0.000000e+00   0.000000e+00   0.000000e+00   0.000000e+00   0.000000e+00
            461   6.825600e+06      1.0000000      0.0000000   3.996000e+30   0.000000e+00   3.996000e+30   0.000000e+00   0.000000e+00   0.000000e+00   0.000000e+00   0.000000e+00   0.000000e+00            inf   0.000000e+00  -3.604013e+38   0.000000e+00   0.000000e+00   7.853888e+12   7.507479e+12   7.479894e+12   2.134644e+24   5.994003e+34   0.000000e+00  -4.483450e+47   1.596689e+37   4.931796e+47   0.000000e+00   0.000000e+00   0.000000e+00   0.000000e+00   0.000000e+00   0.000000e+00   0.000000e+00   0.000000e+00   0.000000e+00   0.000000e+00   0.000000e+00   0.000000e+00   0.000000e+00
            472   6.912000e+06      1.0000000      0.0000000   3.996000e+30   0.000000e+00   3.996000e+30   0.000000e+00   0.000000e+00   0.000000e+00   0.000000e+00   0.000000e+00   0.000000e+00            inf   0.000000e+00  -3.604421e+38   0.000000e+00   0.000000e+00   7.853888e+12   7.508775e+12   7.479894e+12   2.164089e+24   5.994003e+34   0.000000e+00  -4.483451e+47   1.618720e+37   4.931796e+47   0.000000e+00   0.000000e+00   0.000000e+00   0.000000e+00   0.000000e+00   0.000000e+00   0.000000e+00   0.000000e+00   0.000000e+00   0.000000e+00   0.000000e+00   0.000000e+00   0.000000e+00
            483   6.998400e+06      1.0000000      0.0000000   3.996000e+30   0.000000e+00   3.996000e+30   0.000000e+00   0.000000e+00   0.000000e+00   0.000000e+00   0.000000e+00   0.000000e+00            inf   0.000000e+00  -3.604799e+38   0.000000e+00   0.000000e+00   7.853888e+12   7.510071e+12   7.479894e+12   2.193597e+24   5.994003e+34   0.000000e+00  -4.483450e+47   1.640789e+37   4.931795e+47   0.000000e+00   0.000000e+00   0.000000e+00   0.000000e+00   0.000000e+00   0.000000e+00   0.000000e+00   0.000000e+00   0.000000e+00   0.000000e+00   0.000000e+00   0.000000e+00   0.000000e+00
            495   7.084800e+06      1.0000000      0.0000000   3.996000e+30   0.000000e+00   3.996000e+30   0.000000e+00   0.000000e+00   0.000000e+00   0.000000e+00   0.000000e+00   0.000000e+00            inf   0.000000e+00  -3.605142e+38   0.000000e+00   0.000000e+00   7.853888e+12   7.511367e+12   7.479894e+12   2.223176e+24   5.994003e+34   0.000000e+00  -4.483450e+47   1.662906e+37   4.931795e+47   0.000000e+00   0.000000e+00   0.000000e+00   0.000000e+00   0.000000e+00   0.000000e+00   0.000000e+00   0.000000e+00   0.000000e+00   0.000000e+00   0.000000e+00   0.000000e+00   0.000000e+00
            506   7.171200e+06      1.0000000      0.0000000   3.996000e+30   0.000000e+00   3.996000e+30   0.000000e+00   0.000000e+00   0.000000e+00   0.000000e+00   0.000000e+00   0.000000e+00            inf   0.000000e+00  -3.605353e+38   0.000000e+00   0.000000e+00   7.853888e+12   7.512663e+12   7.479894e+12   2.252794e+24   5.994003e+34   0.000000e+00  -4.483450e+47   1.685068e+37   4.931795e+47   0.000000e+00   0.000000e+00   0.000000e+00   0.000000e+00   0.000000e+00   0.000000e+00   0.000000e+00   0.000000e+00   0.000000e+00   0.000000e+00   0.000000e+00   0.000000e+00   0.000000e+00
            517   7.257600e+06      1.0000000      0.0000000   3.996000e+30   0.000000e+00   3.996000e+30   0.000000e+00   0.000000e+00   0.000000e+00   0.000000e+00   0.000000e+00   0.000000e+00            inf   0.000000e+00  -3.605647e+38   0.000000e+00   0.000000e+00   7.853888e+12   7.513959e+12   7.479894e+12   2.282492e+24   5.994004e+34   0.000000e+00  -4.483451e+47   1.707276e+37   4.931796e+47   0.000000e+00   0.000000e+00   0.000000e+00   0.000000e+00   0.000000e+00   0.000000e+00   0.000000e+00   0.000000e+00   0.000000e+00   0.000000e+00   0.000000e+00   0.000000e+00   0.000000e+00
            528   7.344000e+06      1.0000000      0.0000000   3.996000e+30   0.000000e+00   3.996000e+30   0.000000e+00   0.000000e+00   0.000000e+00   0.000000e+00   0.000000e+00   0.000000e+00            inf   0.000000e+00  -3.605908e+38   0.000000e+00   0.000000e+00   7.853888e+12   7.515255e+12   7.479894e+12   2.312246e+24   5.994003e+34   0.000000e+00  -4.483451e+47   1.729536e+37   4.931796e+47   0.000000e+00   0.000000e+00   0.000000e+00   0.000000e+00   0.000000e+00   0.000000e+00   0.000000e+00   0.000000e+00   0.000000e+00   0.000000e+00   0.000000e+00   0.000000e+00   0.000000e+00
            540   7.430400e+06      1.0000000      0.0000000   3.996000e+30   0.000000e+00   3.996000e+30   0.000000e+00   0.000000e+00   0.000000e+00   0.000000e+00   0.000000e+00   0.000000e+00            inf   0.000000e+00  -3.606139e+38   0.000000e+00   0.000000e+00   7.853888e+12   7.516551e+12   7.479894e+12   2.342065e+24   5.994003e+34   0.000000e+00  -4.483451e+47   1.751837e+37   4.931796e+47   0.000000e+00   0.000000e+00   0.000000e+00   0.000000e+00   0.000000e+00   0.000000e+00   0.000000e+00   0.000000e+00   0.000000e+00   0.000000e+00   0.000000e+00   0.000000e+00   0.000000e+00
            551   7.516800e+06      1.0000000      0.0000000   3.996000e+30   0.000000e+00   3.996000e+30   0.000000e+00   0.000000e+00   0.000000e+00   0.000000e+00   0.000000e+00   0.000000e+00            inf   0.000000e+00  -3.606335e+38   0.000000e+00   0.000000e+00   7.853888e+12   7.517847e+12   7.479894e+12   2.371943e+24   5.994003e+34   0.000000e+00  -4.483451e+47   1.774184e+37   4.931796e+47   0.000000e+00   0.000000e+00   0.000000e+00   0.000000e+00   0.000000e+00   0.000000e+00   0.000000e+00   0.000000e+00   0.000000e+00   0.000000e+00   0.000000e+00   0.000000e+00   0.000000e+00
            562   7.603200e+06      1.0000000      0.0000000   3.996000e+30   0.000000e+00   3.996000e+30   0.000000e+00   0.000000e+00   0.000000e+00   0.000000e+00   0.000000e+00   0.000000e+00            inf   0.000000e+00  -3.606448e+38   0.000000e+00   0.000000e+00   7.853888e+12   7.519143e+12   7.479894e+12   2.401879e+24   5.994003e+34   0.000000e+00  -4.483450e+47   1.796579e+37   4.931796e+47   0.000000e+00   0.000000e+00   0.000000e+00   0.000000e+00   0.000000e+00   0.000000e+00   0.000000e+00   0.000000e+00   0.000000e+00   0.000000e+00   0.000000e+00   0.000000e+00   0.000000e+00
            573   7.689600e+06      1.0000000      0.0000000   3.996000e+30   0.000000e+00   3.996000e+30   0.000000e+00   0.000000e+00   0.000000e+00   0.000000e+00   0.000000e+00   0.000000e+00            inf   0.000000e+00  -3.606594e+38   0.000000e+00   0.000000e+00   7.853888e+12   7.520439e+12   7.479894e+12   2.431876e+24   5.994003e+34   0.000000e+00  -4.483451e+47   1.819021e+37   4.931796e+47   0.000000e+00   0.000000e+00   0.000000e+00   0.000000e+00   0.000000e+00   0.000000e+00   0.000000e+00   0.000000e+00   0.000000e+00   0.000000e+00   0.000000e+00   0.000000e+00   0.000000e+00
            584   7.776000e+06      1.0000000      0.0000000   3.996000e+30   0.000000e+00   3.996000e+30   0.000000e+00   0.000000e+00   0.000000e+00   0.000000e+00   0.000000e+00   0.000000e+00            inf   0.000000e+00  -3.606708e+38   0.000000e+00   0.000000e+00   7.853888e+12   7.521735e+12   7.479894e+12   2.461941e+24   5.994003e+34   0.000000e+00  -4.483450e+47   1.841503e+37   4.931795e+47   0.000000e+00   0.000000e+00   0.000000e+00   0.000000e+00   0.000000e+00   0.000000e+00   0.000000e+00   0.000000e+00   0.000000e+00   0.000000e+00   0.000000e+00   0.000000e+00   0.000000e+00
            596   7.862400e+06      1.0000000      0.0000000   3.996000e+30   0.000000e+00   3.996000e+30   0.000000e+00   0.000000e+00   0.000000e+00   0.000000e+00   0.000000e+00   0.000000e+00            inf   0.000000e+00  -3.606788e+38   0.000000e+00   0.000000e+00   7.853888e+12   7.523031e+12   7.479894e+12   2.492068e+24   5.994003e+34   0.000000e+00  -4.483450e+47   1.864034e+37   4.931795e+47   0.000000e+00   0.000000e+00   0.000000e+00   0.000000e+00   0.000000e+00   0.000000e+00   0.000000e+00   0.000000e+00   0.000000e+00   0.000000e+00   0.000000e+00   0.000000e+00   0.000000e+00
            607   7.948800e+06      1.0000000      0.0000000   3.996000e+30   0.000000e+00   3.996000e+30   0.000000e+00   0.000000e+00   0.000000e+00   0.000000e+00   0.000000e+00   0.000000e+00            inf   0.000000e+00  -3.606837e+38   0.000000e+00   0.000000e+00   7.853888e+12   7.524327e+12   7.479894e+12   2.522250e+24   5.994003e+34   0.000000e+00  -4.483450e+47   1.886613e+37   4.931795e+47   0.000000e+00   0.000000e+00   0.000000e+00   0.000000e+00   0.000000e+00   0.000000e+00   0.000000e+00   0.000000e+00   0.000000e+00   0.000000e+00   0.000000e+00   0.000000e+00   0.000000e+00
            618   8.035200e+06      1.0000000      0.0000000   3.996000e+30   0.000000e+00   3.996000e+30   0.000000e+00   0.000000e+00   0.000000e+00   0.000000e+00   0.000000e+00   0.000000e+00            inf   0.000000e+00  -3.606853e+38   0.000000e+00   0.000000e+00   7.853888e+12   7.525623e+12   7.479894e+12   2.552501e+24   5.994002e+34   0.000000e+00  -4.483450e+47   1.909244e+37   4.931795e+47   0.000000e+00   0.000000e+00   0.000000e+00   0.000000e+00   0.000000e+00   0.000000e+00   0.000000e+00   0.000000e+00   0.000000e+00   0.000000e+00   0.000000e+00   0.000000e+00   0.000000e+00
            629   8.121600e+06      1.0000000      0.0000000   3.996000e+30   0.000000e+00   3.996000e+30   0.000000e+00   0.000000e+00   0.000000e+00   0.000000e+00   0.000000e+00   0.000000e+00            inf   0.000000e+00  -3.606851e+38   0.000000e+00   0.000000e+00   7.853888e+12   7.526919e+12   7.479894e+12   2.582816e+24   5.994003e+34   0.000000e+00  -4.483450e+47   1.931916e+37   4.931795e+47   0.000000e+00   0.000000e+00   0.000000e+00   0.000000e+00   0.000000e+00   0.000000e+00   0.000000e+00   0.000000e+00   0.000000e+00   0.000000e+00   0.000000e+00   0.000000e+00   0.000000e+00
            641   8.208000e+06      1.0000000      0.0000000   3.996000e+30   0.000000e+00   3.996000e+30   0.000000e+00   0.000000e+00   0.000000e+00   0.000000e+00   0.000000e+00   0.000000e+00            inf   0.000000e+00  -3.606815e+38   0.000000e+00   0.000000e+00   7.853888e+12   7.528215e+12   7.479894e+12   2.613180e+24   5.994003e+34   0.000000e+00  -4.483450e+47   1.954633e+37   4.931795e+47   0.000000e+00   0.000000e+00   0.000000e+00   0.000000e+00   0.000000e+00   0.000000e+00   0.000000e+00   0.000000e+00   0.000000e+00   0.000000e+00   0.000000e+00   0.000000e+00   0.000000e+00
            652   8.294400e+06      1.0000000      0.0000000   3.996000e+30   0.000000e+00   3.996000e+30   0.000000e+00   0.000000e+00   0.000000e+00   0.000000e+00   0.000000e+00   0.000000e+00            inf   0.000000e+00  -3.606748e+38   0.000000e+00   0.000000e+00   7.853888e+12   7.529511e+12   7.479894e+12   2.643622e+24   5.994003e+34   0.000000e+00  -4.483450e+47   1.977399e+37   4.931795e+47   0.000000e+00   0.000000e+00   0.000000e+00   0.000000e+00   0.000000e+00   0.000000e+00   0.000000e+00   0.000000e+00   0.000000e+00   0.000000e+00   0.000000e+00   0.000000e+00   0.000000e+00
            663   8.380800e+06      1.0000000      0.0000000   3.996000e+30   0.000000e+00   3.996000e+30   0.000000e+00   0.000000e+00   0.000000e+00   0.000000e+00   0.000000e+00   0.000000e+00            inf   0.000000e+00  -3.606652e+38   0.000000e+00   0.000000e+00   7.853888e+12   7.530807e+12   7.479894e+12   2.674114e+24   5.994002e+34   0.000000e+00  -4.483450e+47   2.000212e+37   4.931795e+47   0.000000e+00   0.000000e+00   0.000000e+00   0.000000e+00   0.000000e+00   0.000000e+00   0.000000e+00   0.000000e+00   0.000000e+00   0.000000e+00   0.000000e+00   0.000000e+00   0.000000e+00
            674   8.467200e+06      1.0000000      0.0000000   3.996000e+30   0.000000e+00   3.996000e+30   0.000000e+00   0.000000e+00   0.000000e+00   0.000000e+00   0.000000e+00   0.000000e+00            inf   0.000000e+00  -3.606567e+38   0.000000e+00   0.000000e+00   7.853888e+12   7.532103e+12   7.479894e+12   2.704678e+24   5.994003e+34   0.000000e+00  -4.483450e+47   2.023068e+37   4.931795e+47   0.000000e+00   0.000000e+00   0.000000e+00   0.000000e+00   0.000000e+00   0.000000e+00   0.000000e+00   0.000000e+00   0.000000e+00   0.000000e+00   0.000000e+00   0.000000e+00   0.000000e+00
            685   8.553600e+06      1.0000000      0.0000000   3.996000e+30   0.000000e+00   3.996000e+30   0.000000e+00   0.000000e+00   0.000000e+00   0.000000e+00   0.000000e+00   0.000000e+00            inf   0.000000e+00  -3.606416e+38   0.000000e+00   0.000000e+00   7.853888e+12   7.533399e+12   7.479894e+12   2.735303e+24   5.994002e+34   0.000000e+00  -4.483450e+47   2.045979e+37   4.931795e+47   0.000000e+00   0.000000e+00   0.000000e+00   0.000000e+00   0.000000e+00   0.000000e+00   0.000000e+00   0.000000e+00   0.000000e+00   0.000000e+00   0.000000e+00   0.000000e+00   0.000000e+00
            697   8.640000e+06      1.0000000      0.0000000   3.996000e+30   0.000000e+00   3.996000e+30   0.000000e+00   0.000000e+00   0.000000e+00   0.000000e+00   0.000000e+00   0.000000e+00            inf   0.000000e+00  -3.606233e+38   0.000000e+00   0.000000e+00   7.853888e+12   7.534695e+12   7.479894e+12   2.765989e+24   5.994002e+34   0.000000e+00  -4.483450e+47   2.068931e+37   4.931795e+47   0.000000e+00   0.000000e+00   0.000000e+00   0.000000e+00   0.000000e+00   0.000000e+00   0.000000e+00   0.000000e+00   0.000000e+00   0.000000e+00   0.000000e+00   0.000000e+00   0.000000e+00
            708   8.726400e+06      1.0000000      0.0000000   3.996000e+30   0.000000e+00   3.996000e+30   0.000000e+00   0.000000e+00   0.000000e+00   0.000000e+00   0.000000e+00   0.000000e+00            inf   0.000000e+00  -3.606018e+38   0.000000e+00   0.000000e+00   7.853888e+12   7.535991e+12   7.479894e+12   2.796748e+24   5.994002e+34   0.000000e+00  -4.483450e+47   2.091931e+37   4.931795e+47   0.000000e+00   0.000000e+00   0.000000e+00   0.000000e+00   0.000000e+00   0.000000e+00   0.000000e+00   0.000000e+00   0.000000e+00   0.000000e+00   0.000000e+00   0.000000e+00   0.000000e+00
            719   8.812800e+06      1.0000000      0.0000000   3.996000e+30   0.000000e+00   3.996000e+30   0.000000e+00   0.000000e+00   0.000000e+00   0.000000e+00   0.000000e+00   0.000000e+00            inf   0.000000e+00  -3.605772e+38   0.000000e+00   0.000000e+00   7.853888e+12   7.537287e+12   7.479894e+12   2.827555e+24   5.994001e+34   0.000000e+00  -4.483449e+47   2.114982e+37   4.931794e+47   0.000000e+00   0.000000e+00   0.000000e+00   0.000000e+00   0.000000e+00   0.000000e+00   0.000000e+00   0.000000e+00   0.000000e+00   0.000000e+00   0.000000e+00   0.000000e+00   0.000000e+00
            730   8.899200e+06      1.0000000      0.0000000   3.996000e+30   0.000000e+00   3.996000e+30   0.000000e+00   0.000000e+00   0.000000e+00   0.000000e+00   0.000000e+00   0.000000e+00            inf   0.000000e+00  -3.605594e+38   0.000000e+00   0.000000e+00   7.853888e+12   7.538583e+12   7.479894e+12   2.858432e+24   5.994002e+34   0.000000e+00  -4.483450e+47   2.138077e+37   4.931795e+47   0.000000e+00   0.000000e+00   0.000000e+00   0.000000e+00   0.000000e+00   0.000000e+00   0.000000e+00   0.000000e+00   0.000000e+00   0.000000e+00   0.000000e+00   0.000000e+00   0.000000e+00
            742   8.985600e+06      1.0000000      0.0000000   3.996000e+30   0.000000e+00   3.996000e+30   0.000000e+00   0.000000e+00   0.000000e+00   0.000000e+00   0.000000e+00   0.000000e+00            inf   0.000000e+00  -3.605292e+38   0.000000e+00   0.000000e+00   7.853888e+12   7.539879e+12   7.479894e+12   2.889375e+24   5.994002e+34   0.000000e+00  -4.483450e+47   2.161223e+37   4.931795e+47   0.000000e+00   0.000000e+00   0.000000e+00   0.000000e+00   0.000000e+00   0.000000e+00   0.000000e+00   0.000000e+00   0.000000e+00   0.000000e+00   0.000000e+00   0.000000e+00   0.000000e+00
            753   9.072000e+06      1.0000000      0.0000000   3.996000e+30   0.000000e+00   3.996000e+30   0.000000e+00   0.000000e+00   0.000000e+00   0.000000e+00   0.000000e+00   0.000000e+00            inf   0.000000e+00  -3.604965e+38   0.000000e+00   0.000000e+00   7.853888e+12   7.541175e+12   7.479894e+12   2.920380e+24   5.994002e+34   0.000000e+00  -4.483450e+47   2.184417e+37   4.931795e+47   0.000000e+00   0.000000e+00   0.000000e+00   0.000000e+00   0.000000e+00   0.000000e+00   0.000000e+00   0.000000e+00   0.000000e+00   0.000000e+00   0.000000e+00   0.000000e+00   0.000000e+00
            764   9.158400e+06      1.0000000      0.0000000   3.996000e+30   0.000000e+00   3.996000e+30   0.000000e+00   0.000000e+00   0.000000e+00   0.000000e+00   0.000000e+00   0.000000e+00            inf   0.000000e+00  -3.604602e+38   0.000000e+00   0.000000e+00   7.853888e+12   7.542471e+12   7.479894e+12   2.951453e+24   5.994002e+34   0.000000e+00  -4.483450e+47   2.207659e+37   4.931795e+47   0.000000e+00   0.000000e+00   0.000000e+00   0.000000e+00   0.000000e+00   0.000000e+00   0.000000e+00   0.000000e+00   0.000000e+00   0.000000e+00   0.000000e+00   0.000000e+00   0.000000e+00
            775   9.244800e+06      1.0000000      0.0000000   3.996000e+30   0.000000e+00   3.996000e+30   0.000000e+00   0.000000e+00   0.000000e+00   0.000000e+00   0.000000e+00   0.000000e+00            inf   0.000000e+00  -3.604208e+38   0.000000e+00   0.000000e+00   7.853888e+12   7.543767e+12   7.479894e+12   2.982585e+24   5.994002e+34   0.000000e+00  -4.483450e+47   2.230943e+37   4.931795e+47   0.000000e+00   0.000000e+00   0.000000e+00   0.000000e+00   0.000000e+00   0.000000e+00   0.000000e+00   0.000000e+00   0.000000e+00   0.000000e+00   0.000000e+00   0.000000e+00   0.000000e+00
            786   9.331200e+06      1.0000000      0.0000000   3.996000e+30   0.000000e+00   3.996000e+30   0.000000e+00   0.000000e+00   0.000000e+00   0.000000e+00   0.000000e+00   0.000000e+00            inf   0.000000e+00  -3.603929e+38   0.000000e+00   0.000000e+00   7.853888e+12   7.545063e+12   7.479894e+12   3.013781e+24   5.994002e+34   0.000000e+00  -4.483450e+47   2.254280e+37   4.931795e+47   0.000000e+00   0.000000e+00   0.000000e+00   0.000000e+00   0.000000e+00   0.000000e+00   0.000000e+00   0.000000e+00   0.000000e+00   0.000000e+00   0.000000e+00   0.000000e+00   0.000000e+00
            798   9.417600e+06      1.0000000      0.0000000   3.996000e+30   0.000000e+00   3.996000e+30   0.000000e+00   0.000000e+00   0.000000e+00   0.000000e+00   0.000000e+00   0.000000e+00            inf   0.000000e+00  -3.603485e+38   0.000000e+00   0.000000e+00   7.853888e+12   7.546359e+12   7.479894e+12   3.045043e+24   5.994002e+34   0.000000e+00  -4.483449e+47   2.277659e+37   4.931794e+47   0.000000e+00   0.000000e+00   0.000000e+00   0.000000e+00   0.000000e+00   0.000000e+00   0.000000e+00   0.000000e+00   0.000000e+00   0.000000e+00   0.000000e+00   0.000000e+00   0.000000e+00
            809   9.504000e+06      1.0000000      0.0000000   3.996000e+30   0.000000e+00   3.996000e+30   0.000000e+00   0.000000e+00   0.000000e+00   0.000000e+00   0.000000e+00   0.000000e+00            inf   0.000000e+00  -3.603004e+38   0.000000e+00   0.000000e+00   7.853888e+12   7.547655e+12   7.479894e+12   3.076375e+24   5.994002e+34   0.000000e+00  -4.483450e+47   2.301091e+37   4.931795e+47   0.000000e+00   0.000000e+00   0.000000e+00   0.000000e+00   0.000000e+00   0.000000e+00   0.000000e+00   0.000000e+00   0.000000e+00   0.000000e+00   0.000000e+00   0.000000e+00   0.000000e+00
            820   9.590400e+06      1.0000000      0.0000000   3.996000e+30   0.000000e+00   3.996000e+30   0.000000e+00   0.000000e+00   0.000000e+00   0.000000e+00   0.000000e+00   0.000000e+00            inf   0.000000e+00  -3.602499e+38   0.000000e+00   0.000000e+00   7.853888e+12   7.548951e+12   7.479894e+12   3.107758e+24   5.994002e+34   0.000000e+00  -4.483449e+47   2.324577e+37   4.931794e+47   0.000000e+00   0.000000e+00   0.000000e+00   0.000000e+00   0.000000e+00   0.000000e+00   0.000000e+00   0.000000e+00   0.000000e+00   0.000000e+00   0.000000e+00   0.000000e+00   0.000000e+00
            831   9.676800e+06      1.0000000      0.0000000   3.996000e+30   0.000000e+00   3.996000e+30   0.000000e+00   0.000000e+00   0.000000e+00   0.000000e+00   0.000000e+00   0.000000e+00            inf   0.000000e+00  -3.601956e+38   0.000000e+00   0.000000e+00   7.853888e+12   7.550247e+12   7.479894e+12   3.139231e+24   5.994001e+34   0.000000e+00  -4.483449e+47   2.348107e+37   4.931794e+47   0.000000e+00   0.000000e+00   0.000000e+00   0.000000e+00   0.000000e+00   0.000000e+00   0.000000e+00   0.000000e+00   0.000000e+00   0.000000e+00   0.000000e+00   0.000000e+00   0.000000e+00
            843   9.763200e+06      1.0000000      0.0000000   3.996000e+30   0.000000e+00   3.996000e+30   0.000000e+00   0.000000e+00   0.000000e+00   0.000000e+00   0.000000e+00   0.000000e+00            inf   0.000000e+00  -3.601388e+38   0.000000e+00   0.000000e+00   7.853888e+12   7.551543e+12   7.479894e+12   3.170751e+24   5.994001e+34   0.000000e+00  -4.483449e+47   2.371689e+37   4.931794e+47   0.000000e+00   0.000000e+00   0.000000e+00   0.000000e+00   0.000000e+00   0.000000e+00   0.000000e+00   0.000000e+00   0.000000e+00   0.000000e+00   0.000000e+00   0.000000e+00   0.000000e+00
            854   9.849600e+06      1.0000000      0.0000000   3.996000e+30   0.000000e+00   3.996000e+30   0.000000e+00   0.000000e+00   0.000000e+00   0.000000e+00   0.000000e+00   0.000000e+00            inf   0.000000e+00  -3.600988e+38   0.000000e+00   0.000000e+00   7.853888e+12   7.552839e+12   7.479894e+12   3.202338e+24   5.994001e+34   0.000000e+00  -4.483449e+47   2.395316e+37   4.931794e+47   0.000000e+00   0.000000e+00   0.000000e+00   0.000000e+00   0.000000e+00   0.000000e+00   0.000000e+00   0.000000e+00   0.000000e+00   0.000000e+00   0.000000e+00   0.000000e+00   0.000000e+00
            865   9.936000e+06      1.0000000      0.0000000   3.996000e+30   0.000000e+00   3.996000e+30   0.000000e+00   0.000000e+00   0.000000e+00   0.000000e+00   0.000000e+00   0.000000e+00            inf   0.000000e+00  -3.600366e+38   0.000000e+00   0.000000e+00   7.853888e+12   7.554135e+12   7.479894e+12   3.233993e+24   5.994001e+34   0.000000e+00  -4.483449e+47   2.418992e+37   4.931794e+47   0.000000e+00   0.000000e+00   0.000000e+00   0.000000e+00   0.000000e+00   0.000000e+00   0.000000e+00   0.000000e+00   0.000000e+00   0.000000e+00   0.000000e+00   0.000000e+00   0.000000e+00
            876   1.002240e+07      1.0000000      0.0000000   3.996000e+30   0.000000e+00   3.996000e+30   0.000000e+00   0.000000e+00   0.000000e+00   0.000000e+00   0.000000e+00   0.000000e+00            inf   0.000000e+00  -3.599713e+38   0.000000e+00   0.000000e+00   7.853888e+12   7.555431e+12   7.479894e+12   3.265712e+24   5.994001e+34   0.000000e+00  -4.483449e+47   2.442723e+37   4.931794e+47   0.000000e+00   0.000000e+00   0.000000e+00   0.000000e+00   0.000000e+00   0.000000e+00   0.000000e+00   0.000000e+00   0.000000e+00   0.000000e+00   0.000000e+00   0.000000e+00   0.000000e+00
            887   1.010880e+07      1.0000000      0.0000000   3.996000e+30   0.000000e+00   3.996000e+30   0.000000e+00   0.000000e+00   0.000000e+00   0.000000e+00   0.000000e+00   0.000000e+00            inf   0.000000e+00  -3.599024e+38   0.000000e+00   0.000000e+00   7.853888e+12   7.556727e+12   7.479894e+12   3.297505e+24   5.994000e+34   0.000000e+00  -4.483449e+47   2.466495e+37   4.931793e+47   0.000000e+00   0.000000e+00   0.000000e+00   0.000000e+00   0.000000e+00   0.000000e+00   0.000000e+00   0.000000e+00   0.000000e+00   0.000000e+00   0.000000e+00   0.000000e+00   0.000000e+00
            899   1.019520e+07      1.0000000      0.0000000   3.996000e+30   0.000000e+00   3.996000e+30   0.000000e+00   0.000000e+00   0.000000e+00   0.000000e+00   0.000000e+00   0.000000e+00            inf   0.000000e+00  -3.598311e+38   0.000000e+00   0.000000e+00   7.853888e+12   7.558023e+12   7.479894e+12   3.329358e+24   5.994000e+34   0.000000e+00  -4.483449e+47   2.490329e+37   4.931793e+47   0.000000e+00   0.000000e+00   0.000000e+00   0.000000e+00   0.000000e+00   0.000000e+00   0.000000e+00   0.000000e+00   0.000000e+00   0.000000e+00   0.000000e+00   0.000000e+00   0.000000e+00
            910   1.028160e+07      1.0000000      0.0000000   3.996000e+30   0.000000e+00   3.996000e+30   0.000000e+00   0.000000e+00   0.000000e+00   0.000000e+00   0.000000e+00   0.000000e+00            inf   0.000000e+00  -3.597813e+38   0.000000e+00   0.000000e+00   7.853888e+12   7.559319e+12   7.479894e+12   3.361282e+24   5.994001e+34   0.000000e+00  -4.483449e+47   2.514204e+37   4.931793e+47   0.000000e+00   0.000000e+00   0.000000e+00   0.000000e+00   0.000000e+00   0.000000e+00   0.000000e+00   0.000000e+00   0.000000e+00   0.000000e+00   0.000000e+00   0.000000e+00   0.000000e+00
            921   1.036800e+07      1.0000000      0.0000000   3.996000e+30   0.000000e+00   3.996000e+30   0.000000e+00   0.000000e+00   0.000000e+00   0.000000e+00   0.000000e+00   0.000000e+00            inf   0.000000e+00  -3.597046e+38   0.000000e+00   0.000000e+00   7.853888e+12   7.560615e+12   7.479894e+12   3.393269e+24   5.994001e+34   0.000000e+00  -4.483449e+47   2.538135e+37   4.931794e+47   0.000000e+00   0.000000e+00   0.000000e+00   0.000000e+00   0.000000e+00   0.000000e+00   0.000000e+00   0.000000e+00   0.000000e+00   0.000000e+00   0.000000e+00   0.000000e+00   0.000000e+00
            932   1.045440e+07      1.0000000      0.0000000   3.996000e+30   0.000000e+00   3.996000e+30   0.000000e+00   0.000000e+00   0.000000e+00   0.000000e+00   0.000000e+00   0.000000e+00            inf   0.000000e+00  -3.596248e+38   0.000000e+00   0.000000e+00   7.853888e+12   7.561911e+12   7.479894e+12   3.425332e+24   5.994000e+34   0.000000e+00  -4.483448e+47   2.562110e+37   4.931793e+47   0.000000e+00   0.000000e+00   0.000000e+00   0.000000e+00   0.000000e+00   0.000000e+00   0.000000e+00   0.000000e+00   0.000000e+00   0.000000e+00   0.000000e+00   0.000000e+00   0.000000e+00
            944   1.054080e+07      1.0000000      0.0000000   3.996000e+30   0.000000e+00   3.996000e+30   0.000000e+00   0.000000e+00   0.000000e+00   0.000000e+00   0.000000e+00   0.000000e+00            inf   0.000000e+00  -3.595418e+38   0.000000e+00   0.000000e+00   7.853888e+12   7.563207e+12   7.479894e+12   3.457458e+24   5.994000e+34   0.000000e+00  -4.483448e+47   2.586145e+37   4.931793e+47   0.000000e+00   0.000000e+00   0.000000e+00   0.000000e+00   0.000000e+00   0.000000e+00   0.000000e+00   0.000000e+00   0.000000e+00   0.000000e+00   0.000000e+00   0.000000e+00   0.000000e+00
            955   1.062720e+07      1.0000000      0.0000000   3.996000e+30   0.000000e+00   3.996000e+30   0.000000e+00   0.000000e+00   0.000000e+00   0.000000e+00   0.000000e+00   0.000000e+00            inf   0.000000e+00  -3.594557e+38   0.000000e+00   0.000000e+00   7.853888e+12   7.564503e+12   7.479894e+12   3.489653e+24   5.994001e+34   0.000000e+00  -4.483449e+47   2.610220e+37   4.931794e+47   0.000000e+00   0.000000e+00   0.000000e+00   0.000000e+00   0.000000e+00   0.000000e+00   0.000000e+00   0.000000e+00   0.000000e+00   0.000000e+00   0.000000e+00   0.000000e+00   0.000000e+00
            966   1.071360e+07      1.0000000      0.0000000   3.996000e+30   0.000000e+00   3.996000e+30   0.000000e+00   0.000000e+00   0.000000e+00   0.000000e+00   0.000000e+00   0.000000e+00            inf   0.000000e+00  -3.593967e+38   0.000000e+00   0.000000e+00   7.853888e+12   7.565799e+12   7.479894e+12   3.521909e+24   5.994000e+34   0.000000e+00  -4.483449e+47   2.634355e+37   4.931793e+47   0.000000e+00   0.000000e+00   0.000000e+00   0.000000e+00   0.000000e+00   0.000000e+00   0.000000e+00   0.000000e+00   0.000000e+00   0.000000e+00   0.000000e+00   0.000000e+00   0.000000e+00
            977   1.080000e+07      1.0000000      0.0000000   3.996000e+30   0.000000e+00   3.996000e+30   0.000000e+00   0.000000e+00   0.000000e+00   0.000000e+00   0.000000e+00   0.000000e+00            inf   0.000000e+00  -3.593053e+38   0.000000e+00   0.000000e+00   7.853888e+12   7.567095e+12   7.479894e+12   3.554238e+24   5.994000e+34   0.000000e+00  -4.483448e+47   2.658538e+37   4.931793e+47   0.000000e+00   0.000000e+00   0.000000e+00   0.000000e+00   0.000000e+00   0.000000e+00   0.000000e+00   0.000000e+00   0.000000e+00   0.000000e+00   0.000000e+00   0.000000e+00   0.000000e+00
            988   1.088640e+07      1.0000000      0.0000000   3.996000e+30   0.000000e+00   3.996000e+30   0.000000e+00   0.000000e+00   0.000000e+00   0.000000e+00   0.000000e+00   0.000000e+00            inf   0.000000e+00  -3.592112e+38   0.000000e+00   0.000000e+00   7.853888e+12   7.568391e+12   7.479894e+12   3.586643e+24   5.994000e+34   0.000000e+00  -4.483448e+47   2.682776e+37   4.931793e+47   0.000000e+00   0.000000e+00   0.000000e+00   0.000000e+00   0.000000e+00   0.000000e+00   0.000000e+00   0.000000e+00   0.000000e+00   0.000000e+00   0.000000e+00   0.000000e+00   0.000000e+00
           1000   1.097280e+07      1.0000000      0.0000000   3.996000e+30   0.000000e+00   3.996000e+30   0.000000e+00   0.000000e+00   0.000000e+00   0.000000e+00   0.000000e+00   0.000000e+00            inf   0.000000e+00  -3.591142e+38   0.000000e+00   0.000000e+00   7.853888e+12   7.569687e+12   7.479894e+12   3.619114e+24   5.994000e+34   0.000000e+00  -4.483448e+47   2.707056e+37   4.931793e+47   0.000000e+00   0.000000e+00   0.000000e+00   0.000000e+00   0.000000e+00   0.000000e+00   0.000000e+00   0.000000e+00   0.000000e+00   0.000000e+00   0.000000e+00   0.000000e+00   0.000000e+00
           1011   1.105920e+07      1.0000000      0.0000000   3.996000e+30   0.000000e+00   3.996000e+30   0.000000e+00   0.000000e+00   0.000000e+00   0.000000e+00   0.000000e+00   0.000000e+00            inf   0.000000e+00  -3.590137e+38   0.000000e+00   0.000000e+00   7.853888e+12   7.570983e+12   7.479894e+12   3.651657e+24   5.994000e+34   0.000000e+00  -4.483448e+47   2.731395e+37   4.931793e+47   0.000000e+00   0.000000e+00   0.000000e+00   0.000000e+00   0.000000e+00   0.000000e+00   0.000000e+00   0.000000e+00   0.000000e+00   0.000000e+00   0.000000e+00   0.000000e+00   0.000000e+00
           1022   1.114560e+07      1.0000000      0.0000000   3.996000e+30   0.000000e+00   3.996000e+30   0.000000e+00   0.000000e+00   0.000000e+00   0.000000e+00   0.000000e+00   0.000000e+00            inf   0.000000e+00  -3.589452e+38   0.000000e+00   0.000000e+00   7.853888e+12   7.572279e+12   7.479894e+12   3.684250e+24   5.994000e+34   0.000000e+00  -4.483448e+47   2.755788e+37   4.931793e+47   0.000000e+00   0.000000e+00   0.000000e+00   0.000000e+00   0.000000e+00   0.000000e+00   0.000000e+00   0.000000e+00   0.000000e+00   0.000000e+00   0.000000e+00   0.000000e+00   0.000000e+00
           1033   1.123200e+07      1.0000000      0.0000000   3.996000e+30   0.000000e+00   3.996000e+30   0.000000e+00   0.000000e+00   0.000000e+00   0.000000e+00   0.000000e+00   0.000000e+00            inf   0.000000e+00  -3.588398e+38   0.000000e+00   0.000000e+00   7.853888e+12   7.573575e+12   7.479894e+12   3.716942e+24   5.994000e+34   0.000000e+00  -4.483448e+47   2.780236e+37   4.931793e+47   0.000000e+00   0.000000e+00   0.000000e+00   0.000000e+00   0.000000e+00   0.000000e+00   0.000000e+00   0.000000e+00   0.000000e+00   0.000000e+00   0.000000e+00   0.000000e+00   0.000000e+00
           1045   1.131840e+07      1.0000000      0.0000000   3.996000e+30   0.000000e+00   3.996000e+30   0.000000e+00   0.000000e+00   0.000000e+00   0.000000e+00   0.000000e+00   0.000000e+00            inf   0.000000e+00  -3.587317e+38   0.000000e+00   0.000000e+00   7.853888e+12   7.574871e+12   7.479894e+12   3.749693e+24   5.994000e+34   0.000000e+00  -4.483448e+47   2.804728e+37   4.931793e+47   0.000000e+00   0.000000e+00   0.000000e+00   0.000000e+00   0.000000e+00   0.000000e+00   0.000000e+00   0.000000e+00   0.000000e+00   0.000000e+00   0.000000e+00   0.000000e+00   0.000000e+00
           1056   1.140480e+07      1.0000000      0.0000000   3.996000e+30   0.000000e+00   3.996000e+30   0.000000e+00   0.000000e+00   0.000000e+00   0.000000e+00   0.000000e+00   0.000000e+00            inf   0.000000e+00  -3.586201e+38   0.000000e+00   0.000000e+00   7.853888e+12   7.576167e+12   7.479894e+12   3.782513e+24   5.994000e+34   0.000000e+00  -4.483448e+47   2.829282e+37   4.931793e+47   0.000000e+00   0.000000e+00   0.000000e+00   0.000000e+00   0.000000e+00   0.000000e+00   0.000000e+00   0.000000e+00   0.000000e+00   0.000000e+00   0.000000e+00   0.000000e+00   0.000000e+00
           1067   1.149120e+07      1.0000000      0.0000000   3.996000e+30   0.000000e+00   3.996000e+30   0.000000e+00   0.000000e+00   0.000000e+00   0.000000e+00   0.000000e+00   0.000000e+00            inf   0.000000e+00  -3.585057e+38   0.000000e+00   0.000000e+00   7.853888e+12   7.577463e+12   7.479894e+12   3.815400e+24   5.994000e+34   0.000000e+00  -4.483448e+47   2.853882e+37   4.931793e+47   0.000000e+00   0.000000e+00   0.000000e+00   0.000000e+00   0.000000e+00   0.000000e+00   0.000000e+00   0.000000e+00   0.000000e+00   0.000000e+00   0.000000e+00   0.000000e+00   0.000000e+00
           1078   1.157760e+07      1.0000000      0.0000000   3.996000e+30   0.000000e+00   3.996000e+30   0.000000e+00   0.000000e+00   0.000000e+00   0.000000e+00   0.000000e+00   0.000000e+00            inf   0.000000e+00  -3.584279e+38   0.000000e+00   0.000000e+00   7.853888e+12   7.578759e+12   7.479894e+12   3.848370e+24   5.994000e+34   0.000000e+00  -4.483448e+47   2.878541e+37   4.931793e+47   0.000000e+00   0.000000e+00   0.000000e+00   0.000000e+00   0.000000e+00   0.000000e+00   0.000000e+00   0.000000e+00   0.000000e+00   0.000000e+00   0.000000e+00   0.000000e+00   0.000000e+00
           1089   1.166400e+07      1.0000000      0.0000000   3.996000e+30   0.000000e+00   3.996000e+30   0.000000e+00   0.000000e+00   0.000000e+00   0.000000e+00   0.000000e+00   0.000000e+00            inf   0.000000e+00  -3.583086e+38   0.000000e+00   0.000000e+00   7.853888e+12   7.580055e+12   7.479894e+12   3.881405e+24   5.994000e+34   0.000000e+00  -4.483448e+47   2.903252e+37   4.931793e+47   0.000000e+00   0.000000e+00   0.000000e+00   0.000000e+00   0.000000e+00   0.000000e+00   0.000000e+00   0.000000e+00   0.000000e+00   0.000000e+00   0.000000e+00   0.000000e+00   0.000000e+00
           1101   1.175040e+07      1.0000000      0.0000000   3.996000e+30   0.000000e+00   3.996000e+30   0.000000e+00   0.000000e+00   0.000000e+00   0.000000e+00   0.000000e+00   0.000000e+00            inf   0.000000e+00  -3.581861e+38   0.000000e+00   0.000000e+00   7.853888e+12   7.581351e+12   7.479894e+12   3.914531e+24   5.994000e+34   0.000000e+00  -4.483448e+47   2.928017e+37   4.931793e+47   0.000000e+00   0.000000e+00   0.000000e+00   0.000000e+00   0.000000e+00   0.000000e+00   0.000000e+00   0.000000e+00   0.000000e+00   0.000000e+00   0.000000e+00   0.000000e+00   0.000000e+00
           1112   1.183680e+07      1.0000000      0.0000000   3.996000e+30   0.000000e+00   3.996000e+30   0.000000e+00   0.000000e+00   0.000000e+00   0.000000e+00   0.000000e+00   0.000000e+00            inf   0.000000e+00  -3.580608e+38   0.000000e+00   0.000000e+00   7.853888e+12   7.582647e+12   7.479894e+12   3.947693e+24   5.993999e+34   0.000000e+00  -4.483447e+47   2.952839e+37   4.931792e+47   0.000000e+00   0.000000e+00   0.000000e+00   0.000000e+00   0.000000e+00   0.000000e+00   0.000000e+00   0.000000e+00   0.000000e+00   0.000000e+00   0.000000e+00   0.000000e+00   0.000000e+00
           1123   1.192320e+07      1.0000000      0.0000000   3.996000e+30   0.000000e+00   3.996000e+30   0.000000e+00   0.000000e+00   0.000000e+00   0.000000e+00   0.000000e+00   0.000000e+00            inf   0.000000e+00  -3.579328e+38   0.000000e+00   0.000000e+00   7.853888e+12   7.583943e+12   7.479894e+12   3.980949e+24   5.994000e+34   0.000000e+00  -4.483448e+47   2.977708e+37   4.931793e+47   0.000000e+00   0.000000e+00   0.000000e+00   0.000000e+00   0.000000e+00   0.000000e+00   0.000000e+00   0.000000e+00   0.000000e+00   0.000000e+00   0.000000e+00   0.000000e+00   0.000000e+00
           1134   1.200960e+07      1.0000000      0.0000000   3.996000e+30   0.000000e+00   3.996000e+30   0.000000e+00   0.000000e+00   0.000000e+00   0.000000e+00   0.000000e+00   0.000000e+00            inf   0.000000e+00  -3.578456e+38   0.000000e+00   0.000000e+00   7.853888e+12   7.585239e+12   7.479894e+12   4.014271e+24   5.993999e+34   0.000000e+00  -4.483448e+47   3.002636e+37   4.931793e+47   0.000000e+00   0.000000e+00   0.000000e+00   0.000000e+00   0.000000e+00   0.000000e+00   0.000000e+00   0.000000e+00   0.000000e+00   0.000000e+00   0.000000e+00   0.000000e+00   0.000000e+00
           1146   1.209600e+07      1.0000000      0.0000000   3.996000e+30   0.000000e+00   3.996000e+30   0.000000e+00   0.000000e+00   0.000000e+00   0.000000e+00   0.000000e+00   0.000000e+00            inf   0.000000e+00  -3.577125e+38   0.000000e+00   0.000000e+00   7.853888e+12   7.586535e+12   7.479894e+12   4.047678e+24   5.993999e+34   0.000000e+00  -4.483447e+47   3.027616e+37   4.931792e+47   0.000000e+00   0.000000e+00   0.000000e+00   0.000000e+00   0.000000e+00   0.000000e+00   0.000000e+00   0.000000e+00   0.000000e+00   0.000000e+00   0.000000e+00   0.000000e+00   0.000000e+00
           1157   1.218240e+07      1.0000000      0.0000000   3.996000e+30   0.000000e+00   3.996000e+30   0.000000e+00   0.000000e+00   0.000000e+00   0.000000e+00   0.000000e+00   0.000000e+00            inf   0.000000e+00  -3.575765e+38   0.000000e+00   0.000000e+00   7.853888e+12   7.587831e+12   7.479894e+12   4.081139e+24   5.993999e+34   0.000000e+00  -4.483448e+47   3.052655e+37   4.931793e+47   0.000000e+00   0.000000e+00   0.000000e+00   0.000000e+00   0.000000e+00   0.000000e+00   0.000000e+00   0.000000e+00   0.000000e+00   0.000000e+00   0.000000e+00   0.000000e+00   0.000000e+00
           1168   1.226880e+07      1.0000000      0.0000000   3.996000e+30   0.000000e+00   3.996000e+30   0.000000e+00   0.000000e+00   0.000000e+00   0.000000e+00   0.000000e+00   0.000000e+00            inf   0.000000e+00  -3.574376e+38   0.000000e+00   0.000000e+00   7.853888e+12   7.589127e+12   7.479894e+12   4.114696e+24   5.993999e+34   0.000000e+00  -4.483448e+47   3.077744e+37   4.931792e+47   0.000000e+00   0.000000e+00   0.000000e+00   0.000000e+00   0.000000e+00   0.000000e+00   0.000000e+00   0.000000e+00   0.000000e+00   0.000000e+00   0.000000e+00   0.000000e+00   0.000000e+00
           1179   1.235520e+07      1.0000000      0.0000000   3.996000e+30   0.000000e+00   3.996000e+30   0.000000e+00   0.000000e+00   0.000000e+00   0.000000e+00   0.000000e+00   0.000000e+00            inf   0.000000e+00  -3.572958e+38   0.000000e+00   0.000000e+00   7.853888e+12   7.590423e+12   7.479894e+12   4.148315e+24   5.993998e+34   0.000000e+00  -4.483447e+47   3.102898e+37   4.931792e+47   0.000000e+00   0.000000e+00   0.000000e+00   0.000000e+00   0.000000e+00   0.000000e+00   0.000000e+00   0.000000e+00   0.000000e+00   0.000000e+00   0.000000e+00   0.000000e+00   0.000000e+00
           1190   1.244160e+07      1.0000000      0.0000000   3.996000e+30   0.000000e+00   3.996000e+30   0.000000e+00   0.000000e+00   0.000000e+00   0.000000e+00   0.000000e+00   0.000000e+00            inf   0.000000e+00  -3.571994e+38   0.000000e+00   0.000000e+00   7.853888e+12   7.591719e+12   7.479894e+12   4.182005e+24   5.993999e+34   0.000000e+00  -4.483447e+47   3.128096e+37   4.931792e+47   0.000000e+00   0.000000e+00   0.000000e+00   0.000000e+00   0.000000e+00   0.000000e+00   0.000000e+00   0.000000e+00   0.000000e+00   0.000000e+00   0.000000e+00   0.000000e+00   0.000000e+00
           1202   1.252800e+07      1.0000000      0.0000000   3.996000e+30   0.000000e+00   3.996000e+30   0.000000e+00   0.000000e+00   0.000000e+00   0.000000e+00   0.000000e+00   0.000000e+00            inf   0.000000e+00  -3.570530e+38   0.000000e+00   0.000000e+00   7.853888e+12   7.593015e+12   7.479894e+12   4.215785e+24   5.993999e+34   0.000000e+00  -4.483448e+47   3.153353e+37   4.931793e+47   0.000000e+00   0.000000e+00   0.000000e+00   0.000000e+00   0.000000e+00   0.000000e+00   0.000000e+00   0.000000e+00   0.000000e+00   0.000000e+00   0.000000e+00   0.000000e+00   0.000000e+00
           1220   1.261440e+07      1.0000000      0.0000000   3.996000e+30   0.000000e+00   3.996000e+30   0.000000e+00   0.000000e+00   0.000000e+00   0.000000e+00   0.000000e+00   0.000000e+00            inf   0.000000e+00  -3.569034e+38   0.000000e+00   0.000000e+00   7.853888e+12   7.594311e+12   7.479894e+12   4.249622e+24   5.994000e+34   0.000000e+00  -4.483448e+47   3.178665e+37   4.931793e+47   0.000000e+00   0.000000e+00   0.000000e+00   0.000000e+00   0.000000e+00   0.000000e+00   0.000000e+00   0.000000e+00   0.000000e+00   0.000000e+00   0.000000e+00   0.000000e+00   0.000000e+00
           1243   1.270080e+07      1.0000000      0.0000000   3.996000e+30   0.000000e+00   3.996000e+30   0.000000e+00   0.000000e+00   0.000000e+00   0.000000e+00   0.000000e+00   0.000000e+00            inf   0.000000e+00  -3.567509e+38   0.000000e+00   0.000000e+00   7.853888e+12   7.595607e+12   7.479894e+12   4.283522e+24   5.993999e+34   0.000000e+00  -4.483448e+47   3.204029e+37   4.931792e+47   0.000000e+00   0.000000e+00   0.000000e+00   0.000000e+00   0.000000e+00   0.000000e+00   0.000000e+00   0.000000e+00   0.000000e+00   0.000000e+00   0.000000e+00   0.000000e+00   0.000000e+00
           1265   1.278720e+07      1.0000000      0.0000000   3.996000e+30   0.000000e+00   3.996000e+30   0.000000e+00   0.000000e+00   0.000000e+00   0.000000e+00   0.000000e+00   0.000000e+00            inf   0.000000e+00  -3.565958e+38   0.000000e+00   0.000000e+00   7.853888e+12   7.596903e+12   7.479894e+12   4.317511e+24   5.993999e+34   0.000000e+00  -4.483447e+47   3.229454e+37   4.931792e+47   0.000000e+00   0.000000e+00   0.000000e+00   0.000000e+00   0.000000e+00   0.000000e+00   0.000000e+00   0.000000e+00   0.000000e+00   0.000000e+00   0.000000e+00   0.000000e+00   0.000000e+00
           1288   1.287360e+07      1.0000000      0.0000000   3.996000e+30   0.000000e+00   3.996000e+30   0.000000e+00   0.000000e+00   0.000000e+00   0.000000e+00   0.000000e+00   0.000000e+00            inf   0.000000e+00  -3.564376e+38   0.000000e+00   0.000000e+00   7.853888e+12   7.598199e+12   7.479894e+12   4.351567e+24   5.993998e+34   0.000000e+00  -4.483447e+47   3.254925e+37   4.931792e+47   0.000000e+00   0.000000e+00   0.000000e+00   0.000000e+00   0.000000e+00   0.000000e+00   0.000000e+00   0.000000e+00   0.000000e+00   0.000000e+00   0.000000e+00   0.000000e+00   0.000000e+00
           1310   1.296000e+07      1.0000000      0.0000000   3.996000e+30   0.000000e+00   3.996000e+30   0.000000e+00   0.000000e+00   0.000000e+00   0.000000e+00   0.000000e+00   0.000000e+00            inf   0.000000e+00  -3.563309e+38   0.000000e+00   0.000000e+00   7.853888e+12   7.599495e+12   7.479894e+12   4.385694e+24   5.993998e+34   0.000000e+00  -4.483447e+47   3.280454e+37   4.931792e+47   0.000000e+00   0.000000e+00   0.000000e+00   0.000000e+00   0.000000e+00   0.000000e+00   0.000000e+00   0.000000e+00   0.000000e+00   0.000000e+00   0.000000e+00   0.000000e+00   0.000000e+00
           1333   1.304640e+07      1.0000000      0.0000000   3.996000e+30   0.000000e+00   3.996000e+30   0.000000e+00   0.000000e+00   0.000000e+00   0.000000e+00   0.000000e+00   0.000000e+00            inf   0.000000e+00  -3.561679e+38   0.000000e+00   0.000000e+00   7.853888e+12   7.600791e+12   7.479894e+12   4.419899e+24   5.993998e+34   0.000000e+00  -4.483447e+47   3.306026e+37   4.931792e+47   0.000000e+00   0.000000e+00   0.000000e+00   0.000000e+00   0.000000e+00   0.000000e+00   0.000000e+00   0.000000e+00   0.000000e+00   0.000000e+00   0.000000e+00   0.000000e+00   0.000000e+00
           1355   1.313280e+07      1.0000000      0.0000000   3.996000e+30   0.000000e+00   3.996000e+30   0.000000e+00   0.000000e+00   0.000000e+00   0.000000e+00   0.000000e+00   0.000000e+00            inf   0.000000e+00  -3.560022e+38   0.000000e+00   0.000000e+00   7.853888e+12   7.602087e+12   7.479894e+12   4.454160e+24   5.993998e+34   0.000000e+00  -4.483447e+47   3.331670e+37   4.931792e+47   0.000000e+00   0.000000e+00   0.000000e+00   0.000000e+00   0.000000e+00   0.000000e+00   0.000000e+00   0.000000e+00   0.000000e+00   0.000000e+00   0.000000e+00   0.000000e+00   0.000000e+00
           1377   1.321920e+07      1.0000000      0.0000000   3.996000e+30   0.000000e+00   3.996000e+30   0.000000e+00   0.000000e+00   0.000000e+00   0.000000e+00   0.000000e+00   0.000000e+00            inf   0.000000e+00  -3.558341e+38   0.000000e+00   0.000000e+00   7.853888e+12   7.603383e+12   7.479894e+12   4.488498e+24   5.993999e+34   0.000000e+00  -4.483447e+47   3.357352e+37   4.931792e+47   0.000000e+00   0.000000e+00   0.000000e+00   0.000000e+00   0.000000e+00   0.000000e+00   0.000000e+00   0.000000e+00   0.000000e+00   0.000000e+00   0.000000e+00   0.000000e+00   0.000000e+00
           1400   1.330560e+07      1.0000000      0.0000000   3.996000e+30   0.000000e+00   3.996000e+30   0.000000e+00   0.000000e+00   0.000000e+00   0.000000e+00   0.000000e+00   0.000000e+00            inf   0.000000e+00  -3.556627e+38   0.000000e+00   0.000000e+00   7.853888e+12   7.604679e+12   7.479894e+12   4.522897e+24   5.993999e+34   0.000000e+00  -4.483447e+47   3.383083e+37   4.931792e+47   0.000000e+00   0.000000e+00   0.000000e+00   0.000000e+00   0.000000e+00   0.000000e+00   0.000000e+00   0.000000e+00   0.000000e+00   0.000000e+00   0.000000e+00   0.000000e+00   0.000000e+00
           1422   1.339200e+07      1.0000000      0.0000000   3.996000e+30   0.000000e+00   3.996000e+30   0.000000e+00   0.000000e+00   0.000000e+00   0.000000e+00   0.000000e+00   0.000000e+00            inf   0.000000e+00  -3.555471e+38   0.000000e+00   0.000000e+00   7.853888e+12   7.605975e+12   7.479894e+12   4.557372e+24   5.993999e+34   0.000000e+00  -4.483447e+47   3.408870e+37   4.931792e+47   0.000000e+00   0.000000e+00   0.000000e+00   0.000000e+00   0.000000e+00   0.000000e+00   0.000000e+00   0.000000e+00   0.000000e+00   0.000000e+00   0.000000e+00   0.000000e+00   0.000000e+00
           1445   1.347840e+07      1.0000000      0.0000000   3.996000e+30   0.000000e+00   3.996000e+30   0.000000e+00   0.000000e+00   0.000000e+00   0.000000e+00   0.000000e+00   0.000000e+00            inf   0.000000e+00  -3.553715e+38   0.000000e+00   0.000000e+00   7.853888e+12   7.607271e+12   7.479894e+12   4.591901e+24   5.993998e+34   0.000000e+00  -4.483447e+47   3.434706e+37   4.931792e+47   0.000000e+00   0.000000e+00   0.000000e+00   0.000000e+00   0.000000e+00   0.000000e+00   0.000000e+00   0.000000e+00   0.000000e+00   0.000000e+00   0.000000e+00   0.000000e+00   0.000000e+00
           1467   1.356480e+07      1.0000000      0.0000000   3.996000e+30   0.000000e+00   3.996000e+30   0.000000e+00   0.000000e+00   0.000000e+00   0.000000e+00   0.000000e+00   0.000000e+00            inf   0.000000e+00  -3.551930e+38   0.000000e+00   0.000000e+00   7.853888e+12   7.608567e+12   7.479894e+12   4.626501e+24   5.993997e+34   0.000000e+00  -4.483446e+47   3.460567e+37   4.931791e+47   0.000000e+00   0.000000e+00   0.000000e+00   0.000000e+00   0.000000e+00   0.000000e+00   0.000000e+00   0.000000e+00   0.000000e+00   0.000000e+00   0.000000e+00   0.000000e+00   0.000000e+00
           1490   1.365120e+07      1.0000000      0.0000000   3.996000e+30   0.000000e+00   3.996000e+30   0.000000e+00   0.000000e+00   0.000000e+00   0.000000e+00   0.000000e+00   0.000000e+00            inf   0.000000e+00  -3.550120e+38   0.000000e+00   0.000000e+00   7.853888e+12   7.609863e+12   7.479894e+12   4.661142e+24   5.993998e+34   0.000000e+00  -4.483447e+47   3.486480e+37   4.931791e+47   0.000000e+00   0.000000e+00   0.000000e+00   0.000000e+00   0.000000e+00   0.000000e+00   0.000000e+00   0.000000e+00   0.000000e+00   0.000000e+00   0.000000e+00   0.000000e+00   0.000000e+00
           1512   1.373760e+07      1.0000000      0.0000000   3.996000e+30   0.000000e+00   3.996000e+30   0.000000e+00   0.000000e+00   0.000000e+00   0.000000e+00   0.000000e+00   0.000000e+00            inf   0.000000e+00  -3.548279e+38   0.000000e+00   0.000000e+00   7.853888e+12   7.611159e+12   7.479894e+12   4.695861e+24   5.993999e+34   0.000000e+00  -4.483447e+47   3.512448e+37   4.931792e+47   0.000000e+00   0.000000e+00   0.000000e+00   0.000000e+00   0.000000e+00   0.000000e+00   0.000000e+00   0.000000e+00   0.000000e+00   0.000000e+00   0.000000e+00   0.000000e+00   0.000000e+00
           1535   1.382400e+07      1.0000000      0.0000000   3.996000e+30   0.000000e+00   3.996000e+30   0.000000e+00   0.000000e+00   0.000000e+00   0.000000e+00   0.000000e+00   0.000000e+00            inf   0.000000e+00  -3.547038e+38   0.000000e+00   0.000000e+00   7.853888e+12   7.612455e+12   7.479894e+12   4.730598e+24   5.993999e+34   0.000000e+00  -4.483447e+47   3.538437e+37   4.931792e+47   0.000000e+00   0.000000e+00   0.000000e+00   0.000000e+00   0.000000e+00   0.000000e+00   0.000000e+00   0.000000e+00   0.000000e+00   0.000000e+00   0.000000e+00   0.000000e+00   0.000000e+00
           1557   1.391040e+07      1.0000000      0.0000000   3.996000e+30   0.000000e+00   3.996000e+30   0.000000e+00   0.000000e+00   0.000000e+00   0.000000e+00   0.000000e+00   0.000000e+00            inf   0.000000e+00  -3.545155e+38   0.000000e+00   0.000000e+00   7.853888e+12   7.613751e+12   7.479894e+12   4.765395e+24   5.993998e+34   0.000000e+00  -4.483447e+47   3.564461e+37   4.931792e+47   0.000000e+00   0.000000e+00   0.000000e+00   0.000000e+00   0.000000e+00   0.000000e+00   0.000000e+00   0.000000e+00   0.000000e+00   0.000000e+00   0.000000e+00   0.000000e+00   0.000000e+00
           1579   1.399680e+07      1.0000000      0.0000000   3.996000e+30   0.000000e+00   3.996000e+30   0.000000e+00   0.000000e+00   0.000000e+00   0.000000e+00   0.000000e+00   0.000000e+00            inf   0.000000e+00  -3.543244e+38   0.000000e+00   0.000000e+00   7.853888e+12   7.615047e+12   7.479894e+12   4.800231e+24   5.993998e+34   0.000000e+00  -4.483447e+47   3.590528e+37   4.931792e+47   0.000000e+00   0.000000e+00   0.000000e+00   0.000000e+00   0.000000e+00   0.000000e+00   0.000000e+00   0.000000e+00   0.000000e+00   0.000000e+00   0.000000e+00   0.000000e+00   0.000000e+00
           1602   1.408320e+07      1.0000000      0.0000000   3.996000e+30   0.000000e+00   3.996000e+30   0.000000e+00   0.000000e+00   0.000000e+00   0.000000e+00   0.000000e+00   0.000000e+00            inf   0.000000e+00  -3.541305e+38   0.000000e+00   0.000000e+00   7.853888e+12   7.616343e+12   7.479894e+12   4.835090e+24   5.993999e+34   0.000000e+00  -4.483447e+47   3.616610e+37   4.931792e+47   0.000000e+00   0.000000e+00   0.000000e+00   0.000000e+00   0.000000e+00   0.000000e+00   0.000000e+00   0.000000e+00   0.000000e+00   0.000000e+00   0.000000e+00   0.000000e+00   0.000000e+00
           1624   1.416960e+07      1.0000000      0.0000000   3.996000e+30   0.000000e+00   3.996000e+30   0.000000e+00   0.000000e+00   0.000000e+00   0.000000e+00   0.000000e+00   0.000000e+00            inf   0.000000e+00  -3.539345e+38   0.000000e+00   0.000000e+00   7.853888e+12   7.617639e+12   7.479894e+12   4.869981e+24   5.993998e+34   0.000000e+00  -4.483446e+47   3.642697e+37   4.931791e+47   0.000000e+00   0.000000e+00   0.000000e+00   0.000000e+00   0.000000e+00   0.000000e+00   0.000000e+00   0.000000e+00   0.000000e+00   0.000000e+00   0.000000e+00   0.000000e+00   0.000000e+00
           1647   1.425600e+07      1.0000000      0.0000000   3.996000e+30   0.000000e+00   3.996000e+30   0.000000e+00   0.000000e+00   0.000000e+00   0.000000e+00   0.000000e+00   0.000000e+00            inf   0.000000e+00  -3.538020e+38   0.000000e+00   0.000000e+00   7.853888e+12   7.618935e+12   7.479894e+12   4.904891e+24   5.993998e+34   0.000000e+00  -4.483447e+47   3.668807e+37   4.931792e+47   0.000000e+00   0.000000e+00   0.000000e+00   0.000000e+00   0.000000e+00   0.000000e+00   0.000000e+00   0.000000e+00   0.000000e+00   0.000000e+00   0.000000e+00   0.000000e+00   0.000000e+00
           1669   1.434240e+07      1.0000000      0.0000000   3.996000e+30   0.000000e+00   3.996000e+30   0.000000e+00   0.000000e+00   0.000000e+00   0.000000e+00   0.000000e+00   0.000000e+00            inf   0.000000e+00  -3.536011e+38   0.000000e+00   0.000000e+00   7.853888e+12   7.620231e+12   7.479894e+12   4.939797e+24   5.993998e+34   0.000000e+00  -4.483447e+47   3.694917e+37   4.931791e+47   0.000000e+00   0.000000e+00   0.000000e+00   0.000000e+00   0.000000e+00   0.000000e+00   0.000000e+00   0.000000e+00   0.000000e+00   0.000000e+00   0.000000e+00   0.000000e+00   0.000000e+00
           1692   1.442880e+07      1.0000000      0.0000000   3.996000e+30   0.000000e+00   3.996000e+30   0.000000e+00   0.000000e+00   0.000000e+00   0.000000e+00   0.000000e+00   0.000000e+00            inf   0.000000e+00  -3.533980e+38   0.000000e+00   0.000000e+00   7.853888e+12   7.621527e+12   7.479894e+12   4.974692e+24   5.993998e+34   0.000000e+00  -4.483447e+47   3.721017e+37   4.931792e+47   0.000000e+00   0.000000e+00   0.000000e+00   0.000000e+00   0.000000e+00   0.000000e+00   0.000000e+00   0.000000e+00   0.000000e+00   0.000000e+00   0.000000e+00   0.000000e+00   0.000000e+00
           1714   1.451520e+07      1.0000000      0.0000000   3.996000e+30   0.000000e+00   3.996000e+30   0.000000e+00   0.000000e+00   0.000000e+00   0.000000e+00   0.000000e+00   0.000000e+00            inf   0.000000e+00  -3.531921e+38   0.000000e+00   0.000000e+00   7.853888e+12   7.622823e+12   7.479894e+12   5.009551e+24   5.993998e+34   0.000000e+00  -4.483447e+47   3.747094e+37   4.931791e+47   0.000000e+00   0.000000e+00   0.000000e+00   0.000000e+00   0.000000e+00   0.000000e+00   0.000000e+00   0.000000e+00   0.000000e+00   0.000000e+00   0.000000e+00   0.000000e+00   0.000000e+00
           1737   1.460160e+07      1.0000000      0.0000000   3.996000e+30   0.000000e+00   3.996000e+30   0.000000e+00   0.000000e+00   0.000000e+00   0.000000e+00   0.000000e+00   0.000000e+00            inf   0.000000e+00  -3.529834e+38   0.000000e+00   0.000000e+00   7.853888e+12   7.624119e+12   7.479894e+12   5.044390e+24   5.993998e+34   0.000000e+00  -4.483447e+47   3.773142e+37   4.931792e+47   0.000000e+00   0.000000e+00   0.000000e+00   0.000000e+00   0.000000e+00   0.000000e+00   0.000000e+00   0.000000e+00   0.000000e+00   0.000000e+00   0.000000e+00   0.000000e+00   0.000000e+00
           1759   1.468800e+07      1.0000000      0.0000000   3.996000e+30   0.000000e+00   3.996000e+30   0.000000e+00   0.000000e+00   0.000000e+00   0.000000e+00   0.000000e+00   0.000000e+00            inf   0.000000e+00  -3.528431e+38   0.000000e+00   0.000000e+00   7.853888e+12   7.625415e+12   7.479894e+12   5.079144e+24   5.993998e+34   0.000000e+00  -4.483447e+47   3.799150e+37   4.931791e+47   0.000000e+00   0.000000e+00   0.000000e+00   0.000000e+00   0.000000e+00   0.000000e+00   0.000000e+00   0.000000e+00   0.000000e+00   0.000000e+00   0.000000e+00   0.000000e+00   0.000000e+00
           1781   1.477440e+07      1.0000000      0.0000000   3.996000e+30   0.000000e+00   3.996000e+30   0.000000e+00   0.000000e+00   0.000000e+00   0.000000e+00   0.000000e+00   0.000000e+00            inf   0.000000e+00  -3.526303e+38   0.000000e+00   0.000000e+00   7.853888e+12   7.626711e+12   7.479894e+12   5.113832e+24   5.993999e+34   0.000000e+00  -4.483447e+47   3.825099e+37   4.931792e+47   0.000000e+00   0.000000e+00   0.000000e+00   0.000000e+00   0.000000e+00   0.000000e+00   0.000000e+00   0.000000e+00   0.000000e+00   0.000000e+00   0.000000e+00   0.000000e+00   0.000000e+00
           1804   1.486080e+07      1.0000000      0.0000000   3.996000e+30   0.000000e+00   3.996000e+30   0.000000e+00   0.000000e+00   0.000000e+00   0.000000e+00   0.000000e+00   0.000000e+00            inf   0.000000e+00  -3.524152e+38   0.000000e+00   0.000000e+00   7.853888e+12   7.628007e+12   7.479894e+12   5.148397e+24   5.993999e+34   0.000000e+00  -4.483447e+47   3.850951e+37   4.931792e+47   0.000000e+00   0.000000e+00   0.000000e+00   0.000000e+00   0.000000e+00   0.000000e+00   0.000000e+00   0.000000e+00   0.000000e+00   0.000000e+00   0.000000e+00   0.000000e+00   0.000000e+00
           1826   1.494720e+07      1.0000000      0.0000000   3.996000e+30   0.000000e+00   3.996000e+30   0.000000e+00   0.000000e+00   0.000000e+00   0.000000e+00   0.000000e+00   0.000000e+00            inf   0.000000e+00  -3.521972e+38   0.000000e+00   0.000000e+00   7.853888e+12   7.629303e+12   7.479894e+12   5.182834e+24   5.993999e+34   0.000000e+00  -4.483447e+47   3.876704e+37   4.931792e+47   0.000000e+00   0.000000e+00   0.000000e+00   0.000000e+00   0.000000e+00   0.000000e+00   0.000000e+00   0.000000e+00   0.000000e+00   0.000000e+00   0.000000e+00   0.000000e+00   0.000000e+00
           1849   1.503360e+07      1.0000000      0.0000000   3.996000e+30   0.000000e+00   3.996000e+30   0.000000e+00   0.000000e+00   0.000000e+00   0.000000e+00   0.000000e+00   0.000000e+00            inf   0.000000e+00  -3.519768e+38   0.000000e+00   0.000000e+00   7.853888e+12   7.630599e+12   7.479894e+12   5.217094e+24   5.993999e+34   0.000000e+00  -4.483447e+47   3.902330e+37   4.931792e+47   0.000000e+00   0.000000e+00   0.000000e+00   0.000000e+00   0.000000e+00   0.000000e+00   0.000000e+00   0.000000e+00   0.000000e+00   0.000000e+00   0.000000e+00   0.000000e+00   0.000000e+00
           1871   1.512000e+07      1.0000000      0.0000000   3.996000e+30   0.000000e+00   3.996000e+30   0.000000e+00   0.000000e+00   0.000000e+00   0.000000e+00   0.000000e+00   0.000000e+00            inf   0.000000e+00  -3.518287e+38   0.000000e+00   0.000000e+00   7.853888e+12   7.631895e+12   7.479894e+12   5.251149e+24   5.993999e+34   0.000000e+00  -4.483447e+47   3.927802e+37   4.931792e+47   0.000000e+00   0.000000e+00   0.000000e+00   0.000000e+00   0.000000e+00   0.000000e+00   0.000000e+00   0.000000e+00   0.000000e+00   0.000000e+00   0.000000e+00   0.000000e+00   0.000000e+00
           1910   1.520640e+07      1.0000000      0.0000000   3.996000e+30   0.000000e+00   3.996000e+30   0.000000e+00   0.000000e+00   0.000000e+00   0.000000e+00   0.000000e+00   0.000000e+00            inf   0.000000e+00  -3.516040e+38   0.000000e+00   0.000000e+00   7.853888e+12   7.633191e+12   7.479894e+12   5.284961e+24   5.993999e+34   0.000000e+00  -4.483448e+47   3.953097e+37   4.931792e+47   0.000000e+00   0.000000e+00   0.000000e+00   0.000000e+00   0.000000e+00   0.000000e+00   0.000000e+00   0.000000e+00   0.000000e+00   0.000000e+00   0.000000e+00   0.000000e+00   0.000000e+00
           1955   1.529280e+07      1.0000000      0.0000000   3.996000e+30   0.000000e+00   3.996000e+30   0.000000e+00   0.000000e+00   0.000000e+00   0.000000e+00   0.000000e+00   0.000000e+00            inf   0.000000e+00  -3.513775e+38   0.000000e+00   0.000000e+00   7.853888e+12   7.634487e+12   7.479894e+12   5.318472e+24   5.993999e+34   0.000000e+00  -4.483447e+47   3.978177e+37   4.931792e+47   0.000000e+00   0.000000e+00   0.000000e+00   0.000000e+00   0.000000e+00   0.000000e+00   0.000000e+00   0.000000e+00   0.000000e+00   0.000000e+00   0.000000e+00   0.000000e+00   0.000000e+00
           2000   1.537920e+07      1.0000000      0.0000000   3.996000e+30   0.000000e+00   3.996000e+30   0.000000e+00   0.000000e+00   0.000000e+00   0.000000e+00   0.000000e+00   0.000000e+00            inf   0.000000e+00  -3.511479e+38   0.000000e+00   0.000000e+00   7.853888e+12   7.635783e+12   7.479894e+12   5.351699e+24   5.993999e+34   0.000000e+00  -4.483447e+47   4.003009e+37   4.931792e+47   0.000000e+00   0.000000e+00   0.000000e+00   0.000000e+00   0.000000e+00   0.000000e+00   0.000000e+00   0.000000e+00   0.000000e+00   0.000000e+00   0.000000e+00   0.000000e+00   0.000000e+00
           2044   1.546560e+07      1.0000000      0.0000000   3.996000e+30   0.000000e+00   3.996000e+30   0.000000e+00   0.000000e+00   0.000000e+00   0.000000e+00   0.000000e+00   0.000000e+00            inf   0.000000e+00  -3.509166e+38   0.000000e+00   0.000000e+00   7.853888e+12   7.637079e+12   7.479894e+12   5.384507e+24   5.993999e+34   0.000000e+00  -4.483447e+47   4.027565e+37   4.931792e+47   0.000000e+00   0.000000e+00   0.000000e+00   0.000000e+00   0.000000e+00   0.000000e+00   0.000000e+00   0.000000e+00   0.000000e+00   0.000000e+00   0.000000e+00   0.000000e+00   0.000000e+00
           2089   1.555200e+07      1.0000000      0.0000000   3.996000e+30   0.000000e+00   3.996000e+30   0.000000e+00   0.000000e+00   0.000000e+00   0.000000e+00   0.000000e+00   0.000000e+00            inf   0.000000e+00  -3.507607e+38   0.000000e+00   0.000000e+00   7.853888e+12   7.638375e+12   7.479894e+12   5.416923e+24   5.993998e+34   0.000000e+00  -4.483447e+47   4.051805e+37   4.931792e+47   0.000000e+00   0.000000e+00   0.000000e+00   0.000000e+00   0.000000e+00   0.000000e+00   0.000000e+00   0.000000e+00   0.000000e+00   0.000000e+00   0.000000e+00   0.000000e+00   0.000000e+00
           2134   1.563840e+07      1.0000000      0.0000000   3.996000e+30   0.000000e+00   3.996000e+30   0.000000e+00   0.000000e+00   0.000000e+00   0.000000e+00   0.000000e+00   0.000000e+00            inf   0.000000e+00  -3.505251e+38   0.000000e+00   0.000000e+00   7.853888e+12   7.639671e+12   7.479894e+12   5.448850e+24   5.993998e+34   0.000000e+00  -4.483447e+47   4.075687e+37   4.931792e+47   0.000000e+00   0.000000e+00   0.000000e+00   0.000000e+00   0.000000e+00   0.000000e+00   0.000000e+00   0.000000e+00   0.000000e+00   0.000000e+00   0.000000e+00   0.000000e+00   0.000000e+00
           2179   1.572480e+07      1.0000000      0.0000000   3.996000e+30   0.000000e+00   3.996000e+30   0.000000e+00   0.000000e+00   0.000000e+00   0.000000e+00   0.000000e+00   0.000000e+00            inf   0.000000e+00  -3.502867e+38   0.000000e+00   0.000000e+00   7.853888e+12   7.640967e+12   7.479894e+12   5.480282e+24   5.993998e+34   0.000000e+00  -4.483447e+47   4.099194e+37   4.931792e+47   0.000000e+00   0.000000e+00   0.000000e+00   0.000000e+00   0.000000e+00   0.000000e+00   0.000000e+00   0.000000e+00   0.000000e+00   0.000000e+00   0.000000e+00   0.000000e+00   0.000000e+00
           2224   1.581120e+07      1.0000000      0.0000000   3.996000e+30   0.000000e+00   3.996000e+30   0.000000e+00   0.000000e+00   0.000000e+00   0.000000e+00   0.000000e+00   0.000000e+00            inf   0.000000e+00  -3.500464e+38   0.000000e+00   0.000000e+00   7.853888e+12   7.642263e+12   7.479894e+12   5.511176e+24   5.993998e+34   0.000000e+00  -4.483447e+47   4.122298e+37   4.931792e+47   0.000000e+00   0.000000e+00   0.000000e+00   0.000000e+00   0.000000e+00   0.000000e+00   0.000000e+00   0.000000e+00   0.000000e+00   0.000000e+00   0.000000e+00   0.000000e+00   0.000000e+00
           2269   1.589760e+07      1.0000000      0.0000000   3.996000e+30   0.000000e+00   3.996000e+30   0.000000e+00   0.000000e+00   0.000000e+00   0.000000e+00   0.000000e+00   0.000000e+00            inf   0.000000e+00  -3.498036e+38   0.000000e+00   0.000000e+00   7.853888e+12   7.643559e+12   7.479894e+12   5.541479e+24   5.993999e+34   0.000000e+00  -4.483447e+47   4.144963e+37   4.931792e+47   0.000000e+00   0.000000e+00   0.000000e+00   0.000000e+00   0.000000e+00   0.000000e+00   0.000000e+00   0.000000e+00   0.000000e+00   0.000000e+00   0.000000e+00   0.000000e+00   0.000000e+00
           2314   1.598400e+07      1.0000000      0.0000000   3.996000e+30   0.000000e+00   3.996000e+30   0.000000e+00   0.000000e+00   0.000000e+00   0.000000e+00   0.000000e+00   0.000000e+00            inf   0.000000e+00  -3.495581e+38   0.000000e+00   0.000000e+00   7.853888e+12   7.644855e+12   7.479894e+12   5.571173e+24   5.993998e+34   0.000000e+00  -4.483447e+47   4.167178e+37   4.931792e+47   0.000000e+00   0.000000e+00   0.000000e+00   0.000000e+00   0.000000e+00   0.000000e+00   0.000000e+00   0.000000e+00   0.000000e+00   0.000000e+00   0.000000e+00   0.000000e+00   0.000000e+00
           2359   1.607040e+07      1.0000000      0.0000000   3.996000e+30   0.000000e+00   3.996000e+30   0.000000e+00   0.000000e+00   0.000000e+00   0.000000e+00   0.000000e+00   0.000000e+00            inf   0.000000e+00  -3.493936e+38   0.000000e+00   0.000000e+00   7.853888e+12   7.646151e+12   7.479894e+12   5.600232e+24   5.993999e+34   0.000000e+00  -4.483447e+47   4.188910e+37   4.931792e+47   0.000000e+00   0.000000e+00   0.000000e+00   0.000000e+00   0.000000e+00   0.000000e+00   0.000000e+00   0.000000e+00   0.000000e+00   0.000000e+00   0.000000e+00   0.000000e+00   0.000000e+00
           2403   1.615680e+07      1.0000000      0.0000000   3.996000e+30   0.000000e+00   3.996000e+30   0.000000e+00   0.000000e+00   0.000000e+00   0.000000e+00   0.000000e+00   0.000000e+00            inf   0.000000e+00  -3.491446e+38   0.000000e+00   0.000000e+00   7.853888e+12   7.647447e+12   7.479894e+12   5.628628e+24   5.993999e+34   0.000000e+00  -4.483447e+47   4.210163e+37   4.931792e+47   0.000000e+00   0.000000e+00   0.000000e+00   0.000000e+00   0.000000e+00   0.000000e+00   0.000000e+00   0.000000e+00   0.000000e+00   0.000000e+00   0.000000e+00   0.000000e+00   0.000000e+00
           2448   1.624320e+07      1.0000000      0.0000000   3.996000e+30   0.000000e+00   3.996000e+30   0.000000e+00   0.000000e+00   0.000000e+00   0.000000e+00   0.000000e+00   0.000000e+00            inf   0.000000e+00  -3.488935e+38   0.000000e+00   0.000000e+00   7.853888e+12   7.648743e+12   7.479894e+12   5.656382e+24   5.993999e+34   0.000000e+00  -4.483447e+47   4.230916e+37   4.931792e+47   0.000000e+00   0.000000e+00   0.000000e+00   0.000000e+00   0.000000e+00   0.000000e+00   0.000000e+00   0.000000e+00   0.000000e+00   0.000000e+00   0.000000e+00   0.000000e+00   0.000000e+00
           2493   1.632960e+07      1.0000000      0.0000000   3.996000e+30   0.000000e+00   3.996000e+30   0.000000e+00   0.000000e+00   0.000000e+00   0.000000e+00   0.000000e+00   0.000000e+00            inf   0.000000e+00  -3.486399e+38   0.000000e+00   0.000000e+00   7.853888e+12   7.650039e+12   7.479894e+12   5.683469e+24   5.993999e+34   0.000000e+00  -4.483447e+47   4.251182e+37   4.931792e+47   0.000000e+00   0.000000e+00   0.000000e+00   0.000000e+00   0.000000e+00   0.000000e+00   0.000000e+00   0.000000e+00   0.000000e+00   0.000000e+00   0.000000e+00   0.000000e+00   0.000000e+00
           2538   1.641600e+07      1.0000000      0.0000000   3.996000e+30   0.000000e+00   3.996000e+30   0.000000e+00   0.000000e+00   0.000000e+00   0.000000e+00   0.000000e+00   0.000000e+00            inf   0.000000e+00  -3.483842e+38   0.000000e+00   0.000000e+00   7.853888e+12   7.651335e+12   7.479894e+12   5.709912e+24   5.993999e+34   0.000000e+00  -4.483447e+47   4.270952e+37   4.931792e+47   0.000000e+00   0.000000e+00   0.000000e+00   0.000000e+00   0.000000e+00   0.000000e+00   0.000000e+00   0.000000e+00   0.000000e+00   0.000000e+00   0.000000e+00   0.000000e+00   0.000000e+00
           2583   1.650240e+07      1.0000000      0.0000000   3.996000e+30   0.000000e+00   3.996000e+30   0.000000e+00   0.000000e+00   0.000000e+00   0.000000e+00   0.000000e+00   0.000000e+00            inf   0.000000e+00  -3.482125e+38   0.000000e+00   0.000000e+00   7.853888e+12   7.652631e+12   7.479894e+12   5.735705e+24   5.993999e+34   0.000000e+00  -4.483448e+47   4.290253e+37   4.931793e+47   0.000000e+00   0.000000e+00   0.000000e+00   0.000000e+00   0.000000e+00   0.000000e+00   0.000000e+00   0.000000e+00   0.000000e+00   0.000000e+00   0.000000e+00   0.000000e+00   0.000000e+00
           2628   1.658880e+07      1.0000000      0.0000000   3.996000e+30   0.000000e+00   3.996000e+30   0.000000e+00   0.000000e+00   0.000000e+00   0.000000e+00   0.000000e+00   0.000000e+00            inf   0.000000e+00  -3.479528e+38   0.000000e+00   0.000000e+00   7.853888e+12   7.653927e+12   7.479894e+12   5.760896e+24   5.994000e+34   0.000000e+00  -4.483448e+47   4.309092e+37   4.931793e+47   0.000000e+00   0.000000e+00   0.000000e+00   0.000000e+00   0.000000e+00   0.000000e+00   0.000000e+00   0.000000e+00   0.000000e+00   0.000000e+00   0.000000e+00   0.000000e+00   0.000000e+00
           2673   1.667520e+07      1.0000000      0.0000000   3.996000e+30   0.000000e+00   3.996000e+30   0.000000e+00   0.000000e+00   0.000000e+00   0.000000e+00   0.000000e+00   0.000000e+00            inf   0.000000e+00  -3.476913e+38   0.000000e+00   0.000000e+00   7.853888e+12   7.655223e+12   7.479894e+12   5.785483e+24   5.993999e+34   0.000000e+00  -4.483448e+47   4.327485e+37   4.931793e+47   0.000000e+00   0.000000e+00   0.000000e+00   0.000000e+00   0.000000e+00   0.000000e+00   0.000000e+00   0.000000e+00   0.000000e+00   0.000000e+00   0.000000e+00   0.000000e+00   0.000000e+00
           2718   1.676160e+07      1.0000000      0.0000000   3.996000e+30   0.000000e+00   3.996000e+30   0.000000e+00   0.000000e+00   0.000000e+00   0.000000e+00   0.000000e+00   0.000000e+00            inf   0.000000e+00  -3.474277e+38   0.000000e+00   0.000000e+00   7.853888e+12   7.656519e+12   7.479894e+12   5.809528e+24   5.993999e+34   0.000000e+00  -4.483448e+47   4.345461e+37   4.931792e+47   0.000000e+00   0.000000e+00   0.000000e+00   0.000000e+00   0.000000e+00   0.000000e+00   0.000000e+00   0.000000e+00   0.000000e+00   0.000000e+00   0.000000e+00   0.000000e+00   0.000000e+00
           2763   1.684800e+07      1.0000000      0.0000000   3.996000e+30   0.000000e+00   3.996000e+30   0.000000e+00   0.000000e+00   0.000000e+00   0.000000e+00   0.000000e+00   0.000000e+00            inf   0.000000e+00  -3.471614e+38   0.000000e+00   0.000000e+00   7.853888e+12   7.657815e+12   7.479894e+12   5.833045e+24   5.993999e+34   0.000000e+00  -4.483447e+47   4.363061e+37   4.931792e+47   0.000000e+00   0.000000e+00   0.000000e+00   0.000000e+00   0.000000e+00   0.000000e+00   0.000000e+00   0.000000e+00   0.000000e+00   0.000000e+00   0.000000e+00   0.000000e+00   0.000000e+00
           2807   1.693440e+07      1.0000000      0.0000000   3.996000e+30   0.000000e+00   3.996000e+30   0.000000e+00   0.000000e+00   0.000000e+00   0.000000e+00   0.000000e+00   0.000000e+00            inf   0.000000e+00  -3.469831e+38   0.000000e+00   0.000000e+00   7.853888e+12   7.659111e+12   7.479894e+12   5.856077e+24   5.993999e+34   0.000000e+00  -4.483447e+47   4.380294e+37   4.931792e+47   0.000000e+00   0.000000e+00   0.000000e+00   0.000000e+00   0.000000e+00   0.000000e+00   0.000000e+00   0.000000e+00   0.000000e+00   0.000000e+00   0.000000e+00   0.000000e+00   0.000000e+00
           2852   1.702080e+07      1.0000000      0.0000000   3.996000e+30   0.000000e+00   3.996000e+30   0.000000e+00   0.000000e+00   0.000000e+00   0.000000e+00   0.000000e+00   0.000000e+00            inf   0.000000e+00  -3.467136e+38   0.000000e+00   0.000000e+00   7.853888e+12   7.660407e+12   7.479894e+12   5.878672e+24   5.993999e+34   0.000000e+00  -4.483448e+47   4.397199e+37   4.931792e+47   0.000000e+00   0.000000e+00   0.000000e+00   0.000000e+00   0.000000e+00   0.000000e+00   0.000000e+00   0.000000e+00   0.000000e+00   0.000000e+00   0.000000e+00   0.000000e+00   0.000000e+00
           2897   1.710720e+07      1.0000000      0.0000000   3.996000e+30   0.000000e+00   3.996000e+30   0.000000e+00   0.000000e+00   0.000000e+00   0.000000e+00   0.000000e+00   0.000000e+00            inf   0.000000e+00  -3.464417e+38   0.000000e+00   0.000000e+00   7.853888e+12   7.661703e+12   7.479894e+12   5.900866e+24   5.994000e+34   0.000000e+00  -4.483448e+47   4.413795e+37   4.931793e+47   0.000000e+00   0.000000e+00   0.000000e+00   0.000000e+00   0.000000e+00   0.000000e+00   0.000000e+00   0.000000e+00   0.000000e+00   0.000000e+00   0.000000e+00   0.000000e+00   0.000000e+00
           2942   1.719360e+07      1.0000000      0.0000000   3.996000e+30   0.000000e+00   3.996000e+30   0.000000e+00   0.000000e+00   0.000000e+00   0.000000e+00   0.000000e+00   0.000000e+00            inf   0.000000e+00  -3.461680e+38   0.000000e+00   0.000000e+00   7.853888e+12   7.662999e+12   7.479894e+12   5.922677e+24   5.994000e+34   0.000000e+00  -4.483448e+47   4.430104e+37   4.931793e+47   0.000000e+00   0.000000e+00   0.000000e+00   0.000000e+00   0.000000e+00   0.000000e+00   0.000000e+00   0.000000e+00   0.000000e+00   0.000000e+00   0.000000e+00   0.000000e+00   0.000000e+00
           2987   1.728000e+07      1.0000000      0.0000000   3.996000e+30   0.000000e+00   3.996000e+30   0.000000e+00   0.000000e+00   0.000000e+00   0.000000e+00   0.000000e+00   0.000000e+00            inf   0.000000e+00  -3.458921e+38   0.000000e+00   0.000000e+00   7.853888e+12   7.664295e+12   7.479894e+12   5.944127e+24   5.994000e+34   0.000000e+00  -4.483448e+47   4.446130e+37   4.931793e+47   0.000000e+00   0.000000e+00   0.000000e+00   0.000000e+00   0.000000e+00   0.000000e+00   0.000000e+00   0.000000e+00   0.000000e+00   0.000000e+00   0.000000e+00   0.000000e+00   0.000000e+00
           3032   1.736640e+07      1.0000000      0.0000000   3.996000e+30   0.000000e+00   3.996000e+30   0.000000e+00   0.000000e+00   0.000000e+00   0.000000e+00   0.000000e+00   0.000000e+00            inf   0.000000e+00  -3.457072e+38   0.000000e+00   0.000000e+00   7.853888e+12   7.665591e+12   7.479894e+12   5.965212e+24   5.994000e+34   0.000000e+00  -4.483448e+47   4.461900e+37   4.931793e+47   0.000000e+00   0.000000e+00   0.000000e+00   0.000000e+00   0.000000e+00   0.000000e+00   0.000000e+00   0.000000e+00   0.000000e+00   0.000000e+00   0.000000e+00   0.000000e+00   0.000000e+00
           3077   1.745280e+07      1.0000000      0.0000000   3.996000e+30   0.000000e+00   3.996000e+30   0.000000e+00   0.000000e+00   0.000000e+00   0.000000e+00   0.000000e+00   0.000000e+00            inf   0.000000e+00  -3.454279e+38   0.000000e+00   0.000000e+00   7.853888e+12   7.666887e+12   7.479894e+12   5.985941e+24   5.994000e+34   0.000000e+00  -4.483448e+47   4.477434e+37   4.931793e+47   0.000000e+00   0.000000e+00   0.000000e+00   0.000000e+00   0.000000e+00   0.000000e+00   0.000000e+00   0.000000e+00   0.000000e+00   0.000000e+00   0.000000e+00   0.000000e+00   0.000000e+00
           3122   1.753920e+07      1.0000000      0.0000000   3.996000e+30   0.000000e+00   3.996000e+30   0.000000e+00   0.000000e+00   0.000000e+00   0.000000e+00   0.000000e+00   0.000000e+00            inf   0.000000e+00  -3.451466e+38   0.000000e+00   0.000000e+00   7.853888e+12   7.668183e+12   7.479894e+12   6.006359e+24   5.994000e+34   0.000000e+00  -4.483448e+47   4.492698e+37   4.931793e+47   0.000000e+00   0.000000e+00   0.000000e+00   0.000000e+00   0.000000e+00   0.000000e+00   0.000000e+00   0.000000e+00   0.000000e+00   0.000000e+00   0.000000e+00   0.000000e+00   0.000000e+00
           3167   1.762560e+07      1.0000000      0.0000000   3.996000e+30   0.000000e+00   3.996000e+30   0.000000e+00   0.000000e+00   0.000000e+00   0.000000e+00   0.000000e+00   0.000000e+00            inf   0.000000e+00  -3.448636e+38   0.000000e+00   0.000000e+00   7.853888e+12   7.669479e+12   7.479894e+12   6.026426e+24   5.994000e+34   0.000000e+00  -4.483448e+47   4.507696e+37   4.931793e+47   0.000000e+00   0.000000e+00   0.000000e+00   0.000000e+00   0.000000e+00   0.000000e+00   0.000000e+00   0.000000e+00   0.000000e+00   0.000000e+00   0.000000e+00   0.000000e+00   0.000000e+00
           3211   1.771200e+07      1.0000000      0.0000000   3.996000e+30   0.000000e+00   3.996000e+30   0.000000e+00   0.000000e+00   0.000000e+00   0.000000e+00   0.000000e+00   0.000000e+00            inf   0.000000e+00  -3.445780e+38   0.000000e+00   0.000000e+00   7.853888e+12   7.670775e+12   7.479894e+12   6.046138e+24   5.994000e+34   0.000000e+00  -4.483448e+47   4.522459e+37   4.931793e+47   0.000000e+00   0.000000e+00   0.000000e+00   0.000000e+00   0.000000e+00   0.000000e+00   0.000000e+00   0.000000e+00   0.000000e+00   0.000000e+00   0.000000e+00   0.000000e+00   0.000000e+00
           3256   1.779840e+07      1.0000000      0.0000000   3.996000e+30   0.000000e+00   3.996000e+30   0.000000e+00   0.000000e+00   0.000000e+00   0.000000e+00   0.000000e+00   0.000000e+00            inf   0.000000e+00  -3.443868e+38   0.000000e+00   0.000000e+00   7.853888e+12   7.672071e+12   7.479894e+12   6.065508e+24   5.993999e+34   0.000000e+00  -4.483447e+47   4.536947e+37   4.931792e+47   0.000000e+00   0.000000e+00   0.000000e+00   0.000000e+00   0.000000e+00   0.000000e+00   0.000000e+00   0.000000e+00   0.000000e+00   0.000000e+00   0.000000e+00   0.000000e+00   0.000000e+00
           3301   1.788480e+07      1.0000000      0.0000000   3.996000e+30   0.000000e+00   3.996000e+30   0.000000e+00   0.000000e+00   0.000000e+00   0.000000e+00   0.000000e+00   0.000000e+00            inf   0.000000e+00  -3.440984e+38   0.000000e+00   0.000000e+00   7.853888e+12   7.673367e+12   7.479894e+12   6.084507e+24   5.993999e+34   0.000000e+00  -4.483448e+47   4.551147e+37   4.931792e+47   0.000000e+00   0.000000e+00   0.000000e+00   0.000000e+00   0.000000e+00   0.000000e+00   0.000000e+00   0.000000e+00   0.000000e+00   0.000000e+00   0.000000e+00   0.000000e+00   0.000000e+00
           3346   1.797120e+07      1.0000000      0.0000000   3.996000e+30   0.000000e+00   3.996000e+30   0.000000e+00   0.000000e+00   0.000000e+00   0.000000e+00   0.000000e+00   0.000000e+00            inf   0.000000e+00  -3.438079e+38   0.000000e+00   0.000000e+00   7.853888e+12   7.674663e+12   7.479894e+12   6.103118e+24   5.994000e+34   0.000000e+00  -4.483448e+47   4.565077e+37   4.931793e+47   0.000000e+00   0.000000e+00   0.000000e+00   0.000000e+00   0.000000e+00   0.000000e+00   0.000000e+00   0.000000e+00   0.000000e+00   0.000000e+00   0.000000e+00   0.000000e+00   0.000000e+00
           3391   1.805760e+07      1.0000000      0.0000000   3.996000e+30   0.000000e+00   3.996000e+30   0.000000e+00   0.000000e+00   0.000000e+00   0.000000e+00   0.000000e+00   0.000000e+00            inf   0.000000e+00  -3.435153e+38   0.000000e+00   0.000000e+00   7.853888e+12   7.675959e+12   7.479894e+12   6.121350e+24   5.993999e+34   0.000000e+00  -4.483448e+47   4.578703e+37   4.931792e+47   0.000000e+00   0.000000e+00   0.000000e+00   0.000000e+00   0.000000e+00   0.000000e+00   0.000000e+00   0.000000e+00   0.000000e+00   0.000000e+00   0.000000e+00   0.000000e+00   0.000000e+00
           3436   1.814400e+07      1.0000000      0.0000000   3.996000e+30   0.000000e+00   3.996000e+30   0.000000e+00   0.000000e+00   0.000000e+00   0.000000e+00   0.000000e+00   0.000000e+00            inf   0.000000e+00  -3.432210e+38   0.000000e+00   0.000000e+00   7.853888e+12   7.677255e+12   7.479894e+12   6.139168e+24   5.993999e+34   0.000000e+00  -4.483447e+47   4.592034e+37   4.931792e+47   0.000000e+00   0.000000e+00   0.000000e+00   0.000000e+00   0.000000e+00   0.000000e+00   0.000000e+00   0.000000e+00   0.000000e+00   0.000000e+00   0.000000e+00   0.000000e+00   0.000000e+00
           3481   1.823040e+07      1.0000000      0.0000000   3.996000e+30   0.000000e+00   3.996000e+30   0.000000e+00   0.000000e+00   0.000000e+00   0.000000e+00   0.000000e+00   0.000000e+00            inf   0.000000e+00  -3.430239e+38   0.000000e+00   0.000000e+00   7.853888e+12   7.678551e+12   7.479894e+12   6.156586e+24   5.994000e+34   0.000000e+00  -4.483448e+47   4.605064e+37   4.931793e+47   0.000000e+00   0.000000e+00   0.000000e+00   0.000000e+00   0.000000e+00   0.000000e+00   0.000000e+00   0.000000e+00   0.000000e+00   0.000000e+00   0.000000e+00   0.000000e+00   0.000000e+00
           3526   1.831680e+07      1.0000000      0.0000000   3.996000e+30   0.000000e+00   3.996000e+30   0.000000e+00   0.000000e+00   0.000000e+00   0.000000e+00   0.000000e+00   0.000000e+00            inf   0.000000e+00  -3.427264e+38   0.000000e+00   0.000000e+00   7.853888e+12   7.679847e+12   7.479894e+12   6.173558e+24   5.993999e+34   0.000000e+00  -4.483447e+47   4.617753e+37   4.931792e+47   0.000000e+00   0.000000e+00   0.000000e+00   0.000000e+00   0.000000e+00   0.000000e+00   0.000000e+00   0.000000e+00   0.000000e+00   0.000000e+00   0.000000e+00   0.000000e+00   0.000000e+00
           3571   1.840320e+07      1.0000000      0.0000000   3.996000e+30   0.000000e+00   3.996000e+30   0.000000e+00   0.000000e+00   0.000000e+00   0.000000e+00   0.000000e+00   0.000000e+00            inf   0.000000e+00  -3.424272e+38   0.000000e+00   0.000000e+00   7.853888e+12   7.681143e+12   7.479894e+12   6.190101e+24   5.993999e+34   0.000000e+00  -4.483448e+47   4.630126e+37   4.931793e+47   0.000000e+00   0.000000e+00   0.000000e+00   0.000000e+00   0.000000e+00   0.000000e+00   0.000000e+00   0.000000e+00   0.000000e+00   0.000000e+00   0.000000e+00   0.000000e+00   0.000000e+00
           3615   1.848960e+07      1.0000000      0.0000000   3.996000e+30   0.000000e+00   3.996000e+30   0.000000e+00   0.000000e+00   0.000000e+00   0.000000e+00   0.000000e+00   0.000000e+00            inf   0.000000e+00  -3.421258e+38   0.000000e+00   0.000000e+00   7.853888e+12   7.682439e+12   7.479894e+12   6.206185e+24   5.993999e+34   0.000000e+00  -4.483447e+47   4.642169e+37   4.931792e+47   0.000000e+00   0.000000e+00   0.000000e+00   0.000000e+00   0.000000e+00   0.000000e+00   0.000000e+00   0.000000e+00   0.000000e+00   0.000000e+00   0.000000e+00   0.000000e+00   0.000000e+00
           3660   1.857600e+07      1.0000000      0.0000000   3.996000e+30   0.000000e+00   3.996000e+30   0.000000e+00   0.000000e+00   0.000000e+00   0.000000e+00   0.000000e+00   0.000000e+00            inf   0.000000e+00  -3.418229e+38   0.000000e+00   0.000000e+00   7.853888e+12   7.683735e+12   7.479894e+12   6.221828e+24   5.994000e+34   0.000000e+00  -4.483448e+47   4.653865e+37   4.931793e+47   0.000000e+00   0.000000e+00   0.000000e+00   0.000000e+00   0.000000e+00   0.000000e+00   0.000000e+00   0.000000e+00   0.000000e+00   0.000000e+00   0.000000e+00   0.000000e+00   0.000000e+00
           3705   1.866240e+07      1.0000000      0.0000000   3.996000e+30   0.000000e+00   3.996000e+30   0.000000e+00   0.000000e+00   0.000000e+00   0.000000e+00   0.000000e+00   0.000000e+00            inf   0.000000e+00  -3.416200e+38   0.000000e+00   0.000000e+00   7.853888e+12   7.685031e+12   7.479894e+12   6.237006e+24   5.994000e+34   0.000000e+00  -4.483448e+47   4.665214e+37   4.931793e+47   0.000000e+00   0.000000e+00   0.000000e+00   0.000000e+00   0.000000e+00   0.000000e+00   0.000000e+00   0.000000e+00   0.000000e+00   0.000000e+00   0.000000e+00   0.000000e+00   0.000000e+00
           3750   1.874880e+07      1.0000000      0.0000000   3.996000e+30   0.000000e+00   3.996000e+30   0.000000e+00   0.000000e+00   0.000000e+00   0.000000e+00   0.000000e+00   0.000000e+00            inf   0.000000e+00  -3.413142e+38   0.000000e+00   0.000000e+00   7.853888e+12   7.686327e+12   7.479894e+12   6.251725e+24   5.993999e+34   0.000000e+00  -4.483448e+47   4.676211e+37   4.931793e+47   0.000000e+00   0.000000e+00   0.000000e+00   0.000000e+00   0.000000e+00   0.000000e+00   0.000000e+00   0.000000e+00   0.000000e+00   0.000000e+00   0.000000e+00   0.000000e+00   0.000000e+00
           3795   1.883520e+07      1.0000000      0.0000000   3.996000e+30   0.000000e+00   3.996000e+30   0.000000e+00   0.000000e+00   0.000000e+00   0.000000e+00   0.000000e+00   0.000000e+00            inf   0.000000e+00  -3.410065e+38   0.000000e+00   0.000000e+00   7.853888e+12   7.687623e+12   7.479894e+12   6.265966e+24   5.994000e+34   0.000000e+00  -4.483448e+47   4.686871e+37   4.931793e+47   0.000000e+00   0.000000e+00   0.000000e+00   0.000000e+00   0.000000e+00   0.000000e+00   0.000000e+00   0.000000e+00   0.000000e+00   0.000000e+00   0.000000e+00   0.000000e+00   0.000000e+00
           3840   1.892160e+07      1.0000000      0.0000000   3.996000e+30   0.000000e+00   3.996000e+30   0.000000e+00   0.000000e+00   0.000000e+00   0.000000e+00   0.000000e+00   0.000000e+00            inf   0.000000e+00  -3.406972e+38   0.000000e+00   0.000000e+00   7.853888e+12   7.688919e+12   7.479894e+12   6.279716e+24   5.993999e+34   0.000000e+00  -4.483448e+47   4.697160e+37   4.931793e+47   0.000000e+00   0.000000e+00   0.000000e+00   0.000000e+00   0.000000e+00   0.000000e+00   0.000000e+00   0.000000e+00   0.000000e+00   0.000000e+00   0.000000e+00   0.000000e+00   0.000000e+00
           3885   1.900800e+07      1.0000000      0.0000000   3.996000e+30   0.000000e+00   3.996000e+30   0.000000e+00   0.000000e+00   0.000000e+00   0.000000e+00   0.000000e+00   0.000000e+00            inf   0.000000e+00  -3.403858e+38   0.000000e+00   0.000000e+00   7.853888e+12   7.690215e+12   7.479894e+12   6.292983e+24   5.993999e+34   0.000000e+00  -4.483448e+47   4.707094e+37   4.931793e+47   0.000000e+00   0.000000e+00   0.000000e+00   0.000000e+00   0.000000e+00   0.000000e+00   0.000000e+00   0.000000e+00   0.000000e+00   0.000000e+00   0.000000e+00   0.000000e+00   0.000000e+00
           3930   1.909440e+07      1.0000000      0.0000000   3.996000e+30   0.000000e+00   3.996000e+30   0.000000e+00   0.000000e+00   0.000000e+00   0.000000e+00   0.000000e+00   0.000000e+00            inf   0.000000e+00  -3.400727e+38   0.000000e+00   0.000000e+00   7.853888e+12   7.691511e+12   7.479894e+12   6.305786e+24   5.994000e+34   0.000000e+00  -4.483448e+47   4.716658e+37   4.931793e+47   0.000000e+00   0.000000e+00   0.000000e+00   0.000000e+00   0.000000e+00   0.000000e+00   0.000000e+00   0.000000e+00   0.000000e+00   0.000000e+00   0.000000e+00   0.000000e+00   0.000000e+00
           3975   1.918080e+07      1.0000000      0.0000000   3.996000e+30   0.000000e+00   3.996000e+30   0.000000e+00   0.000000e+00   0.000000e+00   0.000000e+00   0.000000e+00   0.000000e+00            inf   0.000000e+00  -3.398635e+38   0.000000e+00   0.000000e+00   7.853888e+12   7.692807e+12   7.479894e+12   6.318076e+24   5.994000e+34   0.000000e+00  -4.483448e+47   4.725864e+37   4.931793e+47   0.000000e+00   0.000000e+00   0.000000e+00   0.000000e+00   0.000000e+00   0.000000e+00   0.000000e+00   0.000000e+00   0.000000e+00   0.000000e+00   0.000000e+00   0.000000e+00   0.000000e+00
           4019   1.926720e+07      1.0000000      0.0000000   3.996000e+30   0.000000e+00   3.996000e+30   0.000000e+00   0.000000e+00   0.000000e+00   0.000000e+00   0.000000e+00   0.000000e+00            inf   0.000000e+00  -3.395479e+38   0.000000e+00   0.000000e+00   7.853888e+12   7.694103e+12   7.479894e+12   6.329890e+24   5.993999e+34   0.000000e+00  -4.483448e+47   4.734683e+37   4.931792e+47   0.000000e+00   0.000000e+00   0.000000e+00   0.000000e+00   0.000000e+00   0.000000e+00   0.000000e+00   0.000000e+00   0.000000e+00   0.000000e+00   0.000000e+00   0.000000e+00   0.000000e+00
           4064   1.935360e+07      1.0000000      0.0000000   3.996000e+30   0.000000e+00   3.996000e+30   0.000000e+00   0.000000e+00   0.000000e+00   0.000000e+00   0.000000e+00   0.000000e+00            inf   0.000000e+00  -3.392302e+38   0.000000e+00   0.000000e+00   7.853888e+12   7.695399e+12   7.479894e+12   6.341189e+24   5.993998e+34   0.000000e+00  -4.483447e+47   4.743134e+37   4.931792e+47   0.000000e+00   0.000000e+00   0.000000e+00   0.000000e+00   0.000000e+00   0.000000e+00   0.000000e+00   0.000000e+00   0.000000e+00   0.000000e+00   0.000000e+00   0.000000e+00   0.000000e+00
           4109   1.944000e+07      1.0000000      0.0000000   3.996000e+30   0.000000e+00   3.996000e+30   0.000000e+00   0.000000e+00   0.000000e+00   0.000000e+00   0.000000e+00   0.000000e+00            inf   0.000000e+00  -3.389113e+38   0.000000e+00   0.000000e+00   7.853888e+12   7.696695e+12   7.479894e+12   6.351998e+24   5.993998e+34   0.000000e+00  -4.483447e+47   4.751244e+37   4.931792e+47   0.000000e+00   0.000000e+00   0.000000e+00   0.000000e+00   0.000000e+00   0.000000e+00   0.000000e+00   0.000000e+00   0.000000e+00   0.000000e+00   0.000000e+00   0.000000e+00   0.000000e+00
           4154   1.952640e+07      1.0000000      0.0000000   3.996000e+30   0.000000e+00   3.996000e+30   0.000000e+00   0.000000e+00   0.000000e+00   0.000000e+00   0.000000e+00   0.000000e+00            inf   0.000000e+00  -3.385907e+38   0.000000e+00   0.000000e+00   7.853888e+12   7.697991e+12   7.479894e+12   6.362304e+24   5.993998e+34   0.000000e+00  -4.483447e+47   4.758942e+37   4.931791e+47   0.000000e+00   0.000000e+00   0.000000e+00   0.000000e+00   0.000000e+00   0.000000e+00   0.000000e+00   0.000000e+00   0.000000e+00   0.000000e+00   0.000000e+00   0.000000e+00   0.000000e+00
           4199   1.961280e+07      1.0000000      0.0000000   3.996000e+30   0.000000e+00   3.996000e+30   0.000000e+00   0.000000e+00   0.000000e+00   0.000000e+00   0.000000e+00   0.000000e+00            inf   0.000000e+00  -3.383761e+38   0.000000e+00   0.000000e+00   7.853888e+12   7.699287e+12   7.479894e+12   6.372127e+24   5.993997e+34   0.000000e+00  -4.483446e+47   4.766282e+37   4.931791e+47   0.000000e+00   0.000000e+00   0.000000e+00   0.000000e+00   0.000000e+00   0.000000e+00   0.000000e+00   0.000000e+00   0.000000e+00   0.000000e+00   0.000000e+00   0.000000e+00   0.000000e+00
           4244   1.969920e+07      1.0000000      0.0000000   3.996000e+30   0.000000e+00   3.996000e+30   0.000000e+00   0.000000e+00   0.000000e+00   0.000000e+00   0.000000e+00   0.000000e+00            inf   0.000000e+00  -3.380527e+38   0.000000e+00   0.000000e+00   7.853888e+12   7.700583e+12   7.479894e+12   6.381438e+24   5.993997e+34   0.000000e+00  -4.483446e+47   4.773247e+37   4.931791e+47   0.000000e+00   0.000000e+00   0.000000e+00   0.000000e+00   0.000000e+00   0.000000e+00   0.000000e+00   0.000000e+00   0.000000e+00   0.000000e+00   0.000000e+00   0.000000e+00   0.000000e+00
           4289   1.978560e+07      1.0000000      0.0000000   3.996000e+30   0.000000e+00   3.996000e+30   0.000000e+00   0.000000e+00   0.000000e+00   0.000000e+00   0.000000e+00   0.000000e+00            inf   0.000000e+00  -3.377281e+38   0.000000e+00   0.000000e+00   7.853888e+12   7.701879e+12   7.479894e+12   6.390291e+24   5.993996e+34   0.000000e+00  -4.483446e+47   4.779865e+37   4.931790e+47   0.000000e+00   0.000000e+00   0.000000e+00   0.000000e+00   0.000000e+00   0.000000e+00   0.000000e+00   0.000000e+00   0.000000e+00   0.000000e+00   0.000000e+00   0.000000e+00   0.000000e+00
           4334   1.987200e+07      1.0000000      0.0000000   3.996000e+30   0.000000e+00   3.996000e+30   0.000000e+00   0.000000e+00   0.000000e+00   0.000000e+00   0.000000e+00   0.000000e+00            inf   0.000000e+00  -3.374014e+38   0.000000e+00   0.000000e+00   7.853888e+12   7.703175e+12   7.479894e+12   6.398668e+24   5.993995e+34   0.000000e+00  -4.483445e+47   4.786143e+37   4.931789e+47   0.000000e+00   0.000000e+00   0.000000e+00   0.000000e+00   0.000000e+00   0.000000e+00   0.000000e+00   0.000000e+00   0.000000e+00   0.000000e+00   0.000000e+00   0.000000e+00   0.000000e+00
           4366   1.995840e+07      1.0000000      0.0000000   3.996000e+30   0.000000e+00   3.996000e+30   0.000000e+00   0.000000e+00   0.000000e+00   0.000000e+00   0.000000e+00   0.000000e+00            inf   0.000000e+00  -3.370738e+38   0.000000e+00   0.000000e+00   7.853888e+12   7.704471e+12   7.479894e+12   6.406593e+24   5.993996e+34   0.000000e+00  -4.483445e+47   4.792080e+37   4.931790e+47   0.000000e+00   0.000000e+00   0.000000e+00   0.000000e+00   0.000000e+00   0.000000e+00   0.000000e+00   0.000000e+00   0.000000e+00   0.000000e+00   0.000000e+00   0.000000e+00   0.000000e+00
           4388   2.004480e+07      1.0000000      0.0000000   3.996000e+30   0.000000e+00   3.996000e+30   0.000000e+00   0.000000e+00   0.000000e+00   0.000000e+00   0.000000e+00   0.000000e+00            inf   0.000000e+00  -3.368541e+38   0.000000e+00   0.000000e+00   7.853888e+12   7.705767e+12   7.479894e+12   6.414108e+24   5.993997e+34   0.000000e+00  -4.483446e+47   4.797671e+37   4.931790e+47   0.000000e+00   0.000000e+00   0.000000e+00   0.000000e+00   0.000000e+00   0.000000e+00   0.000000e+00   0.000000e+00   0.000000e+00   0.000000e+00   0.000000e+00   0.000000e+00   0.000000e+00
           4411   2.013120e+07      1.0000000      0.0000000   3.996000e+30   0.000000e+00   3.996000e+30   0.000000e+00   0.000000e+00   0.000000e+00   0.000000e+00   0.000000e+00   0.000000e+00            inf   0.000000e+00  -3.365237e+38   0.000000e+00   0.000000e+00   7.853888e+12   7.707063e+12   7.479894e+12   6.421212e+24   5.993996e+34   0.000000e+00  -4.483446e+47   4.802988e+37   4.931790e+47   0.000000e+00   0.000000e+00   0.000000e+00   0.000000e+00   0.000000e+00   0.000000e+00   0.000000e+00   0.000000e+00   0.000000e+00   0.000000e+00   0.000000e+00   0.000000e+00   0.000000e+00
           4433   2.021760e+07      1.0000000      0.0000000   3.996000e+30   0.000000e+00   3.996000e+30   0.000000e+00   0.000000e+00   0.000000e+00   0.000000e+00   0.000000e+00   0.000000e+00            inf   0.000000e+00  -3.361917e+38   0.000000e+00   0.000000e+00   7.853888e+12   7.708359e+12   7.479894e+12   6.427932e+24   5.993996e+34   0.000000e+00  -4.483445e+47   4.808016e+37   4.931790e+47   0.000000e+00   0.000000e+00   0.000000e+00   0.000000e+00   0.000000e+00   0.000000e+00   0.000000e+00   0.000000e+00   0.000000e+00   0.000000e+00   0.000000e+00   0.000000e+00   0.000000e+00
           4456   2.030400e+07      1.0000000      0.0000000   3.996000e+30   0.000000e+00   3.996000e+30   0.000000e+00   0.000000e+00   0.000000e+00   0.000000e+00   0.000000e+00   0.000000e+00            inf   0.000000e+00  -3.358584e+38   0.000000e+00   0.000000e+00   7.853888e+12   7.709655e+12   7.479894e+12   6.434301e+24   5.993996e+34   0.000000e+00  -4.483445e+47   4.812794e+37   4.931790e+47   0.000000e+00   0.000000e+00   0.000000e+00   0.000000e+00   0.000000e+00   0.000000e+00   0.000000e+00   0.000000e+00   0.000000e+00   0.000000e+00   0.000000e+00   0.000000e+00   0.000000e+00
           4478   2.039040e+07      1.0000000      0.0000000   3.996000e+30   0.000000e+00   3.996000e+30   0.000000e+00   0.000000e+00   0.000000e+00   0.000000e+00   0.000000e+00   0.000000e+00            inf   0.000000e+00  -3.355236e+38   0.000000e+00   0.000000e+00   7.853888e+12   7.710951e+12   7.479894e+12   6.440358e+24   5.993996e+34   0.000000e+00  -4.483445e+47   4.817317e+37   4.931790e+47   0.000000e+00   0.000000e+00   0.000000e+00   0.000000e+00   0.000000e+00   0.000000e+00   0.000000e+00   0.000000e+00   0.000000e+00   0.000000e+00   0.000000e+00   0.000000e+00   0.000000e+00
           4501   2.047680e+07      1.0000000      0.0000000   3.996000e+30   0.000000e+00   3.996000e+30   0.000000e+00   0.000000e+00   0.000000e+00   0.000000e+00   0.000000e+00   0.000000e+00            inf   0.000000e+00  -3.352995e+38   0.000000e+00   0.000000e+00   7.853888e+12   7.712247e+12   7.479894e+12   6.446141e+24   5.993995e+34   0.000000e+00  -4.483445e+47   4.821644e+37   4.931790e+47   0.000000e+00   0.000000e+00   0.000000e+00   0.000000e+00   0.000000e+00   0.000000e+00   0.000000e+00   0.000000e+00   0.000000e+00   0.000000e+00   0.000000e+00   0.000000e+00   0.000000e+00
           4523   2.056320e+07      1.0000000      0.0000000   3.996000e+30   0.000000e+00   3.996000e+30   0.000000e+00   0.000000e+00   0.000000e+00   0.000000e+00   0.000000e+00   0.000000e+00            inf   0.000000e+00  -3.349623e+38   0.000000e+00   0.000000e+00   7.853888e+12   7.713543e+12   7.479894e+12   6.451635e+24   5.993996e+34   0.000000e+00  -4.483445e+47   4.825756e+37   4.931790e+47   0.000000e+00   0.000000e+00   0.000000e+00   0.000000e+00   0.000000e+00   0.000000e+00   0.000000e+00   0.000000e+00   0.000000e+00   0.000000e+00   0.000000e+00   0.000000e+00   0.000000e+00
           4546   2.064960e+07      1.0000000      0.0000000   3.996000e+30   0.000000e+00   3.996000e+30   0.000000e+00   0.000000e+00   0.000000e+00   0.000000e+00   0.000000e+00   0.000000e+00            inf   0.000000e+00  -3.346237e+38   0.000000e+00   0.000000e+00   7.853888e+12   7.714839e+12   7.479894e+12   6.456909e+24   5.993996e+34   0.000000e+00  -4.483445e+47   4.829702e+37   4.931790e+47   0.000000e+00   0.000000e+00   0.000000e+00   0.000000e+00   0.000000e+00   0.000000e+00   0.000000e+00   0.000000e+00   0.000000e+00   0.000000e+00   0.000000e+00   0.000000e+00   0.000000e+00
           4568   2.073600e+07      1.0000000      0.0000000   3.996000e+30   0.000000e+00   3.996000e+30   0.000000e+00   0.000000e+00   0.000000e+00   0.000000e+00   0.000000e+00   0.000000e+00            inf   0.000000e+00  -3.342837e+38   0.000000e+00   0.000000e+00   7.853888e+12   7.716135e+12   7.479894e+12   6.461949e+24   5.993997e+34   0.000000e+00  -4.483446e+47   4.833469e+37   4.931790e+47   0.000000e+00   0.000000e+00   0.000000e+00   0.000000e+00   0.000000e+00   0.000000e+00   0.000000e+00   0.000000e+00   0.000000e+00   0.000000e+00   0.000000e+00   0.000000e+00   0.000000e+00
           4590   2.082240e+07      1.0000000      0.0000000   3.996000e+30   0.000000e+00   3.996000e+30   0.000000e+00   0.000000e+00   0.000000e+00   0.000000e+00   0.000000e+00   0.000000e+00            inf   0.000000e+00  -3.339421e+38   0.000000e+00   0.000000e+00   7.853888e+12   7.717431e+12   7.479894e+12   6.466786e+24   5.993996e+34   0.000000e+00  -4.483445e+47   4.837096e+37   4.931790e+47   0.000000e+00   0.000000e+00   0.000000e+00   0.000000e+00   0.000000e+00   0.000000e+00   0.000000e+00   0.000000e+00   0.000000e+00   0.000000e+00   0.000000e+00   0.000000e+00   0.000000e+00
           4613   2.090880e+07      1.0000000      0.0000000   3.996000e+30   0.000000e+00   3.996000e+30   0.000000e+00   0.000000e+00   0.000000e+00   0.000000e+00   0.000000e+00   0.000000e+00            inf   0.000000e+00  -3.337141e+38   0.000000e+00   0.000000e+00   7.853888e+12   7.718727e+12   7.479894e+12   6.471474e+24   5.993997e+34   0.000000e+00  -4.483446e+47   4.840588e+37   4.931790e+47   0.000000e+00   0.000000e+00   0.000000e+00   0.000000e+00   0.000000e+00   0.000000e+00   0.000000e+00   0.000000e+00   0.000000e+00   0.000000e+00   0.000000e+00   0.000000e+00   0.000000e+00
           4635   2.099520e+07      1.0000000      0.0000000   3.996000e+30   0.000000e+00   3.996000e+30   0.000000e+00   0.000000e+00   0.000000e+00   0.000000e+00   0.000000e+00   0.000000e+00            inf   0.000000e+00  -3.333703e+38   0.000000e+00   0.000000e+00   7.853888e+12   7.720023e+12   7.479894e+12   6.475955e+24   5.993997e+34   0.000000e+00  -4.483446e+47   4.843950e+37   4.931790e+47   0.000000e+00   0.000000e+00   0.000000e+00   0.000000e+00   0.000000e+00   0.000000e+00   0.000000e+00   0.000000e+00   0.000000e+00   0.000000e+00   0.000000e+00   0.000000e+00   0.000000e+00
           4658   2.108160e+07      1.0000000      0.0000000   3.996000e+30   0.000000e+00   3.996000e+30   0.000000e+00   0.000000e+00   0.000000e+00   0.000000e+00   0.000000e+00   0.000000e+00            inf   0.000000e+00  -3.330252e+38   0.000000e+00   0.000000e+00   7.853888e+12   7.721319e+12   7.479894e+12   6.480291e+24   5.993997e+34   0.000000e+00  -4.483446e+47   4.847190e+37   4.931790e+47   0.000000e+00   0.000000e+00   0.000000e+00   0.000000e+00   0.000000e+00   0.000000e+00   0.000000e+00   0.000000e+00   0.000000e+00   0.000000e+00   0.000000e+00   0.000000e+00   0.000000e+00
           4680   2.116800e+07      1.0000000      0.0000000   3.996000e+30   0.000000e+00   3.996000e+30   0.000000e+00   0.000000e+00   0.000000e+00   0.000000e+00   0.000000e+00   0.000000e+00            inf   0.000000e+00  -3.326791e+38   0.000000e+00   0.000000e+00   7.853888e+12   7.722615e+12   7.479894e+12   6.484497e+24   5.993997e+34   0.000000e+00  -4.483446e+47   4.850330e+37   4.931790e+47   0.000000e+00   0.000000e+00   0.000000e+00   0.000000e+00   0.000000e+00   0.000000e+00   0.000000e+00   0.000000e+00   0.000000e+00   0.000000e+00   0.000000e+00   0.000000e+00   0.000000e+00
           4703   2.125440e+07      1.0000000      0.0000000   3.996000e+30   0.000000e+00   3.996000e+30   0.000000e+00   0.000000e+00   0.000000e+00   0.000000e+00   0.000000e+00   0.000000e+00            inf   0.000000e+00  -3.323316e+38   0.000000e+00   0.000000e+00   7.853888e+12   7.723911e+12   7.479894e+12   6.488535e+24   5.993997e+34   0.000000e+00  -4.483446e+47   4.853355e+37   4.931791e+47   0.000000e+00   0.000000e+00   0.000000e+00   0.000000e+00   0.000000e+00   0.000000e+00   0.000000e+00   0.000000e+00   0.000000e+00   0.000000e+00   0.000000e+00   0.000000e+00   0.000000e+00
           4725   2.134080e+07      1.0000000      0.0000000   3.996000e+30   0.000000e+00   3.996000e+30   0.000000e+00   0.000000e+00   0.000000e+00   0.000000e+00   0.000000e+00   0.000000e+00            inf   0.000000e+00  -3.320993e+38   0.000000e+00   0.000000e+00   7.853888e+12   7.725207e+12   7.479894e+12   6.492445e+24   5.993997e+34   0.000000e+00  -4.483446e+47   4.856290e+37   4.931790e+47   0.000000e+00   0.000000e+00   0.000000e+00   0.000000e+00   0.000000e+00   0.000000e+00   0.000000e+00   0.000000e+00   0.000000e+00   0.000000e+00   0.000000e+00   0.000000e+00   0.000000e+00
           4748   2.142720e+07      1.0000000      0.0000000   3.996000e+30   0.000000e+00   3.996000e+30   0.000000e+00   0.000000e+00   0.000000e+00   0.000000e+00   0.000000e+00   0.000000e+00            inf   0.000000e+00  -3.317497e+38   0.000000e+00   0.000000e+00   7.853888e+12   7.726503e+12   7.479894e+12   6.496228e+24   5.993997e+34   0.000000e+00  -4.483446e+47   4.859107e+37   4.931790e+47   0.000000e+00   0.000000e+00   0.000000e+00   0.000000e+00   0.000000e+00   0.000000e+00   0.000000e+00   0.000000e+00   0.000000e+00   0.000000e+00   0.000000e+00   0.000000e+00   0.000000e+00
           4770   2.151360e+07      1.0000000      0.0000000   3.996000e+30   0.000000e+00   3.996000e+30   0.000000e+00   0.000000e+00   0.000000e+00   0.000000e+00   0.000000e+00   0.000000e+00            inf   0.000000e+00  -3.313990e+38   0.000000e+00   0.000000e+00   7.853888e+12   7.727799e+12   7.479894e+12   6.499904e+24   5.993997e+34   0.000000e+00  -4.483446e+47   4.861846e+37   4.931790e+47   0.000000e+00   0.000000e+00   0.000000e+00   0.000000e+00   0.000000e+00   0.000000e+00   0.000000e+00   0.000000e+00   0.000000e+00   0.000000e+00   0.000000e+00   0.000000e+00   0.000000e+00
           4792   2.160000e+07      1.0000000      0.0000000   3.996000e+30   0.000000e+00   3.996000e+30   0.000000e+00   0.000000e+00   0.000000e+00   0.000000e+00   0.000000e+00   0.000000e+00            inf   0.000000e+00  -3.310467e+38   0.000000e+00   0.000000e+00   7.853888e+12   7.729095e+12   7.479894e+12   6.503427e+24   5.993997e+34   0.000000e+00  -4.483446e+47   4.864491e+37   4.931791e+47   0.000000e+00   0.000000e+00   0.000000e+00   0.000000e+00   0.000000e+00   0.000000e+00   0.000000e+00   0.000000e+00   0.000000e+00   0.000000e+00   0.000000e+00   0.000000e+00   0.000000e+00
           4815   2.168640e+07      1.0000000      0.0000000   3.996000e+30   0.000000e+00   3.996000e+30   0.000000e+00   0.000000e+00   0.000000e+00   0.000000e+00   0.000000e+00   0.000000e+00            inf   0.000000e+00  -3.306934e+38   0.000000e+00   0.000000e+00   7.853888e+12   7.730391e+12   7.479894e+12   6.506847e+24   5.993997e+34   0.000000e+00  -4.483446e+47   4.867048e+37   4.931791e+47   0.000000e+00   0.000000e+00   0.000000e+00   0.000000e+00   0.000000e+00   0.000000e+00   0.000000e+00   0.000000e+00   0.000000e+00   0.000000e+00   0.000000e+00   0.000000e+00   0.000000e+00
           4837   2.177280e+07      1.0000000      0.0000000   3.996000e+30   0.000000e+00   3.996000e+30   0.000000e+00   0.000000e+00   0.000000e+00   0.000000e+00   0.000000e+00   0.000000e+00            inf   0.000000e+00  -3.304574e+38   0.000000e+00   0.000000e+00   7.853888e+12   7.731687e+12   7.479894e+12   6.510157e+24   5.993997e+34   0.000000e+00  -4.483446e+47   4.869537e+37   4.931790e+47   0.000000e+00   0.000000e+00   0.000000e+00   0.000000e+00   0.000000e+00   0.000000e+00   0.000000e+00   0.000000e+00   0.000000e+00   0.000000e+00   0.000000e+00   0.000000e+00   0.000000e+00
           4860   2.185920e+07      1.0000000      0.0000000   3.996000e+30   0.000000e+00   3.996000e+30   0.000000e+00   0.000000e+00   0.000000e+00   0.000000e+00   0.000000e+00   0.000000e+00            inf   0.000000e+00  -3.301023e+38   0.000000e+00   0.000000e+00   7.853888e+12   7.732983e+12   7.479894e+12   6.513359e+24   5.993997e+34   0.000000e+00  -4.483446e+47   4.871920e+37   4.931791e+47   0.000000e+00   0.000000e+00   0.000000e+00   0.000000e+00   0.000000e+00   0.000000e+00   0.000000e+00   0.000000e+00   0.000000e+00   0.000000e+00   0.000000e+00   0.000000e+00   0.000000e+00
           4882   2.194560e+07      1.0000000      0.0000000   3.996000e+30   0.000000e+00   3.996000e+30   0.000000e+00   0.000000e+00   0.000000e+00   0.000000e+00   0.000000e+00   0.000000e+00            inf   0.000000e+00  -3.297461e+38   0.000000e+00   0.000000e+00   7.853888e+12   7.734279e+12   7.479894e+12   6.516460e+24   5.993997e+34   0.000000e+00  -4.483446e+47   4.874246e+37   4.931791e+47   0.000000e+00   0.000000e+00   0.000000e+00   0.000000e+00   0.000000e+00   0.000000e+00   0.000000e+00   0.000000e+00   0.000000e+00   0.000000e+00   0.000000e+00   0.000000e+00   0.000000e+00
           4905   2.203200e+07      1.0000000      0.0000000   3.996000e+30   0.000000e+00   3.996000e+30   0.000000e+00   0.000000e+00   0.000000e+00   0.000000e+00   0.000000e+00   0.000000e+00            inf   0.000000e+00  -3.293885e+38   0.000000e+00   0.000000e+00   7.853888e+12   7.735575e+12   7.479894e+12   6.519453e+24   5.993997e+34   0.000000e+00  -4.483446e+47   4.876488e+37   4.931790e+47   0.000000e+00   0.000000e+00   0.000000e+00   0.000000e+00   0.000000e+00   0.000000e+00   0.000000e+00   0.000000e+00   0.000000e+00   0.000000e+00   0.000000e+00   0.000000e+00   0.000000e+00
           4927   2.211840e+07      1.0000000      0.0000000   3.996000e+30   0.000000e+00   3.996000e+30   0.000000e+00   0.000000e+00   0.000000e+00   0.000000e+00   0.000000e+00   0.000000e+00            inf   0.000000e+00  -3.290300e+38   0.000000e+00   0.000000e+00   7.853888e+12   7.736871e+12   7.479894e+12   6.522369e+24   5.993997e+34   0.000000e+00  -4.483446e+47   4.878661e+37   4.931791e+47   0.000000e+00   0.000000e+00   0.000000e+00   0.000000e+00   0.000000e+00   0.000000e+00   0.000000e+00   0.000000e+00   0.000000e+00   0.000000e+00   0.000000e+00   0.000000e+00   0.000000e+00
           4950   2.220480e+07      1.0000000      0.0000000   3.996000e+30   0.000000e+00   3.996000e+30   0.000000e+00   0.000000e+00   0.000000e+00   0.000000e+00   0.000000e+00   0.000000e+00            inf   0.000000e+00  -3.286703e+38   0.000000e+00   0.000000e+00   7.853888e+12   7.738167e+12   7.479894e+12   6.525172e+24   5.993998e+34   0.000000e+00  -4.483446e+47   4.880766e+37   4.931791e+47   0.000000e+00   0.000000e+00   0.000000e+00   0.000000e+00   0.000000e+00   0.000000e+00   0.000000e+00   0.000000e+00   0.000000e+00   0.000000e+00   0.000000e+00   0.000000e+00   0.000000e+00
           4972   2.229120e+07      1.0000000      0.0000000   3.996000e+30   0.000000e+00   3.996000e+30   0.000000e+00   0.000000e+00   0.000000e+00   0.000000e+00   0.000000e+00   0.000000e+00            inf   0.000000e+00  -3.284300e+38   0.000000e+00   0.000000e+00   7.853888e+12   7.739463e+12   7.479894e+12   6.527872e+24   5.993997e+34   0.000000e+00  -4.483446e+47   4.882792e+37   4.931791e+47   0.000000e+00   0.000000e+00   0.000000e+00   0.000000e+00   0.000000e+00   0.000000e+00   0.000000e+00   0.000000e+00   0.000000e+00   0.000000e+00   0.000000e+00   0.000000e+00   0.000000e+00
           4994   2.237760e+07      1.0000000      0.0000000   3.996000e+30   0.000000e+00   3.996000e+30   0.000000e+00   0.000000e+00   0.000000e+00   0.000000e+00   0.000000e+00   0.000000e+00            inf   0.000000e+00  -3.280684e+38   0.000000e+00   0.000000e+00   7.853888e+12   7.740759e+12   7.479894e+12   6.530478e+24   5.993998e+34   0.000000e+00  -4.483447e+47   4.884735e+37   4.931791e+47   0.000000e+00   0.000000e+00   0.000000e+00   0.000000e+00   0.000000e+00   0.000000e+00   0.000000e+00   0.000000e+00   0.000000e+00   0.000000e+00   0.000000e+00   0.000000e+00   0.000000e+00
           5017   2.246400e+07      1.0000000      0.0000000   3.996000e+30   0.000000e+00   3.996000e+30   0.000000e+00   0.000000e+00   0.000000e+00   0.000000e+00   0.000000e+00   0.000000e+00            inf   0.000000e+00  -3.277061e+38   0.000000e+00   0.000000e+00   7.853888e+12   7.742055e+12   7.479894e+12   6.532976e+24   5.993998e+34   0.000000e+00  -4.483447e+47   4.886605e+37   4.931792e+47   0.000000e+00   0.000000e+00   0.000000e+00   0.000000e+00   0.000000e+00   0.000000e+00   0.000000e+00   0.000000e+00   0.000000e+00   0.000000e+00   0.000000e+00   0.000000e+00   0.000000e+00
           5039   2.255040e+07      1.0000000      0.0000000   3.996000e+30   0.000000e+00   3.996000e+30   0.000000e+00   0.000000e+00   0.000000e+00   0.000000e+00   0.000000e+00   0.000000e+00            inf   0.000000e+00  -3.273425e+38   0.000000e+00   0.000000e+00   7.853888e+12   7.743351e+12   7.479894e+12   6.535364e+24   5.993998e+34   0.000000e+00  -4.483447e+47   4.888367e+37   4.931791e+47   0.000000e+00   0.000000e+00   0.000000e+00   0.000000e+00   0.000000e+00   0.000000e+00   0.000000e+00   0.000000e+00   0.000000e+00   0.000000e+00   0.000000e+00   0.000000e+00   0.000000e+00
           5062   2.263680e+07      1.0000000      0.0000000   3.996000e+30   0.000000e+00   3.996000e+30   0.000000e+00   0.000000e+00   0.000000e+00   0.000000e+00   0.000000e+00   0.000000e+00            inf   0.000000e+00  -3.269778e+38   0.000000e+00   0.000000e+00   7.853888e+12   7.744647e+12   7.479894e+12   6.537596e+24   5.993998e+34   0.000000e+00  -4.483447e+47   4.890052e+37   4.931791e+47   0.000000e+00   0.000000e+00   0.000000e+00   0.000000e+00   0.000000e+00   0.000000e+00   0.000000e+00   0.000000e+00   0.000000e+00   0.000000e+00   0.000000e+00   0.000000e+00   0.000000e+00
           5084   2.272320e+07      1.0000000      0.0000000   3.996000e+30   0.000000e+00   3.996000e+30   0.000000e+00   0.000000e+00   0.000000e+00   0.000000e+00   0.000000e+00   0.000000e+00            inf   0.000000e+00  -3.267344e+38   0.000000e+00   0.000000e+00   7.853888e+12   7.745943e+12   7.479894e+12   6.539701e+24   5.993998e+34   0.000000e+00  -4.483447e+47   4.891629e+37   4.931792e+47   0.000000e+00   0.000000e+00   0.000000e+00   0.000000e+00   0.000000e+00   0.000000e+00   0.000000e+00   0.000000e+00   0.000000e+00   0.000000e+00   0.000000e+00   0.000000e+00   0.000000e+00
           5107   2.280960e+07      1.0000000      0.0000000   3.996000e+30   0.000000e+00   3.996000e+30   0.000000e+00   0.000000e+00   0.000000e+00   0.000000e+00   0.000000e+00   0.000000e+00            inf   0.000000e+00  -3.263681e+38   0.000000e+00   0.000000e+00   7.853888e+12   7.747239e+12   7.479894e+12   6.541633e+24   5.993998e+34   0.000000e+00  -4.483447e+47   4.893072e+37   4.931791e+47   0.000000e+00   0.000000e+00   0.000000e+00   0.000000e+00   0.000000e+00   0.000000e+00   0.000000e+00   0.000000e+00   0.000000e+00   0.000000e+00   0.000000e+00   0.000000e+00   0.000000e+00
           5129   2.289600e+07      1.0000000      0.0000000   3.996000e+30   0.000000e+00   3.996000e+30   0.000000e+00   0.000000e+00   0.000000e+00   0.000000e+00   0.000000e+00   0.000000e+00            inf   0.000000e+00  -3.260010e+38   0.000000e+00   0.000000e+00   7.853888e+12   7.748535e+12   7.479894e+12   6.543376e+24   5.993998e+34   0.000000e+00  -4.483447e+47   4.894381e+37   4.931792e+47   0.000000e+00   0.000000e+00   0.000000e+00   0.000000e+00   0.000000e+00   0.000000e+00   0.000000e+00   0.000000e+00   0.000000e+00   0.000000e+00   0.000000e+00   0.000000e+00   0.000000e+00
           5152   2.298240e+07      1.0000000      0.0000000   3.996000e+30   0.000000e+00   3.996000e+30   0.000000e+00   0.000000e+00   0.000000e+00   0.000000e+00   0.000000e+00   0.000000e+00            inf   0.000000e+00  -3.256330e+38   0.000000e+00   0.000000e+00   7.853888e+12   7.749831e+12   7.479894e+12   6.544951e+24   5.993998e+34   0.000000e+00  -4.483447e+47   4.895546e+37   4.931792e+47   0.000000e+00   0.000000e+00   0.000000e+00   0.000000e+00   0.000000e+00   0.000000e+00   0.000000e+00   0.000000e+00   0.000000e+00   0.000000e+00   0.000000e+00   0.000000e+00   0.000000e+00
           5174   2.306880e+07      1.0000000      0.0000000   3.996000e+30   0.000000e+00   3.996000e+30   0.000000e+00   0.000000e+00   0.000000e+00   0.000000e+00   0.000000e+00   0.000000e+00            inf   0.000000e+00  -3.252639e+38   0.000000e+00   0.000000e+00   7.853888e+12   7.751127e+12   7.479894e+12   6.546287e+24   5.993999e+34   0.000000e+00  -4.483447e+47   4.896550e+37   4.931792e+47   0.000000e+00   0.000000e+00   0.000000e+00   0.000000e+00   0.000000e+00   0.000000e+00   0.000000e+00   0.000000e+00   0.000000e+00   0.000000e+00   0.000000e+00   0.000000e+00   0.000000e+00
           5196   2.315520e+07      1.0000000      0.0000000   3.996000e+30   0.000000e+00   3.996000e+30   0.000000e+00   0.000000e+00   0.000000e+00   0.000000e+00   0.000000e+00   0.000000e+00            inf   0.000000e+00  -3.250172e+38   0.000000e+00   0.000000e+00   7.853888e+12   7.752423e+12   7.479894e+12   6.547397e+24   5.993998e+34   0.000000e+00  -4.483447e+47   4.897399e+37   4.931791e+47   0.000000e+00   0.000000e+00   0.000000e+00   0.000000e+00   0.000000e+00   0.000000e+00   0.000000e+00   0.000000e+00   0.000000e+00   0.000000e+00   0.000000e+00   0.000000e+00   0.000000e+00
           5219   2.324160e+07      1.0000000      0.0000000   3.996000e+30   0.000000e+00   3.996000e+30   0.000000e+00   0.000000e+00   0.000000e+00   0.000000e+00   0.000000e+00   0.000000e+00            inf   0.000000e+00  -3.246468e+38   0.000000e+00   0.000000e+00   7.853888e+12   7.753719e+12   7.479894e+12   6.548274e+24   5.993998e+34   0.000000e+00  -4.483447e+47   4.898040e+37   4.931792e+47   0.000000e+00   0.000000e+00   0.000000e+00   0.000000e+00   0.000000e+00   0.000000e+00   0.000000e+00   0.000000e+00   0.000000e+00   0.000000e+00   0.000000e+00   0.000000e+00   0.000000e+00
           5241   2.332800e+07      1.0000000      0.0000000   3.996000e+30   0.000000e+00   3.996000e+30   0.000000e+00   0.000000e+00   0.000000e+00   0.000000e+00   0.000000e+00   0.000000e+00            inf   0.000000e+00  -3.242753e+38   0.000000e+00   0.000000e+00   7.853888e+12   7.755015e+12   7.479894e+12   6.548901e+24   5.993999e+34   0.000000e+00  -4.483447e+47   4.898503e+37   4.931792e+47   0.000000e+00   0.000000e+00   0.000000e+00   0.000000e+00   0.000000e+00   0.000000e+00   0.000000e+00   0.000000e+00   0.000000e+00   0.000000e+00   0.000000e+00   0.000000e+00   0.000000e+00
           5264   2.341440e+07      1.0000000      0.0000000   3.996000e+30   0.000000e+00   3.996000e+30   0.000000e+00   0.000000e+00   0.000000e+00   0.000000e+00   0.000000e+00   0.000000e+00            inf   0.000000e+00  -3.239030e+38   0.000000e+00   0.000000e+00   7.853888e+12   7.756311e+12   7.479894e+12   6.549256e+24   5.993998e+34   0.000000e+00  -4.483447e+47   4.898776e+37   4.931791e+47   0.000000e+00   0.000000e+00   0.000000e+00   0.000000e+00   0.000000e+00   0.000000e+00   0.000000e+00   0.000000e+00   0.000000e+00   0.000000e+00   0.000000e+00   0.000000e+00   0.000000e+00
           5286   2.350080e+07      1.0000000      0.0000000   3.996000e+30   0.000000e+00   3.996000e+30   0.000000e+00   0.000000e+00   0.000000e+00   0.000000e+00   0.000000e+00   0.000000e+00            inf   0.000000e+00  -3.235297e+38   0.000000e+00   0.000000e+00   7.853888e+12   7.757607e+12   7.479894e+12   6.549331e+24   5.993999e+34   0.000000e+00  -4.483447e+47   4.898837e+37   4.931792e+47   0.000000e+00   0.000000e+00   0.000000e+00   0.000000e+00   0.000000e+00   0.000000e+00   0.000000e+00   0.000000e+00   0.000000e+00   0.000000e+00   0.000000e+00   0.000000e+00   0.000000e+00
           5309   2.358720e+07      1.0000000      0.0000000   3.996000e+30   0.000000e+00   3.996000e+30   0.000000e+00   0.000000e+00   0.000000e+00   0.000000e+00   0.000000e+00   0.000000e+00            inf   0.000000e+00  -3.232804e+38   0.000000e+00   0.000000e+00   7.853888e+12   7.758903e+12   7.479894e+12   6.549139e+24   5.993999e+34   0.000000e+00  -4.483447e+47   4.898679e+37   4.931792e+47   0.000000e+00   0.000000e+00   0.000000e+00   0.000000e+00   0.000000e+00   0.000000e+00   0.000000e+00   0.000000e+00   0.000000e+00   0.000000e+00   0.000000e+00   0.000000e+00   0.000000e+00
           5331   2.367360e+07      1.0000000      0.0000000   3.996000e+30   0.000000e+00   3.996000e+30   0.000000e+00   0.000000e+00   0.000000e+00   0.000000e+00   0.000000e+00   0.000000e+00            inf   0.000000e+00  -3.229060e+38   0.000000e+00   0.000000e+00   7.853888e+12   7.760199e+12   7.479894e+12   6.548669e+24   5.993998e+34   0.000000e+00  -4.483447e+47   4.898344e+37   4.931792e+47   0.000000e+00   0.000000e+00   0.000000e+00   0.000000e+00   0.000000e+00   0.000000e+00   0.000000e+00   0.000000e+00   0.000000e+00   0.000000e+00   0.000000e+00   0.000000e+00   0.000000e+00
           5354   2.376000e+07      1.0000000      0.0000000   3.996000e+30   0.000000e+00   3.996000e+30   0.000000e+00   0.000000e+00   0.000000e+00   0.000000e+00   0.000000e+00   0.000000e+00            inf   0.000000e+00  -3.225305e+38   0.000000e+00   0.000000e+00   7.853888e+12   7.761495e+12   7.479894e+12   6.547923e+24   5.993998e+34   0.000000e+00  -4.483447e+47   4.897770e+37   4.931792e+47   0.000000e+00   0.000000e+00   0.000000e+00   0.000000e+00   0.000000e+00   0.000000e+00   0.000000e+00   0.000000e+00   0.000000e+00   0.000000e+00   0.000000e+00   0.000000e+00   0.000000e+00
           5376   2.384640e+07      1.0000000      0.0000000   3.996000e+30   0.000000e+00   3.996000e+30   0.000000e+00   0.000000e+00   0.000000e+00   0.000000e+00   0.000000e+00   0.000000e+00            inf   0.000000e+00  -3.221543e+38   0.000000e+00   0.000000e+00   7.853888e+12   7.762791e+12   7.479894e+12   6.546907e+24   5.993998e+34   0.000000e+00  -4.483447e+47   4.897017e+37   4.931792e+47   0.000000e+00   0.000000e+00   0.000000e+00   0.000000e+00   0.000000e+00   0.000000e+00   0.000000e+00   0.000000e+00   0.000000e+00   0.000000e+00   0.000000e+00   0.000000e+00   0.000000e+00
           5398   2.393280e+07      1.0000000      0.0000000   3.996000e+30   0.000000e+00   3.996000e+30   0.000000e+00   0.000000e+00   0.000000e+00   0.000000e+00   0.000000e+00   0.000000e+00            inf   0.000000e+00  -3.217773e+38   0.000000e+00   0.000000e+00   7.853888e+12   7.764087e+12   7.479894e+12   6.545628e+24   5.993998e+34   0.000000e+00  -4.483447e+47   4.896063e+37   4.931791e+47   0.000000e+00   0.000000e+00   0.000000e+00   0.000000e+00   0.000000e+00   0.000000e+00   0.000000e+00   0.000000e+00   0.000000e+00   0.000000e+00   0.000000e+00   0.000000e+00   0.000000e+00
           5421   2.401920e+07      1.0000000      0.0000000   3.996000e+30   0.000000e+00   3.996000e+30   0.000000e+00   0.000000e+00   0.000000e+00   0.000000e+00   0.000000e+00   0.000000e+00            inf   0.000000e+00  -3.215255e+38   0.000000e+00   0.000000e+00   7.853888e+12   7.765383e+12   7.479894e+12   6.544109e+24   5.993998e+34   0.000000e+00  -4.483447e+47   4.894918e+37   4.931792e+47   0.000000e+00   0.000000e+00   0.000000e+00   0.000000e+00   0.000000e+00   0.000000e+00   0.000000e+00   0.000000e+00   0.000000e+00   0.000000e+00   0.000000e+00   0.000000e+00   0.000000e+00
           5443   2.410560e+07      1.0000000      0.0000000   3.996000e+30   0.000000e+00   3.996000e+30   0.000000e+00   0.000000e+00   0.000000e+00   0.000000e+00   0.000000e+00   0.000000e+00            inf   0.000000e+00  -3.211474e+38   0.000000e+00   0.000000e+00   7.853888e+12   7.766679e+12   7.479894e+12   6.542342e+24   5.993998e+34   0.000000e+00  -4.483447e+47   4.893604e+37   4.931792e+47   0.000000e+00   0.000000e+00   0.000000e+00   0.000000e+00   0.000000e+00   0.000000e+00   0.000000e+00   0.000000e+00   0.000000e+00   0.000000e+00   0.000000e+00   0.000000e+00   0.000000e+00
           5466   2.419200e+07      1.0000000      0.0000000   3.996000e+30   0.000000e+00   3.996000e+30   0.000000e+00   0.000000e+00   0.000000e+00   0.000000e+00   0.000000e+00   0.000000e+00            inf   0.000000e+00  -3.207682e+38   0.000000e+00   0.000000e+00   7.853888e+12   7.767975e+12   7.479894e+12   6.540352e+24   5.993998e+34   0.000000e+00  -4.483447e+47   4.892107e+37   4.931792e+47   0.000000e+00   0.000000e+00   0.000000e+00   0.000000e+00   0.000000e+00   0.000000e+00   0.000000e+00   0.000000e+00   0.000000e+00   0.000000e+00   0.000000e+00   0.000000e+00   0.000000e+00
           5488   2.427840e+07      1.0000000      0.0000000   3.996000e+30   0.000000e+00   3.996000e+30   0.000000e+00   0.000000e+00   0.000000e+00   0.000000e+00   0.000000e+00   0.000000e+00            inf   0.000000e+00  -3.203885e+38   0.000000e+00   0.000000e+00   7.853888e+12   7.769271e+12   7.479894e+12   6.538152e+24   5.993998e+34   0.000000e+00  -4.483447e+47   4.890459e+37   4.931791e+47   0.000000e+00   0.000000e+00   0.000000e+00   0.000000e+00   0.000000e+00   0.000000e+00   0.000000e+00   0.000000e+00   0.000000e+00   0.000000e+00   0.000000e+00   0.000000e+00   0.000000e+00
           5511   2.436480e+07      1.0000000      0.0000000   3.996000e+30   0.000000e+00   3.996000e+30   0.000000e+00   0.000000e+00   0.000000e+00   0.000000e+00   0.000000e+00   0.000000e+00            inf   0.000000e+00  -3.200082e+38   0.000000e+00   0.000000e+00   7.853888e+12   7.770567e+12   7.479894e+12   6.535742e+24   5.993998e+34   0.000000e+00  -4.483446e+47   4.888661e+37   4.931791e+47   0.000000e+00   0.000000e+00   0.000000e+00   0.000000e+00   0.000000e+00   0.000000e+00   0.000000e+00   0.000000e+00   0.000000e+00   0.000000e+00   0.000000e+00   0.000000e+00   0.000000e+00
           5533   2.445120e+07      1.0000000      0.0000000   3.996000e+30   0.000000e+00   3.996000e+30   0.000000e+00   0.000000e+00   0.000000e+00   0.000000e+00   0.000000e+00   0.000000e+00            inf   0.000000e+00  -3.197542e+38   0.000000e+00   0.000000e+00   7.853888e+12   7.771863e+12   7.479894e+12   6.533159e+24   5.993998e+34   0.000000e+00  -4.483446e+47   4.886738e+37   4.931791e+47   0.000000e+00   0.000000e+00   0.000000e+00   0.000000e+00   0.000000e+00   0.000000e+00   0.000000e+00   0.000000e+00   0.000000e+00   0.000000e+00   0.000000e+00   0.000000e+00   0.000000e+00
           5556   2.453760e+07      1.0000000      0.0000000   3.996000e+30   0.000000e+00   3.996000e+30   0.000000e+00   0.000000e+00   0.000000e+00   0.000000e+00   0.000000e+00   0.000000e+00            inf   0.000000e+00  -3.193726e+38   0.000000e+00   0.000000e+00   7.853888e+12   7.773159e+12   7.479894e+12   6.530411e+24   5.993998e+34   0.000000e+00  -4.483446e+47   4.884675e+37   4.931791e+47   0.000000e+00   0.000000e+00   0.000000e+00   0.000000e+00   0.000000e+00   0.000000e+00   0.000000e+00   0.000000e+00   0.000000e+00   0.000000e+00   0.000000e+00   0.000000e+00   0.000000e+00
           5578   2.462400e+07      1.0000000      0.0000000   3.996000e+30   0.000000e+00   3.996000e+30   0.000000e+00   0.000000e+00   0.000000e+00   0.000000e+00   0.000000e+00   0.000000e+00            inf   0.000000e+00  -3.189904e+38   0.000000e+00   0.000000e+00   7.853888e+12   7.774455e+12   7.479894e+12   6.527492e+24   5.993998e+34   0.000000e+00  -4.483447e+47   4.882506e+37   4.931791e+47   0.000000e+00   0.000000e+00   0.000000e+00   0.000000e+00   0.000000e+00   0.000000e+00   0.000000e+00   0.000000e+00   0.000000e+00   0.000000e+00   0.000000e+00   0.000000e+00   0.000000e+00
           5600   2.471040e+07      1.0000000      0.0000000   3.996000e+30   0.000000e+00   3.996000e+30   0.000000e+00   0.000000e+00   0.000000e+00   0.000000e+00   0.000000e+00   0.000000e+00            inf   0.000000e+00  -3.186073e+38   0.000000e+00   0.000000e+00   7.853888e+12   7.775751e+12   7.479894e+12   6.524443e+24   5.993997e+34   0.000000e+00  -4.483446e+47   4.880229e+37   4.931791e+47   0.000000e+00   0.000000e+00   0.000000e+00   0.000000e+00   0.000000e+00   0.000000e+00   0.000000e+00   0.000000e+00   0.000000e+00   0.000000e+00   0.000000e+00   0.000000e+00   0.000000e+00
           5623   2.479680e+07      1.0000000      0.0000000   3.996000e+30   0.000000e+00   3.996000e+30   0.000000e+00   0.000000e+00   0.000000e+00   0.000000e+00   0.000000e+00   0.000000e+00            inf   0.000000e+00  -3.182239e+38   0.000000e+00   0.000000e+00   7.853888e+12   7.777047e+12   7.479894e+12   6.521277e+24   5.993998e+34   0.000000e+00  -4.483446e+47   4.877842e+37   4.931791e+47   0.000000e+00   0.000000e+00   0.000000e+00   0.000000e+00   0.000000e+00   0.000000e+00   0.000000e+00   0.000000e+00   0.000000e+00   0.000000e+00   0.000000e+00   0.000000e+00   0.000000e+00
           5645   2.488320e+07      1.0000000      0.0000000   3.996000e+30   0.000000e+00   3.996000e+30   0.000000e+00   0.000000e+00   0.000000e+00   0.000000e+00   0.000000e+00   0.000000e+00            inf   0.000000e+00  -3.179678e+38   0.000000e+00   0.000000e+00   7.853888e+12   7.778343e+12   7.479894e+12   6.517967e+24   5.993998e+34   0.000000e+00  -4.483447e+47   4.875385e+37   4.931791e+47   0.000000e+00   0.000000e+00   0.000000e+00   0.000000e+00   0.000000e+00   0.000000e+00   0.000000e+00   0.000000e+00   0.000000e+00   0.000000e+00   0.000000e+00   0.000000e+00   0.000000e+00
           5668   2.496960e+07      1.0000000      0.0000000   3.996000e+30   0.000000e+00   3.996000e+30   0.000000e+00   0.000000e+00   0.000000e+00   0.000000e+00   0.000000e+00   0.000000e+00            inf   0.000000e+00  -3.175831e+38   0.000000e+00   0.000000e+00   7.853888e+12   7.779639e+12   7.479894e+12   6.514586e+24   5.993998e+34   0.000000e+00  -4.483446e+47   4.872847e+37   4.931791e+47   0.000000e+00   0.000000e+00   0.000000e+00   0.000000e+00   0.000000e+00   0.000000e+00   0.000000e+00   0.000000e+00   0.000000e+00   0.000000e+00   0.000000e+00   0.000000e+00   0.000000e+00
           5690   2.505600e+07      1.0000000      0.0000000   3.996000e+30   0.000000e+00   3.996000e+30   0.000000e+00   0.000000e+00   0.000000e+00   0.000000e+00   0.000000e+00   0.000000e+00            inf   0.000000e+00  -3.171981e+38   0.000000e+00   0.000000e+00   7.853888e+12   7.780935e+12   7.479894e+12   6.511082e+24   5.993997e+34   0.000000e+00  -4.483446e+47   4.870232e+37   4.931791e+47   0.000000e+00   0.000000e+00   0.000000e+00   0.000000e+00   0.000000e+00   0.000000e+00   0.000000e+00   0.000000e+00   0.000000e+00   0.000000e+00   0.000000e+00   0.000000e+00   0.000000e+00
           5713   2.514240e+07      1.0000000      0.0000000   3.996000e+30   0.000000e+00   3.996000e+30   0.000000e+00   0.000000e+00   0.000000e+00   0.000000e+00   0.000000e+00   0.000000e+00            inf   0.000000e+00  -3.168124e+38   0.000000e+00   0.000000e+00   7.853888e+12   7.782231e+12   7.479894e+12   6.507497e+24   5.993997e+34   0.000000e+00  -4.483446e+47   4.867552e+37   4.931791e+47   0.000000e+00   0.000000e+00   0.000000e+00   0.000000e+00   0.000000e+00   0.000000e+00   0.000000e+00   0.000000e+00   0.000000e+00   0.000000e+00   0.000000e+00   0.000000e+00   0.000000e+00
           5735   2.522880e+07      1.0000000      0.0000000   3.996000e+30   0.000000e+00   3.996000e+30   0.000000e+00   0.000000e+00   0.000000e+00   0.000000e+00   0.000000e+00   0.000000e+00            inf   0.000000e+00  -3.164260e+38   0.000000e+00   0.000000e+00   7.853888e+12   7.783527e+12   7.479894e+12   6.503839e+24   5.993997e+34   0.000000e+00  -4.483446e+47   4.864804e+37   4.931790e+47   0.000000e+00   0.000000e+00   0.000000e+00   0.000000e+00   0.000000e+00   0.000000e+00   0.000000e+00   0.000000e+00   0.000000e+00   0.000000e+00   0.000000e+00   0.000000e+00   0.000000e+00
           5758   2.531520e+07      1.0000000      0.0000000   3.996000e+30   0.000000e+00   3.996000e+30   0.000000e+00   0.000000e+00   0.000000e+00   0.000000e+00   0.000000e+00   0.000000e+00            inf   0.000000e+00  -3.160389e+38   0.000000e+00   0.000000e+00   7.853888e+12   7.784823e+12   7.479894e+12   6.500105e+24   5.993997e+34   0.000000e+00  -4.483446e+47   4.862025e+37   4.931790e+47   0.000000e+00   0.000000e+00   0.000000e+00   0.000000e+00   0.000000e+00   0.000000e+00   0.000000e+00   0.000000e+00   0.000000e+00   0.000000e+00   0.000000e+00   0.000000e+00   0.000000e+00
           5780   2.540160e+07      1.0000000      0.0000000   3.996000e+30   0.000000e+00   3.996000e+30   0.000000e+00   0.000000e+00   0.000000e+00   0.000000e+00   0.000000e+00   0.000000e+00            inf   0.000000e+00  -3.157808e+38   0.000000e+00   0.000000e+00   7.853888e+12   7.786119e+12   7.479894e+12   6.496310e+24   5.993997e+34   0.000000e+00  -4.483446e+47   4.859171e+37   4.931790e+47   0.000000e+00   0.000000e+00   0.000000e+00   0.000000e+00   0.000000e+00   0.000000e+00   0.000000e+00   0.000000e+00   0.000000e+00   0.000000e+00   0.000000e+00   0.000000e+00   0.000000e+00
           5802   2.548800e+07      1.0000000      0.0000000   3.996000e+30   0.000000e+00   3.996000e+30   0.000000e+00   0.000000e+00   0.000000e+00   0.000000e+00   0.000000e+00   0.000000e+00            inf   0.000000e+00  -3.153929e+38   0.000000e+00   0.000000e+00   7.853888e+12   7.787415e+12   7.479894e+12   6.492428e+24   5.993997e+34   0.000000e+00  -4.483446e+47   4.856275e+37   4.931791e+47   0.000000e+00   0.000000e+00   0.000000e+00   0.000000e+00   0.000000e+00   0.000000e+00   0.000000e+00   0.000000e+00   0.000000e+00   0.000000e+00   0.000000e+00   0.000000e+00   0.000000e+00
           5825   2.557440e+07      1.0000000      0.0000000   3.996000e+30   0.000000e+00   3.996000e+30   0.000000e+00   0.000000e+00   0.000000e+00   0.000000e+00   0.000000e+00   0.000000e+00            inf   0.000000e+00  -3.150048e+38   0.000000e+00   0.000000e+00   7.853888e+12   7.788711e+12   7.479894e+12   6.488492e+24   5.993996e+34   0.000000e+00  -4.483445e+47   4.853343e+37   4.931790e+47   0.000000e+00   0.000000e+00   0.000000e+00   0.000000e+00   0.000000e+00   0.000000e+00   0.000000e+00   0.000000e+00   0.000000e+00   0.000000e+00   0.000000e+00   0.000000e+00   0.000000e+00
           5847   2.566080e+07      1.0000000      0.0000000   3.996000e+30   0.000000e+00   3.996000e+30   0.000000e+00   0.000000e+00   0.000000e+00   0.000000e+00   0.000000e+00   0.000000e+00            inf   0.000000e+00  -3.146162e+38   0.000000e+00   0.000000e+00   7.853888e+12   7.790007e+12   7.479894e+12   6.484516e+24   5.993997e+34   0.000000e+00  -4.483446e+47   4.850342e+37   4.931790e+47   0.000000e+00   0.000000e+00   0.000000e+00   0.000000e+00   0.000000e+00   0.000000e+00   0.000000e+00   0.000000e+00   0.000000e+00   0.000000e+00   0.000000e+00   0.000000e+00   0.000000e+00
           5870   2.574720e+07      1.0000000      0.0000000   3.996000e+30   0.000000e+00   3.996000e+30   0.000000e+00   0.000000e+00   0.000000e+00   0.000000e+00   0.000000e+00   0.000000e+00            inf   0.000000e+00  -3.142268e+38   0.000000e+00   0.000000e+00   7.853888e+12   7.791303e+12   7.479894e+12   6.480448e+24   5.993996e+34   0.000000e+00  -4.483445e+47   4.847306e+37   4.931790e+47   0.000000e+00   0.000000e+00   0.000000e+00   0.000000e+00   0.000000e+00   0.000000e+00   0.000000e+00   0.000000e+00   0.000000e+00   0.000000e+00   0.000000e+00   0.000000e+00   0.000000e+00
           5892   2.583360e+07      1.0000000      0.0000000   3.996000e+30   0.000000e+00   3.996000e+30   0.000000e+00   0.000000e+00   0.000000e+00   0.000000e+00   0.000000e+00   0.000000e+00            inf   0.000000e+00  -3.139670e+38   0.000000e+00   0.000000e+00   7.853888e+12   7.792599e+12   7.479894e+12   6.476309e+24   5.993996e+34   0.000000e+00  -4.483445e+47   4.844213e+37   4.931790e+47   0.000000e+00   0.000000e+00   0.000000e+00   0.000000e+00   0.000000e+00   0.000000e+00   0.000000e+00   0.000000e+00   0.000000e+00   0.000000e+00   0.000000e+00   0.000000e+00   0.000000e+00
           5915   2.592000e+07      1.0000000      0.0000000   3.996000e+30   0.000000e+00   3.996000e+30   0.000000e+00   0.000000e+00   0.000000e+00   0.000000e+00   0.000000e+00   0.000000e+00            inf   0.000000e+00  -3.135770e+38   0.000000e+00   0.000000e+00   7.853888e+12   7.793895e+12   7.479894e+12   6.472093e+24   5.993997e+34   0.000000e+00  -4.483446e+47   4.841073e+37   4.931790e+47   0.000000e+00   0.000000e+00   0.000000e+00   0.000000e+00   0.000000e+00   0.000000e+00   0.000000e+00   0.000000e+00   0.000000e+00   0.000000e+00   0.000000e+00   0.000000e+00   0.000000e+00
           5937   2.600640e+07      1.0000000      0.0000000   3.996000e+30   0.000000e+00   3.996000e+30   0.000000e+00   0.000000e+00   0.000000e+00   0.000000e+00   0.000000e+00   0.000000e+00            inf   0.000000e+00  -3.131865e+38   0.000000e+00   0.000000e+00   7.853888e+12   7.795191e+12   7.479894e+12   6.467836e+24   5.993996e+34   0.000000e+00  -4.483445e+47   4.837881e+37   4.931790e+47   0.000000e+00   0.000000e+00   0.000000e+00   0.000000e+00   0.000000e+00   0.000000e+00   0.000000e+00   0.000000e+00   0.000000e+00   0.000000e+00   0.000000e+00   0.000000e+00   0.000000e+00
           5960   2.609280e+07      1.0000000      0.0000000   3.996000e+30   0.000000e+00   3.996000e+30   0.000000e+00   0.000000e+00   0.000000e+00   0.000000e+00   0.000000e+00   0.000000e+00            inf   0.000000e+00  -3.127955e+38   0.000000e+00   0.000000e+00   7.853888e+12   7.796487e+12   7.479894e+12   6.463477e+24   5.993996e+34   0.000000e+00  -4.483445e+47   4.834614e+37   4.931790e+47   0.000000e+00   0.000000e+00   0.000000e+00   0.000000e+00   0.000000e+00   0.000000e+00   0.000000e+00   0.000000e+00   0.000000e+00   0.000000e+00   0.000000e+00   0.000000e+00   0.000000e+00
           5982   2.617920e+07      1.0000000      0.0000000   3.996000e+30   0.000000e+00   3.996000e+30   0.000000e+00   0.000000e+00   0.000000e+00   0.000000e+00   0.000000e+00   0.000000e+00            inf   0.000000e+00  -3.124040e+38   0.000000e+00   0.000000e+00   7.853888e+12   7.797783e+12   7.479894e+12   6.459036e+24   5.993997e+34   0.000000e+00  -4.483446e+47   4.831301e+37   4.931790e+47   0.000000e+00   0.000000e+00   0.000000e+00   0.000000e+00   0.000000e+00   0.000000e+00   0.000000e+00   0.000000e+00   0.000000e+00   0.000000e+00   0.000000e+00   0.000000e+00   0.000000e+00
           6004   2.626560e+07      1.0000000      0.0000000   3.996000e+30   0.000000e+00   3.996000e+30   0.000000e+00   0.000000e+00   0.000000e+00   0.000000e+00   0.000000e+00   0.000000e+00            inf   0.000000e+00  -3.121430e+38   0.000000e+00   0.000000e+00   7.853888e+12   7.799079e+12   7.479894e+12   6.454506e+24   5.993997e+34   0.000000e+00  -4.483446e+47   4.827907e+37   4.931791e+47   0.000000e+00   0.000000e+00   0.000000e+00   0.000000e+00   0.000000e+00   0.000000e+00   0.000000e+00   0.000000e+00   0.000000e+00   0.000000e+00   0.000000e+00   0.000000e+00   0.000000e+00
           6027   2.635200e+07      1.0000000      0.0000000   3.996000e+30   0.000000e+00   3.996000e+30   0.000000e+00   0.000000e+00   0.000000e+00   0.000000e+00   0.000000e+00   0.000000e+00            inf   0.000000e+00  -3.117508e+38   0.000000e+00   0.000000e+00   7.853888e+12   7.800375e+12   7.479894e+12   6.449893e+24   5.993996e+34   0.000000e+00  -4.483446e+47   4.824455e+37   4.931790e+47   0.000000e+00   0.000000e+00   0.000000e+00   0.000000e+00   0.000000e+00   0.000000e+00   0.000000e+00   0.000000e+00   0.000000e+00   0.000000e+00   0.000000e+00   0.000000e+00   0.000000e+00
           6049   2.643840e+07      1.0000000      0.0000000   3.996000e+30   0.000000e+00   3.996000e+30   0.000000e+00   0.000000e+00   0.000000e+00   0.000000e+00   0.000000e+00   0.000000e+00            inf   0.000000e+00  -3.113584e+38   0.000000e+00   0.000000e+00   7.853888e+12   7.801671e+12   7.479894e+12   6.445190e+24   5.993996e+34   0.000000e+00  -4.483445e+47   4.820924e+37   4.931790e+47   0.000000e+00   0.000000e+00   0.000000e+00   0.000000e+00   0.000000e+00   0.000000e+00   0.000000e+00   0.000000e+00   0.000000e+00   0.000000e+00   0.000000e+00   0.000000e+00   0.000000e+00
           6072   2.652480e+07      1.0000000      0.0000000   3.996000e+30   0.000000e+00   3.996000e+30   0.000000e+00   0.000000e+00   0.000000e+00   0.000000e+00   0.000000e+00   0.000000e+00            inf   0.000000e+00  -3.109658e+38   0.000000e+00   0.000000e+00   7.853888e+12   7.802967e+12   7.479894e+12   6.440352e+24   5.993996e+34   0.000000e+00  -4.483445e+47   4.817334e+37   4.931790e+47   0.000000e+00   0.000000e+00   0.000000e+00   0.000000e+00   0.000000e+00   0.000000e+00   0.000000e+00   0.000000e+00   0.000000e+00   0.000000e+00   0.000000e+00   0.000000e+00   0.000000e+00
           6094   2.661120e+07      1.0000000      0.0000000   3.996000e+30   0.000000e+00   3.996000e+30   0.000000e+00   0.000000e+00   0.000000e+00   0.000000e+00   0.000000e+00   0.000000e+00            inf   0.000000e+00  -3.105727e+38   0.000000e+00   0.000000e+00   7.853888e+12   7.804263e+12   7.479894e+12   6.435449e+24   5.993996e+34   0.000000e+00  -4.483445e+47   4.813644e+37   4.931790e+47   0.000000e+00   0.000000e+00   0.000000e+00   0.000000e+00   0.000000e+00   0.000000e+00   0.000000e+00   0.000000e+00   0.000000e+00   0.000000e+00   0.000000e+00   0.000000e+00   0.000000e+00
           6117   2.669760e+07      1.0000000      0.0000000   3.996000e+30   0.000000e+00   3.996000e+30   0.000000e+00   0.000000e+00   0.000000e+00   0.000000e+00   0.000000e+00   0.000000e+00            inf   0.000000e+00  -3.103102e+38   0.000000e+00   0.000000e+00   7.853888e+12   7.805559e+12   7.479894e+12   6.430434e+24   5.993996e+34   0.000000e+00  -4.483446e+47   4.809890e+37   4.931790e+47   0.000000e+00   0.000000e+00   0.000000e+00   0.000000e+00   0.000000e+00   0.000000e+00   0.000000e+00   0.000000e+00   0.000000e+00   0.000000e+00   0.000000e+00   0.000000e+00   0.000000e+00
           6139   2.678400e+07      1.0000000      0.0000000   3.996000e+30   0.000000e+00   3.996000e+30   0.000000e+00   0.000000e+00   0.000000e+00   0.000000e+00   0.000000e+00   0.000000e+00            inf   0.000000e+00  -3.099167e+38   0.000000e+00   0.000000e+00   7.853888e+12   7.806855e+12   7.479894e+12   6.425296e+24   5.993997e+34   0.000000e+00  -4.483446e+47   4.806057e+37   4.931791e+47   0.000000e+00   0.000000e+00   0.000000e+00   0.000000e+00   0.000000e+00   0.000000e+00   0.000000e+00   0.000000e+00   0.000000e+00   0.000000e+00   0.000000e+00   0.000000e+00   0.000000e+00
           6162   2.687040e+07      1.0000000      0.0000000   3.996000e+30   0.000000e+00   3.996000e+30   0.000000e+00   0.000000e+00   0.000000e+00   0.000000e+00   0.000000e+00   0.000000e+00            inf   0.000000e+00  -3.095224e+38   0.000000e+00   0.000000e+00   7.853888e+12   7.808151e+12   7.479894e+12   6.420077e+24   5.993998e+34   0.000000e+00  -4.483446e+47   4.802139e+37   4.931791e+47   0.000000e+00   0.000000e+00   0.000000e+00   0.000000e+00   0.000000e+00   0.000000e+00   0.000000e+00   0.000000e+00   0.000000e+00   0.000000e+00   0.000000e+00   0.000000e+00   0.000000e+00
           6184   2.695680e+07      1.0000000      0.0000000   3.996000e+30   0.000000e+00   3.996000e+30   0.000000e+00   0.000000e+00   0.000000e+00   0.000000e+00   0.000000e+00   0.000000e+00            inf   0.000000e+00  -3.091279e+38   0.000000e+00   0.000000e+00   7.853888e+12   7.809447e+12   7.479894e+12   6.414754e+24   5.993999e+34   0.000000e+00  -4.483447e+47   4.798155e+37   4.931792e+47   0.000000e+00   0.000000e+00   0.000000e+00   0.000000e+00   0.000000e+00   0.000000e+00   0.000000e+00   0.000000e+00   0.000000e+00   0.000000e+00   0.000000e+00   0.000000e+00   0.000000e+00
           6206   2.704320e+07      1.0000000      0.0000000   3.996000e+30   0.000000e+00   3.996000e+30   0.000000e+00   0.000000e+00   0.000000e+00   0.000000e+00   0.000000e+00   0.000000e+00            inf   0.000000e+00  -3.087333e+38   0.000000e+00   0.000000e+00   7.853888e+12   7.810743e+12   7.479894e+12   6.409316e+24   5.994000e+34   0.000000e+00  -4.483448e+47   4.794087e+37   4.931793e+47   0.000000e+00   0.000000e+00   0.000000e+00   0.000000e+00   0.000000e+00   0.000000e+00   0.000000e+00   0.000000e+00   0.000000e+00   0.000000e+00   0.000000e+00   0.000000e+00   0.000000e+00
           6229   2.712960e+07      1.0000000      0.0000000   3.996000e+30   0.000000e+00   3.996000e+30   0.000000e+00   0.000000e+00   0.000000e+00   0.000000e+00   0.000000e+00   0.000000e+00            inf   0.000000e+00  -3.084699e+38   0.000000e+00   0.000000e+00   7.853888e+12   7.812039e+12   7.479894e+12   6.403754e+24   5.994000e+34   0.000000e+00  -4.483448e+47   4.789945e+37   4.931793e+47   0.000000e+00   0.000000e+00   0.000000e+00   0.000000e+00   0.000000e+00   0.000000e+00   0.000000e+00   0.000000e+00   0.000000e+00   0.000000e+00   0.000000e+00   0.000000e+00   0.000000e+00
           6251   2.721600e+07      1.0000000      0.0000000   3.996000e+30   0.000000e+00   3.996000e+30   0.000000e+00   0.000000e+00   0.000000e+00   0.000000e+00   0.000000e+00   0.000000e+00            inf   0.000000e+00  -3.080749e+38   0.000000e+00   0.000000e+00   7.853888e+12   7.813335e+12   7.479894e+12   6.398121e+24   5.994001e+34   0.000000e+00  -4.483449e+47   4.785727e+37   4.931794e+47   0.000000e+00   0.000000e+00   0.000000e+00   0.000000e+00   0.000000e+00   0.000000e+00   0.000000e+00   0.000000e+00   0.000000e+00   0.000000e+00   0.000000e+00   0.000000e+00   0.000000e+00
           6274   2.730240e+07      1.0000000      0.0000000   3.996000e+30   0.000000e+00   3.996000e+30   0.000000e+00   0.000000e+00   0.000000e+00   0.000000e+00   0.000000e+00   0.000000e+00            inf   0.000000e+00  -3.076795e+38   0.000000e+00   0.000000e+00   7.853888e+12   7.814631e+12   7.479894e+12   6.392360e+24   5.994002e+34   0.000000e+00  -4.483449e+47   4.781429e+37   4.931794e+47   0.000000e+00   0.000000e+00   0.000000e+00   0.000000e+00   0.000000e+00   0.000000e+00   0.000000e+00   0.000000e+00   0.000000e+00   0.000000e+00   0.000000e+00   0.000000e+00   0.000000e+00
           6296   2.738880e+07      1.0000000      0.0000000   3.996000e+30   0.000000e+00   3.996000e+30   0.000000e+00   0.000000e+00   0.000000e+00   0.000000e+00   0.000000e+00   0.000000e+00            inf   0.000000e+00  -3.072839e+38   0.000000e+00   0.000000e+00   7.853888e+12   7.815927e+12   7.479894e+12   6.386526e+24   5.994002e+34   0.000000e+00  -4.483450e+47   4.777063e+37   4.931795e+47   0.000000e+00   0.000000e+00   0.000000e+00   0.000000e+00   0.000000e+00   0.000000e+00   0.000000e+00   0.000000e+00   0.000000e+00   0.000000e+00   0.000000e+00   0.000000e+00   0.000000e+00
           6319   2.747520e+07      1.0000000      0.0000000   3.996000e+30   0.000000e+00   3.996000e+30   0.000000e+00   0.000000e+00   0.000000e+00   0.000000e+00   0.000000e+00   0.000000e+00            inf   0.000000e+00  -3.068879e+38   0.000000e+00   0.000000e+00   7.853888e+12   7.817223e+12   7.479894e+12   6.380580e+24   5.994003e+34   0.000000e+00  -4.483450e+47   4.772627e+37   4.931795e+47   0.000000e+00   0.000000e+00   0.000000e+00   0.000000e+00   0.000000e+00   0.000000e+00   0.000000e+00   0.000000e+00   0.000000e+00   0.000000e+00   0.000000e+00   0.000000e+00   0.000000e+00
           6341   2.756160e+07      1.0000000      0.0000000   3.996000e+30   0.000000e+00   3.996000e+30   0.000000e+00   0.000000e+00   0.000000e+00   0.000000e+00   0.000000e+00   0.000000e+00            inf   0.000000e+00  -3.066235e+38   0.000000e+00   0.000000e+00   7.853888e+12   7.818519e+12   7.479894e+12   6.374561e+24   5.994003e+34   0.000000e+00  -4.483450e+47   4.768118e+37   4.931795e+47   0.000000e+00   0.000000e+00   0.000000e+00   0.000000e+00   0.000000e+00   0.000000e+00   0.000000e+00   0.000000e+00   0.000000e+00   0.000000e+00   0.000000e+00   0.000000e+00   0.000000e+00
           6364   2.764800e+07      1.0000000      0.0000000   3.996000e+30   0.000000e+00   3.996000e+30   0.000000e+00   0.000000e+00   0.000000e+00   0.000000e+00   0.000000e+00   0.000000e+00            inf   0.000000e+00  -3.062274e+38   0.000000e+00   0.000000e+00   7.853888e+12   7.819815e+12   7.479894e+12   6.368460e+24   5.994003e+34   0.000000e+00  -4.483450e+47   4.763535e+37   4.931795e+47   0.000000e+00   0.000000e+00   0.000000e+00   0.000000e+00   0.000000e+00   0.000000e+00   0.000000e+00   0.000000e+00   0.000000e+00   0.000000e+00   0.000000e+00   0.000000e+00   0.000000e+00
           6386   2.773440e+07      1.0000000      0.0000000   3.996000e+30   0.000000e+00   3.996000e+30   0.000000e+00   0.000000e+00   0.000000e+00   0.000000e+00   0.000000e+00   0.000000e+00            inf   0.000000e+00  -3.058308e+38   0.000000e+00   0.000000e+00   7.853888e+12   7.821111e+12   7.479894e+12   6.362285e+24   5.994002e+34   0.000000e+00  -4.483450e+47   4.758913e+37   4.931795e+47   0.000000e+00   0.000000e+00   0.000000e+00   0.000000e+00   0.000000e+00   0.000000e+00   0.000000e+00   0.000000e+00   0.000000e+00   0.000000e+00   0.000000e+00   0.000000e+00   0.000000e+00
           6408   2.782080e+07      1.0000000      0.0000000   3.996000e+30   0.000000e+00   3.996000e+30   0.000000e+00   0.000000e+00   0.000000e+00   0.000000e+00   0.000000e+00   0.000000e+00            inf   0.000000e+00  -3.054343e+38   0.000000e+00   0.000000e+00   7.853888e+12   7.822407e+12   7.479894e+12   6.356026e+24   5.994002e+34   0.000000e+00  -4.483449e+47   4.754220e+37   4.931794e+47   0.000000e+00   0.000000e+00   0.000000e+00   0.000000e+00   0.000000e+00   0.000000e+00   0.000000e+00   0.000000e+00   0.000000e+00   0.000000e+00   0.000000e+00   0.000000e+00   0.000000e+00
           6431   2.790720e+07      1.0000000      0.0000000   3.996000e+30   0.000000e+00   3.996000e+30   0.000000e+00   0.000000e+00   0.000000e+00   0.000000e+00   0.000000e+00   0.000000e+00            inf   0.000000e+00  -3.050374e+38   0.000000e+00   0.000000e+00   7.853888e+12   7.823703e+12   7.479894e+12   6.349664e+24   5.994002e+34   0.000000e+00  -4.483450e+47   4.749492e+37   4.931795e+47   0.000000e+00   0.000000e+00   0.000000e+00   0.000000e+00   0.000000e+00   0.000000e+00   0.000000e+00   0.000000e+00   0.000000e+00   0.000000e+00   0.000000e+00   0.000000e+00   0.000000e+00
           6453   2.799360e+07      1.0000000      0.0000000   3.996000e+30   0.000000e+00   3.996000e+30   0.000000e+00   0.000000e+00   0.000000e+00   0.000000e+00   0.000000e+00   0.000000e+00            inf   0.000000e+00  -3.047725e+38   0.000000e+00   0.000000e+00   7.853888e+12   7.824999e+12   7.479894e+12   6.343263e+24   5.994002e+34   0.000000e+00  -4.483450e+47   4.744699e+37   4.931795e+47   0.000000e+00   0.000000e+00   0.000000e+00   0.000000e+00   0.000000e+00   0.000000e+00   0.000000e+00   0.000000e+00   0.000000e+00   0.000000e+00   0.000000e+00   0.000000e+00   0.000000e+00
           6476   2.808000e+07      1.0000000      0.0000000   3.996000e+30   0.000000e+00   3.996000e+30   0.000000e+00   0.000000e+00   0.000000e+00   0.000000e+00   0.000000e+00   0.000000e+00            inf   0.000000e+00  -3.043754e+38   0.000000e+00   0.000000e+00   7.853888e+12   7.826295e+12   7.479894e+12   6.336828e+24   5.994002e+34   0.000000e+00  -4.483450e+47   4.739879e+37   4.931795e+47   0.000000e+00   0.000000e+00   0.000000e+00   0.000000e+00   0.000000e+00   0.000000e+00   0.000000e+00   0.000000e+00   0.000000e+00   0.000000e+00   0.000000e+00   0.000000e+00   0.000000e+00
           6498   2.816640e+07      1.0000000      0.0000000   3.996000e+30   0.000000e+00   3.996000e+30   0.000000e+00   0.000000e+00   0.000000e+00   0.000000e+00   0.000000e+00   0.000000e+00            inf   0.000000e+00  -3.039781e+38   0.000000e+00   0.000000e+00   7.853888e+12   7.827591e+12   7.479894e+12   6.330337e+24   5.994002e+34   0.000000e+00  -4.483450e+47   4.735028e+37   4.931795e+47   0.000000e+00   0.000000e+00   0.000000e+00   0.000000e+00   0.000000e+00   0.000000e+00   0.000000e+00   0.000000e+00   0.000000e+00   0.000000e+00   0.000000e+00   0.000000e+00   0.000000e+00
           6521   2.825280e+07      1.0000000      0.0000000   3.996000e+30   0.000000e+00   3.996000e+30   0.000000e+00   0.000000e+00   0.000000e+00   0.000000e+00   0.000000e+00   0.000000e+00            inf   0.000000e+00  -3.035807e+38   0.000000e+00   0.000000e+00   7.853888e+12   7.828887e+12   7.479894e+12   6.323827e+24   5.994003e+34   0.000000e+00  -4.483450e+47   4.730154e+37   4.931795e+47   0.000000e+00   0.000000e+00   0.000000e+00   0.000000e+00   0.000000e+00   0.000000e+00   0.000000e+00   0.000000e+00   0.000000e+00   0.000000e+00   0.000000e+00   0.000000e+00   0.000000e+00
           6543   2.833920e+07      1.0000000      0.0000000   3.996000e+30   0.000000e+00   3.996000e+30   0.000000e+00   0.000000e+00   0.000000e+00   0.000000e+00   0.000000e+00   0.000000e+00            inf   0.000000e+00  -3.031829e+38   0.000000e+00   0.000000e+00   7.853888e+12   7.830183e+12   7.479894e+12   6.317293e+24   5.994002e+34   0.000000e+00  -4.483450e+47   4.725268e+37   4.931795e+47   0.000000e+00   0.000000e+00   0.000000e+00   0.000000e+00   0.000000e+00   0.000000e+00   0.000000e+00   0.000000e+00   0.000000e+00   0.000000e+00   0.000000e+00   0.000000e+00   0.000000e+00
           6566   2.842560e+07      1.0000000      0.0000000   3.996000e+30   0.000000e+00   3.996000e+30   0.000000e+00   0.000000e+00   0.000000e+00   0.000000e+00   0.000000e+00   0.000000e+00            inf   0.000000e+00  -3.027851e+38   0.000000e+00   0.000000e+00   7.853888e+12   7.831479e+12   7.479894e+12   6.310744e+24   5.994002e+34   0.000000e+00  -4.483450e+47   4.720357e+37   4.931795e+47   0.000000e+00   0.000000e+00   0.000000e+00   0.000000e+00   0.000000e+00   0.000000e+00   0.000000e+00   0.000000e+00   0.000000e+00   0.000000e+00   0.000000e+00   0.000000e+00   0.000000e+00
           6588   2.851200e+07      1.0000000      0.0000000   3.996000e+30   0.000000e+00   3.996000e+30   0.000000e+00   0.000000e+00   0.000000e+00   0.000000e+00   0.000000e+00   0.000000e+00            inf   0.000000e+00  -3.025199e+38   0.000000e+00   0.000000e+00   7.853888e+12   7.832775e+12   7.479894e+12   6.304168e+24   5.994003e+34   0.000000e+00  -4.483450e+47   4.715451e+37   4.931795e+47   0.000000e+00   0.000000e+00   0.000000e+00   0.000000e+00   0.000000e+00   0.000000e+00   0.000000e+00   0.000000e+00   0.000000e+00   0.000000e+00   0.000000e+00   0.000000e+00   0.000000e+00
           6610   2.859840e+07      1.0000000      0.0000000   3.996000e+30   0.000000e+00   3.996000e+30   0.000000e+00   0.000000e+00   0.000000e+00   0.000000e+00   0.000000e+00   0.000000e+00            inf   0.000000e+00  -3.021218e+38   0.000000e+00   0.000000e+00   7.853888e+12   7.834071e+12   7.479894e+12   6.297582e+24   5.994002e+34   0.000000e+00  -4.483450e+47   4.710525e+37   4.931795e+47   0.000000e+00   0.000000e+00   0.000000e+00   0.000000e+00   0.000000e+00   0.000000e+00   0.000000e+00   0.000000e+00   0.000000e+00   0.000000e+00   0.000000e+00   0.000000e+00   0.000000e+00
           6633   2.868480e+07      1.0000000      0.0000000   3.996000e+30   0.000000e+00   3.996000e+30   0.000000e+00   0.000000e+00   0.000000e+00   0.000000e+00   0.000000e+00   0.000000e+00            inf   0.000000e+00  -3.017239e+38   0.000000e+00   0.000000e+00   7.853888e+12   7.835367e+12   7.479894e+12   6.291008e+24   5.994003e+34   0.000000e+00  -4.483450e+47   4.705606e+37   4.931795e+47   0.000000e+00   0.000000e+00   0.000000e+00   0.000000e+00   0.000000e+00   0.000000e+00   0.000000e+00   0.000000e+00   0.000000e+00   0.000000e+00   0.000000e+00   0.000000e+00   0.000000e+00
           6655   2.877120e+07      1.0000000      0.0000000   3.996000e+30   0.000000e+00   3.996000e+30   0.000000e+00   0.000000e+00   0.000000e+00   0.000000e+00   0.000000e+00   0.000000e+00            inf   0.000000e+00  -3.013258e+38   0.000000e+00   0.000000e+00   7.853888e+12   7.836663e+12   7.479894e+12   6.284419e+24   5.994003e+34   0.000000e+00  -4.483450e+47   4.700671e+37   4.931795e+47   0.000000e+00   0.000000e+00   0.000000e+00   0.000000e+00   0.000000e+00   0.000000e+00   0.000000e+00   0.000000e+00   0.000000e+00   0.000000e+00   0.000000e+00   0.000000e+00   0.000000e+00
           6678   2.885760e+07      1.0000000      0.0000000   3.996000e+30   0.000000e+00   3.996000e+30   0.000000e+00   0.000000e+00   0.000000e+00   0.000000e+00   0.000000e+00   0.000000e+00            inf   0.000000e+00  -3.009275e+38   0.000000e+00   0.000000e+00   7.853888e+12   7.837959e+12   7.479894e+12   6.277792e+24   5.994002e+34   0.000000e+00  -4.483450e+47   4.695725e+37   4.931795e+47   0.000000e+00   0.000000e+00   0.000000e+00   0.000000e+00   0.000000e+00   0.000000e+00   0.000000e+00   0.000000e+00   0.000000e+00   0.000000e+00   0.000000e+00   0.000000e+00   0.000000e+00
           6700   2.894400e+07      1.0000000      0.0000000   3.996000e+30   0.000000e+00   3.996000e+30   0.000000e+00   0.000000e+00   0.000000e+00   0.000000e+00   0.000000e+00   0.000000e+00            inf   0.000000e+00  -3.006620e+38   0.000000e+00   0.000000e+00   7.853888e+12   7.839255e+12   7.479894e+12   6.271162e+24   5.994003e+34   0.000000e+00  -4.483450e+47   4.690763e+37   4.931795e+47   0.000000e+00   0.000000e+00   0.000000e+00   0.000000e+00   0.000000e+00   0.000000e+00   0.000000e+00   0.000000e+00   0.000000e+00   0.000000e+00   0.000000e+00   0.000000e+00   0.000000e+00
           6723   2.903040e+07      1.0000000      0.0000000   3.996000e+30   0.000000e+00   3.996000e+30   0.000000e+00   0.000000e+00   0.000000e+00   0.000000e+00   0.000000e+00   0.000000e+00            inf   0.000000e+00  -3.002636e+38   0.000000e+00   0.000000e+00   7.853888e+12   7.840551e+12   7.479894e+12   6.264498e+24   5.994002e+34   0.000000e+00  -4.483450e+47   4.685781e+37   4.931795e+47   0.000000e+00   0.000000e+00   0.000000e+00   0.000000e+00   0.000000e+00   0.000000e+00   0.000000e+00   0.000000e+00   0.000000e+00   0.000000e+00   0.000000e+00   0.000000e+00   0.000000e+00
           6745   2.911680e+07      1.0000000      0.0000000   3.996000e+30   0.000000e+00   3.996000e+30   0.000000e+00   0.000000e+00   0.000000e+00   0.000000e+00   0.000000e+00   0.000000e+00            inf   0.000000e+00  -2.998654e+38   0.000000e+00   0.000000e+00   7.853888e+12   7.841847e+12   7.479894e+12   6.257825e+24   5.994002e+34   0.000000e+00  -4.483450e+47   4.680783e+37   4.931795e+47   0.000000e+00   0.000000e+00   0.000000e+00   0.000000e+00   0.000000e+00   0.000000e+00   0.000000e+00   0.000000e+00   0.000000e+00   0.000000e+00   0.000000e+00   0.000000e+00   0.000000e+00
           6768   2.920320e+07      1.0000000      0.0000000   3.996000e+30   0.000000e+00   3.996000e+30   0.000000e+00   0.000000e+00   0.000000e+00   0.000000e+00   0.000000e+00   0.000000e+00            inf   0.000000e+00  -2.994670e+38   0.000000e+00   0.000000e+00   7.853888e+12   7.843143e+12   7.479894e+12   6.251087e+24   5.994002e+34   0.000000e+00  -4.483450e+47   4.675741e+37   4.931795e+47   0.000000e+00   0.000000e+00   0.000000e+00   0.000000e+00   0.000000e+00   0.000000e+00   0.000000e+00   0.000000e+00   0.000000e+00   0.000000e+00   0.000000e+00   0.000000e+00   0.000000e+00
           6790   2.928960e+07      1.0000000      0.0000000   3.996000e+30   0.000000e+00   3.996000e+30   0.000000e+00   0.000000e+00   0.000000e+00   0.000000e+00   0.000000e+00   0.000000e+00            inf   0.000000e+00  -2.990685e+38   0.000000e+00   0.000000e+00   7.853888e+12   7.844439e+12   7.479894e+12   6.244293e+24   5.994003e+34   0.000000e+00  -4.483450e+47   4.670669e+37   4.931795e+47   0.000000e+00   0.000000e+00   0.000000e+00   0.000000e+00   0.000000e+00   0.000000e+00   0.000000e+00   0.000000e+00   0.000000e+00   0.000000e+00   0.000000e+00   0.000000e+00   0.000000e+00
           6812   2.937600e+07      1.0000000      0.0000000   3.996000e+30   0.000000e+00   3.996000e+30   0.000000e+00   0.000000e+00   0.000000e+00   0.000000e+00   0.000000e+00   0.000000e+00            inf   0.000000e+00  -2.988030e+38   0.000000e+00   0.000000e+00   7.853888e+12   7.845735e+12   7.479894e+12   6.237458e+24   5.994002e+34   0.000000e+00  -4.483450e+47   4.665545e+37   4.931795e+47   0.000000e+00   0.000000e+00   0.000000e+00   0.000000e+00   0.000000e+00   0.000000e+00   0.000000e+00   0.000000e+00   0.000000e+00   0.000000e+00   0.000000e+00   0.000000e+00   0.000000e+00
           6835   2.946240e+07      1.0000000      0.0000000   3.996000e+30   0.000000e+00   3.996000e+30   0.000000e+00   0.000000e+00   0.000000e+00   0.000000e+00   0.000000e+00   0.000000e+00            inf   0.000000e+00  -2.984046e+38   0.000000e+00   0.000000e+00   7.853888e+12   7.847031e+12   7.479894e+12   6.230531e+24   5.994002e+34   0.000000e+00  -4.483450e+47   4.660375e+37   4.931795e+47   0.000000e+00   0.000000e+00   0.000000e+00   0.000000e+00   0.000000e+00   0.000000e+00   0.000000e+00   0.000000e+00   0.000000e+00   0.000000e+00   0.000000e+00   0.000000e+00   0.000000e+00
           6857   2.954880e+07      1.0000000      0.0000000   3.996000e+30   0.000000e+00   3.996000e+30   0.000000e+00   0.000000e+00   0.000000e+00   0.000000e+00   0.000000e+00   0.000000e+00            inf   0.000000e+00  -2.980060e+38   0.000000e+00   0.000000e+00   7.853888e+12   7.848327e+12   7.479894e+12   6.223564e+24   5.994003e+34   0.000000e+00  -4.483451e+47   4.655160e+37   4.931796e+47   0.000000e+00   0.000000e+00   0.000000e+00   0.000000e+00   0.000000e+00   0.000000e+00   0.000000e+00   0.000000e+00   0.000000e+00   0.000000e+00   0.000000e+00   0.000000e+00   0.000000e+00
           6880   2.963520e+07      1.0000000      0.0000000   3.996000e+30   0.000000e+00   3.996000e+30   0.000000e+00   0.000000e+00   0.000000e+00   0.000000e+00   0.000000e+00   0.000000e+00            inf   0.000000e+00  -2.976076e+38   0.000000e+00   0.000000e+00   7.853888e+12   7.849623e+12   7.479894e+12   6.216521e+24   5.994003e+34   0.000000e+00  -4.483450e+47   4.649882e+37   4.931795e+47   0.000000e+00   0.000000e+00   0.000000e+00   0.000000e+00   0.000000e+00   0.000000e+00   0.000000e+00   0.000000e+00   0.000000e+00   0.000000e+00   0.000000e+00   0.000000e+00   0.000000e+00
           6902   2.972160e+07      1.0000000      0.0000000   3.996000e+30   0.000000e+00   3.996000e+30   0.000000e+00   0.000000e+00   0.000000e+00   0.000000e+00   0.000000e+00   0.000000e+00            inf   0.000000e+00  -2.972092e+38   0.000000e+00   0.000000e+00   7.853888e+12   7.850919e+12   7.479894e+12   6.209420e+24   5.994003e+34   0.000000e+00  -4.483451e+47   4.644561e+37   4.931796e+47   0.000000e+00   0.000000e+00   0.000000e+00   0.000000e+00   0.000000e+00   0.000000e+00   0.000000e+00   0.000000e+00   0.000000e+00   0.000000e+00   0.000000e+00   0.000000e+00   0.000000e+00
           6925   2.980800e+07      1.0000000      0.0000000   3.996000e+30   0.000000e+00   3.996000e+30   0.000000e+00   0.000000e+00   0.000000e+00   0.000000e+00   0.000000e+00   0.000000e+00            inf   0.000000e+00  -2.969436e+38   0.000000e+00   0.000000e+00   7.853888e+12   7.852215e+12   7.479894e+12   6.202166e+24   5.994002e+34   0.000000e+00  -4.483450e+47   4.639163e+37   4.931795e+47   0.000000e+00   0.000000e+00   0.000000e+00   0.000000e+00   0.000000e+00   0.000000e+00   0.000000e+00   0.000000e+00   0.000000e+00   0.000000e+00   0.000000e+00   0.000000e+00   0.000000e+00
           6947   2.989440e+07      1.0000000      0.0000000   3.996000e+30   0.000000e+00   3.996000e+30   0.000000e+00   0.000000e+00   0.000000e+00   0.000000e+00   0.000000e+00   0.000000e+00            inf   0.000000e+00  -2.965452e+38   0.000000e+00   0.000000e+00   7.853888e+12   7.853511e+12   7.479894e+12   6.194952e+24   5.994002e+34   0.000000e+00  -4.483450e+47   4.633743e+37   4.931795e+47   0.000000e+00   0.000000e+00   0.000000e+00   0.000000e+00   0.000000e+00   0.000000e+00   0.000000e+00   0.000000e+00   0.000000e+00   0.000000e+00   0.000000e+00   0.000000e+00   0.000000e+00
           6970   2.998080e+07      1.0000000      0.0000000   3.996000e+30   0.000000e+00   3.996000e+30   0.000000e+00   0.000000e+00   0.000000e+00   0.000000e+00   0.000000e+00   0.000000e+00            inf   0.000000e+00  -2.961470e+38   0.000000e+00   0.000000e+00   7.853888e+12   7.854807e+12   7.479894e+12   6.187604e+24   5.994002e+34   0.000000e+00  -4.483450e+47   4.628267e+37   4.931795e+47   0.000000e+00   0.000000e+00   0.000000e+00   0.000000e+00   0.000000e+00   0.000000e+00   0.000000e+00   0.000000e+00   0.000000e+00   0.000000e+00   0.000000e+00   0.000000e+00   0.000000e+00
           6992   3.006720e+07      1.0000000      0.0000000   3.996000e+30   0.000000e+00   3.996000e+30   0.000000e+00   0.000000e+00   0.000000e+00   0.000000e+00   0.000000e+00   0.000000e+00            inf   0.000000e+00  -2.957488e+38   0.000000e+00   0.000000e+00   7.853888e+12   7.856103e+12   7.479894e+12   6.180212e+24   5.994002e+34   0.000000e+00  -4.483450e+47   4.622762e+37   4.931795e+47   0.000000e+00   0.000000e+00   0.000000e+00   0.000000e+00   0.000000e+00   0.000000e+00   0.000000e+00   0.000000e+00   0.000000e+00   0.000000e+00   0.000000e+00   0.000000e+00   0.000000e+00
           7014   3.015360e+07      1.0000000      0.0000000   3.996000e+30   0.000000e+00   3.996000e+30   0.000000e+00   0.000000e+00   0.000000e+00   0.000000e+00   0.000000e+00   0.000000e+00            inf   0.000000e+00  -2.953506e+38   0.000000e+00   0.000000e+00   7.853888e+12   7.857399e+12   7.479894e+12   6.172841e+24   5.994002e+34   0.000000e+00  -4.483450e+47   4.617205e+37   4.931795e+47   0.000000e+00   0.000000e+00   0.000000e+00   0.000000e+00   0.000000e+00   0.000000e+00   0.000000e+00   0.000000e+00   0.000000e+00   0.000000e+00   0.000000e+00   0.000000e+00   0.000000e+00
           7037   3.024000e+07      1.0000000      0.0000000   3.996000e+30   0.000000e+00   3.996000e+30   0.000000e+00   0.000000e+00   0.000000e+00   0.000000e+00   0.000000e+00   0.000000e+00            inf   0.000000e+00  -2.950851e+38   0.000000e+00   0.000000e+00   7.853888e+12   7.858695e+12   7.479894e+12   6.165376e+24   5.994003e+34   0.000000e+00  -4.483450e+47   4.611637e+37   4.931795e+47   0.000000e+00   0.000000e+00   0.000000e+00   0.000000e+00   0.000000e+00   0.000000e+00   0.000000e+00   0.000000e+00   0.000000e+00   0.000000e+00   0.000000e+00   0.000000e+00   0.000000e+00
           7059   3.032640e+07      1.0000000      0.0000000   3.996000e+30   0.000000e+00   3.996000e+30   0.000000e+00   0.000000e+00   0.000000e+00   0.000000e+00   0.000000e+00   0.000000e+00            inf   0.000000e+00  -2.946871e+38   0.000000e+00   0.000000e+00   7.853888e+12   7.859991e+12   7.479894e+12   6.157932e+24   5.994002e+34   0.000000e+00  -4.483450e+47   4.606056e+37   4.931795e+47   0.000000e+00   0.000000e+00   0.000000e+00   0.000000e+00   0.000000e+00   0.000000e+00   0.000000e+00   0.000000e+00   0.000000e+00   0.000000e+00   0.000000e+00   0.000000e+00   0.000000e+00
           7082   3.041280e+07      1.0000000      0.0000000   3.996000e+30   0.000000e+00   3.996000e+30   0.000000e+00   0.000000e+00   0.000000e+00   0.000000e+00   0.000000e+00   0.000000e+00            inf   0.000000e+00  -2.942890e+38   0.000000e+00   0.000000e+00   7.853888e+12   7.861287e+12   7.479894e+12   6.150474e+24   5.994002e+34   0.000000e+00  -4.483450e+47   4.600480e+37   4.931795e+47   0.000000e+00   0.000000e+00   0.000000e+00   0.000000e+00   0.000000e+00   0.000000e+00   0.000000e+00   0.000000e+00   0.000000e+00   0.000000e+00   0.000000e+00   0.000000e+00   0.000000e+00
           7104   3.049920e+07      1.0000000      0.0000000   3.996000e+30   0.000000e+00   3.996000e+30   0.000000e+00   0.000000e+00   0.000000e+00   0.000000e+00   0.000000e+00   0.000000e+00            inf   0.000000e+00  -2.938912e+38   0.000000e+00   0.000000e+00   7.853888e+12   7.862583e+12   7.479894e+12   6.143034e+24   5.994002e+34   0.000000e+00  -4.483450e+47   4.594921e+37   4.931795e+47   0.000000e+00   0.000000e+00   0.000000e+00   0.000000e+00   0.000000e+00   0.000000e+00   0.000000e+00   0.000000e+00   0.000000e+00   0.000000e+00   0.000000e+00   0.000000e+00   0.000000e+00
           7127   3.058560e+07      1.0000000      0.0000000   3.996000e+30   0.000000e+00   3.996000e+30   0.000000e+00   0.000000e+00   0.000000e+00   0.000000e+00   0.000000e+00   0.000000e+00            inf   0.000000e+00  -2.934934e+38   0.000000e+00   0.000000e+00   7.853888e+12   7.863879e+12   7.479894e+12   6.135635e+24   5.994002e+34   0.000000e+00  -4.483450e+47   4.589385e+37   4.931795e+47   0.000000e+00   0.000000e+00   0.000000e+00   0.000000e+00   0.000000e+00   0.000000e+00   0.000000e+00   0.000000e+00   0.000000e+00   0.000000e+00   0.000000e+00   0.000000e+00   0.000000e+00
           7149   3.067200e+07      1.0000000      0.0000000   3.996000e+30   0.000000e+00   3.996000e+30   0.000000e+00   0.000000e+00   0.000000e+00   0.000000e+00   0.000000e+00   0.000000e+00            inf   0.000000e+00  -2.932282e+38   0.000000e+00   0.000000e+00   7.853888e+12   7.865175e+12   7.479894e+12   6.128322e+24   5.994002e+34   0.000000e+00  -4.483450e+47   4.583909e+37   4.931795e+47   0.000000e+00   0.000000e+00   0.000000e+00   0.000000e+00   0.000000e+00   0.000000e+00   0.000000e+00   0.000000e+00   0.000000e+00   0.000000e+00   0.000000e+00   0.000000e+00   0.000000e+00
           7172   3.075840e+07      1.0000000      0.0000000   3.996000e+30   0.000000e+00   3.996000e+30   0.000000e+00   0.000000e+00   0.000000e+00   0.000000e+00   0.000000e+00   0.000000e+00            inf   0.000000e+00  -2.928307e+38   0.000000e+00   0.000000e+00   7.853888e+12   7.866471e+12   7.479894e+12   6.121069e+24   5.994002e+34   0.000000e+00  -4.483450e+47   4.578484e+37   4.931795e+47   0.000000e+00   0.000000e+00   0.000000e+00   0.000000e+00   0.000000e+00   0.000000e+00   0.000000e+00   0.000000e+00   0.000000e+00   0.000000e+00   0.000000e+00   0.000000e+00   0.000000e+00
           7194   3.084480e+07      1.0000000      0.0000000   3.996000e+30   0.000000e+00   3.996000e+30   0.000000e+00   0.000000e+00   0.000000e+00   0.000000e+00   0.000000e+00   0.000000e+00            inf   0.000000e+00  -2.924333e+38   0.000000e+00   0.000000e+00   7.853888e+12   7.867767e+12   7.479894e+12   6.113900e+24   5.994002e+34   0.000000e+00  -4.483450e+47   4.573132e+37   4.931795e+47   0.000000e+00   0.000000e+00   0.000000e+00   0.000000e+00   0.000000e+00   0.000000e+00   0.000000e+00   0.000000e+00   0.000000e+00   0.000000e+00   0.000000e+00   0.000000e+00   0.000000e+00
           7216   3.093120e+07      1.0000000      0.0000000   3.996000e+30   0.000000e+00   3.996000e+30   0.000000e+00   0.000000e+00   0.000000e+00   0.000000e+00   0.000000e+00   0.000000e+00            inf   0.000000e+00  -2.920359e+38   0.000000e+00   0.000000e+00   7.853888e+12   7.869063e+12   7.479894e+12   6.106864e+24   5.994002e+34   0.000000e+00  -4.483449e+47   4.567877e+37   4.931794e+47   0.000000e+00   0.000000e+00   0.000000e+00   0.000000e+00   0.000000e+00   0.000000e+00   0.000000e+00   0.000000e+00   0.000000e+00   0.000000e+00   0.000000e+00   0.000000e+00   0.000000e+00
           7239   3.101760e+07      1.0000000      0.0000000   3.996000e+30   0.000000e+00   3.996000e+30   0.000000e+00   0.000000e+00   0.000000e+00   0.000000e+00   0.000000e+00   0.000000e+00            inf   0.000000e+00  -2.916389e+38   0.000000e+00   0.000000e+00   7.853888e+12   7.870359e+12   7.479894e+12   6.099987e+24   5.994001e+34   0.000000e+00  -4.483449e+47   4.562731e+37   4.931794e+47   0.000000e+00   0.000000e+00   0.000000e+00   0.000000e+00   0.000000e+00   0.000000e+00   0.000000e+00   0.000000e+00   0.000000e+00   0.000000e+00   0.000000e+00   0.000000e+00   0.000000e+00
           7261   3.110400e+07      1.0000000      0.0000000   3.996000e+30   0.000000e+00   3.996000e+30   0.000000e+00   0.000000e+00   0.000000e+00   0.000000e+00   0.000000e+00   0.000000e+00            inf   0.000000e+00  -2.913740e+38   0.000000e+00   0.000000e+00   7.853888e+12   7.871655e+12   7.479894e+12   6.093259e+24   5.994002e+34   0.000000e+00  -4.483449e+47   4.557714e+37   4.931795e+47   0.000000e+00   0.000000e+00   0.000000e+00   0.000000e+00   0.000000e+00   0.000000e+00   0.000000e+00   0.000000e+00   0.000000e+00   0.000000e+00   0.000000e+00   0.000000e+00   0.000000e+00
           7284   3.119040e+07      1.0000000      0.0000000   3.996000e+30   0.000000e+00   3.996000e+30   0.000000e+00   0.000000e+00   0.000000e+00   0.000000e+00   0.000000e+00   0.000000e+00            inf   0.000000e+00  -2.909771e+38   0.000000e+00   0.000000e+00   7.853888e+12   7.872951e+12   7.479894e+12   6.086743e+24   5.994001e+34   0.000000e+00  -4.483449e+47   4.552824e+37   4.931794e+47   0.000000e+00   0.000000e+00   0.000000e+00   0.000000e+00   0.000000e+00   0.000000e+00   0.000000e+00   0.000000e+00   0.000000e+00   0.000000e+00   0.000000e+00   0.000000e+00   0.000000e+00
           7306   3.127680e+07      1.0000000      0.0000000   3.996000e+30   0.000000e+00   3.996000e+30   0.000000e+00   0.000000e+00   0.000000e+00   0.000000e+00   0.000000e+00   0.000000e+00            inf   0.000000e+00  -2.905804e+38   0.000000e+00   0.000000e+00   7.853888e+12   7.874247e+12   7.479894e+12   6.080418e+24   5.994002e+34   0.000000e+00  -4.483449e+47   4.548082e+37   4.931795e+47   0.000000e+00   0.000000e+00   0.000000e+00   0.000000e+00   0.000000e+00   0.000000e+00   0.000000e+00   0.000000e+00   0.000000e+00   0.000000e+00   0.000000e+00   0.000000e+00   0.000000e+00
           7329   3.136320e+07      1.0000000      0.0000000   3.996000e+30   0.000000e+00   3.996000e+30   0.000000e+00   0.000000e+00   0.000000e+00   0.000000e+00   0.000000e+00   0.000000e+00            inf   0.000000e+00  -2.901838e+38   0.000000e+00   0.000000e+00   7.853888e+12   7.875543e+12   7.479894e+12   6.074288e+24   5.994002e+34   0.000000e+00  -4.483450e+47   4.543504e+37   4.931795e+47   0.000000e+00   0.000000e+00   0.000000e+00   0.000000e+00   0.000000e+00   0.000000e+00   0.000000e+00   0.000000e+00   0.000000e+00   0.000000e+00   0.000000e+00   0.000000e+00   0.000000e+00
           7351   3.144960e+07      1.0000000      0.0000000   3.996000e+30   0.000000e+00   3.996000e+30   0.000000e+00   0.000000e+00   0.000000e+00   0.000000e+00   0.000000e+00   0.000000e+00            inf   0.000000e+00  -2.897874e+38   0.000000e+00   0.000000e+00   7.853888e+12   7.876839e+12   7.479894e+12   6.068391e+24   5.994002e+34   0.000000e+00  -4.483450e+47   4.539081e+37   4.931795e+47   0.000000e+00   0.000000e+00   0.000000e+00   0.000000e+00   0.000000e+00   0.000000e+00   0.000000e+00   0.000000e+00   0.000000e+00   0.000000e+00   0.000000e+00   0.000000e+00   0.000000e+00
           7375   3.153600e+07      1.0000000      0.0000000   3.996000e+30   0.000000e+00   3.996000e+30   0.000000e+00   0.000000e+00   0.000000e+00   0.000000e+00   0.000000e+00   0.000000e+00            inf   0.000000e+00  -2.893911e+38   0.000000e+00   0.000000e+00   7.853888e+12   7.878135e+12   7.479894e+12   6.063529e+24   5.994003e+34   0.000000e+00  -4.483450e+47   4.535466e+37   4.931795e+47   0.000000e+00   0.000000e+00   0.000000e+00   0.000000e+00   0.000000e+00   0.000000e+00   0.000000e+00   0.000000e+00   0.000000e+00   0.000000e+00   0.000000e+00   0.000000e+00   0.000000e+00
